id_envio,fecha_envio,cliente_tipo,origen,destino,volumen_m3,ingreso,costo_1milla,costo_troncal,costo_ultimamilla,costo_total,margen_neto,margen_pct
PYM-10005,2025-11-16,Pyme,Santiago,Rancagua,0.032,3900,1980,761,1044,3785,115,2.9487179487179485
PYM-12015,2025-11-10,Pyme,Lampa,Rancagua,0.04,3900,1872,761,971,3604,296,7.58974358974359
PYM-12599,2025-07-05,Pyme,Lampa,Rancagua,0.037,3900,2002,761,989,3752,148,3.7948717948717952
PYM-11323,2025-12-15,Pyme,Lampa,Rancagua,0.03,3900,2150,762,1006,3918,-18,-0.46153846153846156
PYM-11769,2025-05-13,Pyme,Quilicura,Rancagua,0.048,3900,1962,762,1046,3770,130,3.3333333333333335
PYM-10056,2025-04-15,Pyme,Lampa,Rancagua,0.036,3900,2174,763,991,3928,-28,-0.717948717948718
PYM-10264,2025-12-09,Pyme,San Bernardo,Rancagua,0.038,3900,1977,763,953,3693,207,5.3076923076923075
PYM-10555,2025-10-29,Pyme,Santiago,Rancagua,0.01,3900,1942,763,971,3676,224,5.7435897435897436
PYM-12137,2025-08-12,Pyme,Pudahuel,Rancagua,0.035,3900,1962,763,1033,3758,142,3.6410256410256405
PYM-10192,2025-12-26,Pyme,Quilicura,Rancagua,0.045,3900,2174,764,1004,3942,-42,-1.0769230769230769
PYM-10690,2025-12-20,Pyme,San Bernardo,Rancagua,0.005,3900,1888,764,975,3627,273,7.0000000000000009
PYM-10910,2025-03-10,Pyme,Providencia,Rancagua,0.025,3900,2194,764,964,3922,-22,-0.5641025641025641
PYM-11006,2025-01-30,Pyme,Lampa,Rancagua,0.041,3900,2003,764,1003,3770,130,3.3333333333333335
PYM-12382,2025-03-31,Pyme,Pudahuel,Rancagua,0.034,3900,2163,764,970,3897,3,0.076923076923076927
PYM-12288,2025-09-12,Pyme,San Bernardo,Rancagua,0.044,3900,1893,765,1008,3666,234,6
PYM-13123,2025-01-19,Pyme,Pudahuel,Rancagua,0.013,3900,1813,765,957,3535,365,9.35897435897436
PYM-12301,2025-03-30,Pyme,San Bernardo,Rancagua,0.018,3900,1982,766,951,3699,201,5.1538461538461542
PYM-12363,2025-01-31,Pyme,Pudahuel,Rancagua,0.049,3900,1877,766,1029,3672,228,5.8461538461538458
PYM-12541,2025-05-12,Pyme,Pudahuel,Rancagua,0.022,3900,2048,766,1019,3833,67,1.7179487179487178
PYM-10104,2025-01-10,Pyme,San Bernardo,Rancagua,0.05,3900,2073,767,963,3803,97,2.4871794871794872
PYM-10557,2025-12-11,Pyme,Providencia,Rancagua,0.042,3900,2111,767,957,3835,65,1.6666666666666667
PYM-11075,2025-08-14,Pyme,Lampa,Rancagua,0.008,3900,1920,767,1025,3712,188,4.82051282051282
PYM-13936,2025-06-13,Pyme,Santiago,Rancagua,0.027,3900,1952,767,1006,3725,175,4.4871794871794872
PYM-10395,2025-03-06,Pyme,Providencia,Rancagua,0.007,3900,1823,768,1001,3592,308,7.8974358974358978
PYM-11706,2025-01-06,Pyme,Providencia,Rancagua,0.02,3900,1998,768,1025,3791,109,2.7948717948717947
PYM-10887,2025-11-28,Pyme,Maipú,Rancagua,0.033,3900,1812,769,1012,3593,307,7.8717948717948723
PYM-13492,2025-02-05,Pyme,Lampa,Rancagua,0.039,3900,2082,769,1007,3858,42,1.0769230769230769
PYM-13553,2025-07-22,Pyme,Quilicura,Rancagua,0.023,3900,2157,769,995,3921,-21,-0.53846153846153844
PYM-13795,2025-04-11,Pyme,Quilicura,Rancagua,0.029,3900,1867,769,1029,3665,235,6.0256410256410255
PYM-10662,2025-11-09,Pyme,Lampa,Rancagua,0.028,3900,1995,770,976,3741,159,4.0769230769230766
PYM-12889,2025-06-11,Pyme,Lampa,Rancagua,0.013,3900,1904,770,998,3672,228,5.8461538461538458
PYM-10656,2025-01-28,Pyme,Quilicura,Rancagua,0.013,3900,2076,771,991,3838,62,1.5897435897435899
PYM-10739,2025-07-11,Pyme,Quilicura,Rancagua,0.037,3900,1847,771,978,3596,304,7.7948717948717956
PYM-13498,2025-08-25,Pyme,Maipú,Rancagua,0.037,3900,2185,771,1047,4003,-103,-2.641025641025641
PYM-10632,2025-10-10,Pyme,Maipú,Rancagua,0.013,3900,1857,772,993,3622,278,7.1282051282051286
PYM-11452,2025-04-13,Pyme,Providencia,Rancagua,0.05,3900,1820,772,1028,3620,280,7.1794871794871788
PYM-13726,2025-09-13,Pyme,Maipú,Rancagua,0.032,3900,1951,772,985,3708,192,4.9230769230769234
PYM-11640,2025-12-02,Pyme,Quilicura,Rancagua,0.006,3900,1969,773,1031,3773,127,3.2564102564102559
PYM-11728,2025-04-07,Pyme,Santiago,Rancagua,0.036,3900,2107,773,1025,3905,-5,-0.12820512820512819
PYM-12430,2025-11-26,Pyme,Providencia,Rancagua,0.012,3900,2135,773,1019,3927,-27,-0.69230769230769229
PYM-13705,2025-10-20,Pyme,Santiago,Rancagua,0.039,3900,1885,773,985,3643,257,6.5897435897435894
PYM-11502,2025-01-25,Pyme,Pudahuel,Rancagua,0.015,3900,1896,774,956,3626,274,7.0256410256410255
PYM-10781,2025-03-26,Pyme,Maipú,Rancagua,0.006,3900,1807,775,991,3573,327,8.384615384615385
PYM-12070,2025-11-19,Pyme,Providencia,Rancagua,0.024,3900,1831,775,982,3588,312,8
PYM-12216,2025-05-23,Pyme,Providencia,Rancagua,0.037,3900,2082,775,1018,3875,25,0.641025641025641
PYM-13716,2025-10-24,Pyme,Santiago,Rancagua,0.027,3900,1890,775,1017,3682,218,5.5897435897435894
PYM-13758,2025-11-18,Pyme,Providencia,Rancagua,0.044,3900,2028,775,993,3796,104,2.666666666666667
PYM-10587,2025-10-19,Pyme,Providencia,Rancagua,0.033,3900,1833,776,1025,3634,266,6.8205128205128212
PYM-11865,2025-07-15,Pyme,San Bernardo,Rancagua,0.016,3900,1866,776,1019,3661,239,6.1282051282051286
PYM-12125,2025-03-09,Pyme,San Bernardo,Rancagua,0.024,3900,2037,776,976,3789,111,2.8461538461538463
PYM-13017,2025-08-24,Pyme,San Bernardo,Rancagua,0.007,3900,1929,776,1027,3732,168,4.3076923076923075
PYM-10400,2025-05-14,Pyme,Lampa,Rancagua,0.018,3900,2095,777,1014,3886,14,0.358974358974359
PYM-12151,2025-09-13,Pyme,Maipú,Rancagua,0.013,3900,1856,777,998,3631,269,6.8974358974358969
PYM-12705,2025-11-28,Pyme,Quilicura,Rancagua,0.016,3900,1902,777,969,3648,252,6.4615384615384617
PYM-12882,2025-06-11,Pyme,Lampa,Rancagua,0.033,3900,1803,777,1016,3596,304,7.7948717948717956
PYM-13543,2025-07-22,Pyme,Maipú,Rancagua,0.031,3900,1927,777,1030,3734,166,4.2564102564102564
PYM-13575,2025-05-30,Pyme,Providencia,Rancagua,0.014,3900,1861,777,1031,3669,231,5.9230769230769234
PYM-10637,2025-04-28,Pyme,Maipú,Rancagua,0.049,3900,1805,778,1006,3589,311,7.9743589743589745
PYM-11122,2025-10-01,Pyme,Santiago,Rancagua,0.05,3900,1949,778,1023,3750,150,3.8461538461538463
PYM-11434,2025-01-10,Pyme,San Bernardo,Rancagua,0.015,3900,1903,778,998,3679,221,5.6666666666666661
PYM-11522,2025-10-13,Pyme,Maipú,Rancagua,0.037,3900,2163,778,1040,3981,-81,-2.0769230769230771
PYM-12858,2025-12-13,Pyme,San Bernardo,Rancagua,0.008,3900,2106,778,979,3863,37,0.94871794871794879
PYM-13529,2025-12-12,Pyme,Maipú,Rancagua,0.006,3900,2021,778,1021,3820,80,2.0512820512820511
PYM-11309,2025-04-29,Pyme,San Bernardo,Rancagua,0.031,3900,1981,779,1033,3793,107,2.7435897435897436
PYM-13110,2025-03-10,Pyme,San Bernardo,Rancagua,0.045,3900,1829,779,951,3559,341,8.7435897435897445
PYM-13826,2025-01-12,Pyme,Maipú,Rancagua,0.048,3900,1992,779,1012,3783,117,3
PYM-13942,2025-10-06,Pyme,Lampa,Rancagua,0.027,3900,1889,779,1036,3704,196,5.0256410256410255
PYM-11922,2025-02-13,Pyme,Pudahuel,Rancagua,0.013,3900,2071,780,997,3848,52,1.3333333333333335
PYM-11249,2025-03-29,Pyme,Santiago,Rancagua,0.038,3900,2160,781,1030,3971,-71,-1.8205128205128203
PYM-12908,2025-11-30,Pyme,Maipú,Rancagua,0.034,3900,2064,781,962,3807,93,2.3846153846153846
PYM-13765,2025-09-04,Pyme,Maipú,Rancagua,0.015,3900,2154,781,989,3924,-24,-0.61538461538461542
PYM-10321,2025-02-16,Pyme,Lampa,Rancagua,0.034,3900,2134,782,1014,3930,-30,-0.76923076923076927
PYM-10617,2025-10-02,Pyme,Maipú,Rancagua,0.04,3900,1810,782,994,3586,314,8.0512820512820511
PYM-11003,2025-09-23,Pyme,Maipú,Rancagua,0.01,3900,1986,782,1046,3814,86,2.2051282051282048
PYM-11420,2025-10-11,Pyme,Lampa,Rancagua,0.049,3900,2082,783,966,3831,69,1.7692307692307692
PYM-11882,2025-05-02,Pyme,San Bernardo,Rancagua,0.02,3900,2092,783,1004,3879,21,0.53846153846153844
PYM-12538,2025-06-26,Pyme,Quilicura,Rancagua,0.013,3900,1821,783,979,3583,317,8.1282051282051277
PYM-10896,2025-12-10,Pyme,San Bernardo,Rancagua,0.04,3900,1984,784,953,3721,179,4.5897435897435894
PYM-11852,2025-09-04,Pyme,Providencia,Rancagua,0.018,3900,2196,784,1013,3993,-93,-2.3846153846153846
PYM-12187,2025-02-19,Pyme,Quilicura,Rancagua,0.027,3900,1800,784,977,3561,339,8.6923076923076916
PYM-10297,2025-08-16,Pyme,Quilicura,Rancagua,0.046,3900,1938,785,1027,3750,150,3.8461538461538463
PYM-11024,2025-02-08,Pyme,Providencia,Rancagua,0.007,3900,1990,785,1026,3801,99,2.5384615384615383
PYM-11180,2025-09-21,Pyme,San Bernardo,Rancagua,0.036,3900,1909,785,961,3655,245,6.2820512820512819
PYM-12651,2025-08-13,Pyme,Providencia,Rancagua,0.022,3900,2081,785,1042,3908,-8,-0.20512820512820512
PYM-13190,2025-10-04,Pyme,Lampa,Rancagua,0.037,3900,2117,785,985,3887,13,0.33333333333333337
PYM-11127,2025-07-29,Pyme,Pudahuel,Rancagua,0.031,3900,2041,786,1048,3875,25,0.641025641025641
PYM-11932,2025-12-21,Pyme,San Bernardo,Rancagua,0.039,3900,1821,786,996,3603,297,7.6153846153846159
PYM-12145,2025-04-07,Pyme,Quilicura,Rancagua,0.033,3900,2058,786,1041,3885,15,0.38461538461538464
PYM-12630,2025-09-25,Pyme,Maipú,Rancagua,0.008,3900,1963,786,952,3701,199,5.1025641025641031
PYM-13435,2025-05-23,Pyme,Santiago,Rancagua,0.033,3900,1899,786,1046,3731,169,4.3333333333333339
PYM-11840,2025-12-16,Pyme,Quilicura,Rancagua,0.044,3900,2072,787,971,3830,70,1.7948717948717947
PYM-12506,2025-03-29,Pyme,San Bernardo,Rancagua,0.034,3900,1997,787,981,3765,135,3.4615384615384617
PYM-11577,2025-03-25,Pyme,Providencia,Rancagua,0.018,3900,1805,788,964,3557,343,8.7948717948717956
PYM-12210,2025-08-09,Pyme,Maipú,Rancagua,0.03,3900,2140,788,964,3892,8,0.20512820512820512
PYM-12030,2025-06-16,Pyme,Lampa,Rancagua,0.027,3900,1856,790,978,3624,276,7.0769230769230766
PYM-12551,2025-10-29,Pyme,Quilicura,Rancagua,0.048,3900,1888,790,986,3664,236,6.0512820512820511
PYM-12690,2025-11-06,Pyme,Lampa,Rancagua,0.037,3900,2031,790,959,3780,120,3.0769230769230771
PYM-13493,2025-08-09,Pyme,Maipú,Rancagua,0.034,3900,1907,790,1024,3721,179,4.5897435897435894
PYM-10958,2025-06-20,Pyme,Lampa,Rancagua,0.017,3900,1919,792,971,3682,218,5.5897435897435894
PYM-11161,2025-04-17,Pyme,Lampa,Rancagua,0.014,3900,2029,792,987,3808,92,2.358974358974359
PYM-11029,2025-09-12,Pyme,Providencia,Rancagua,0.043,3900,2140,793,961,3894,6,0.15384615384615385
PYM-12488,2025-08-15,Pyme,Santiago,Rancagua,0.036,3900,2132,793,1039,3964,-64,-1.641025641025641
PYM-10331,2025-05-07,Pyme,Lampa,Rancagua,0.016,3900,1914,794,976,3684,216,5.5384615384615383
PYM-12102,2025-11-25,Pyme,Quilicura,Rancagua,0.025,3900,2101,794,1049,3944,-44,-1.1282051282051282
PYM-10812,2025-03-07,Pyme,Maipú,Rancagua,0.028,3900,1821,795,1005,3621,279,7.1538461538461533
PYM-12340,2025-08-21,Pyme,Quilicura,Rancagua,0.006,3900,1859,795,967,3621,279,7.1538461538461533
PYM-13285,2025-06-22,Pyme,San Bernardo,Rancagua,0.04,3900,1915,795,1003,3713,187,4.7948717948717947
PYM-13536,2025-08-17,Pyme,Quilicura,Rancagua,0.044,3900,2127,795,1001,3923,-23,-0.58974358974358976
PYM-10564,2025-01-14,Pyme,Lampa,Rancagua,0.031,3900,1953,796,980,3729,171,4.384615384615385
PYM-11572,2025-05-24,Pyme,Pudahuel,Rancagua,0.008,3900,1988,796,1048,3832,68,1.7435897435897436
PYM-12722,2025-06-30,Pyme,Pudahuel,Rancagua,0.021,3900,2042,796,1027,3865,35,0.89743589743589736
PYM-12743,2025-05-06,Pyme,San Bernardo,Rancagua,0.018,3900,2076,796,963,3835,65,1.6666666666666667
PYM-12508,2025-12-24,Pyme,Lampa,Rancagua,0.033,3900,1828,797,1004,3629,271,6.9487179487179489
PYM-13332,2025-12-23,Pyme,San Bernardo,Rancagua,0.048,3900,2079,797,1001,3877,23,0.58974358974358976
PYM-10114,2025-08-16,Pyme,San Bernardo,Rancagua,0.023,3900,2015,798,990,3803,97,2.4871794871794872
PYM-11716,2025-07-17,Pyme,Santiago,Rancagua,0.044,3900,2049,798,990,3837,63,1.6153846153846154
PYM-12618,2025-03-16,Pyme,San Bernardo,Rancagua,0.024,3900,1872,798,1015,3685,215,5.5128205128205128
PYM-11418,2025-05-21,Pyme,Providencia,Rancagua,0.04,3900,1891,799,985,3675,225,5.7692307692307692
PYM-12672,2025-07-20,Pyme,Santiago,Rancagua,0.048,3900,1925,799,970,3694,206,5.2820512820512819
PYM-10709,2025-03-02,Pyme,Maipú,Rancagua,0.028,3900,2134,800,951,3885,15,0.38461538461538464
PYM-11593,2025-10-25,Pyme,Pudahuel,Rancagua,0.005,3900,2145,800,993,3938,-38,-0.97435897435897445
PYM-12765,2025-05-10,Pyme,Santiago,Rancagua,0.012,3900,1887,800,1034,3721,179,4.5897435897435894
PYM-13663,2025-05-25,Pyme,Santiago,Rancagua,0.025,3900,2197,800,952,3949,-49,-1.2564102564102564
PYM-13891,2025-08-26,Pyme,Quilicura,Rancagua,0.024,3900,2048,800,979,3827,73,1.871794871794872
PYM-10959,2025-06-13,Pyme,San Bernardo,Rancagua,0.022,3900,1858,801,1046,3705,195,5
PYM-13990,2025-01-17,Pyme,Lampa,Rancagua,0.016,3900,1885,802,1017,3704,196,5.0256410256410255
PYM-10440,2025-06-11,Pyme,San Bernardo,Rancagua,0.03,3900,2126,803,1046,3975,-75,-1.9230769230769231
PYM-10803,2025-02-20,Pyme,Quilicura,Rancagua,0.027,3900,2048,803,962,3813,87,2.2307692307692308
PYM-11775,2025-06-10,Pyme,Maipú,Rancagua,0.048,3900,2150,803,973,3926,-26,-0.66666666666666674
PYM-12439,2025-07-12,Pyme,Pudahuel,Rancagua,0.007,3900,2134,803,1005,3942,-42,-1.0769230769230769
PYM-12519,2025-07-09,Pyme,Santiago,Rancagua,0.047,3900,2024,803,1045,3872,28,0.717948717948718
PYM-13400,2025-08-20,Pyme,Quilicura,Rancagua,0.018,3900,2136,803,982,3921,-21,-0.53846153846153844
PYM-11128,2025-05-22,Pyme,Quilicura,Rancagua,0.02,3900,1851,804,1039,3694,206,5.2820512820512819
PYM-11944,2025-06-01,Pyme,Santiago,Rancagua,0.038,3900,2050,804,1046,3900,0,0
PYM-12014,2025-01-28,Pyme,San Bernardo,Rancagua,0.03,3900,2018,804,1022,3844,56,1.4358974358974359
PYM-12518,2025-12-18,Pyme,Santiago,Rancagua,0.026,3900,2196,804,953,3953,-53,-1.358974358974359
PYM-10983,2025-02-12,Pyme,Pudahuel,Rancagua,0.008,3900,1918,805,994,3717,183,4.6923076923076925
PYM-11055,2025-11-23,Pyme,Santiago,Rancagua,0.048,3900,1988,805,954,3747,153,3.9230769230769229
PYM-11164,2025-09-01,Pyme,Maipú,Rancagua,0.026,3900,2005,805,999,3809,91,2.3333333333333335
PYM-12601,2025-12-11,Pyme,San Bernardo,Rancagua,0.032,3900,1969,805,1045,3819,81,2.0769230769230771
PYM-13399,2025-04-09,Pyme,Maipú,Rancagua,0.019,3900,2115,805,958,3878,22,0.5641025641025641
PYM-13921,2025-01-30,Pyme,Providencia,Rancagua,0.046,3900,1948,805,995,3748,152,3.8974358974358978
PYM-10215,2025-10-16,Pyme,Santiago,Rancagua,0.035,3900,2066,806,984,3856,44,1.1282051282051282
PYM-11322,2025-06-22,Pyme,Lampa,Rancagua,0.042,3900,1898,806,977,3681,219,5.615384615384615
PYM-12334,2025-07-09,Pyme,Lampa,Rancagua,0.042,3900,1924,806,1023,3753,147,3.7692307692307692
PYM-10159,2025-12-10,Pyme,Providencia,Rancagua,0.048,3900,1903,807,1048,3758,142,3.6410256410256405
PYM-12922,2025-06-16,Pyme,Lampa,Rancagua,0.028,3900,2009,807,1013,3829,71,1.8205128205128203
PYM-13342,2025-07-24,Pyme,San Bernardo,Rancagua,0.037,3900,2087,807,1000,3894,6,0.15384615384615385
PYM-13623,2025-03-16,Pyme,Providencia,Rancagua,0.014,3900,2173,807,997,3977,-77,-1.9743589743589745
PYM-13902,2025-01-27,Pyme,Quilicura,Rancagua,0.01,3900,2009,807,986,3802,98,2.5128205128205128
PYM-13907,2025-11-20,Pyme,Pudahuel,Rancagua,0.022,3900,1897,807,977,3681,219,5.615384615384615
PYM-10337,2025-03-28,Pyme,Maipú,Rancagua,0.016,3900,1815,808,1040,3663,237,6.0769230769230766
PYM-10565,2025-06-12,Pyme,Providencia,Rancagua,0.047,3900,1968,808,1043,3819,81,2.0769230769230771
PYM-12756,2025-02-27,Pyme,Providencia,Rancagua,0.006,3900,2016,808,1049,3873,27,0.69230769230769229
PYM-13162,2025-09-10,Pyme,Maipú,Rancagua,0.015,3900,1994,808,966,3768,132,3.3846153846153846
PYM-10388,2025-06-28,Pyme,San Bernardo,Rancagua,0.007,3900,1955,810,1020,3785,115,2.9487179487179485
PYM-11584,2025-08-04,Pyme,Pudahuel,Rancagua,0.038,3900,1870,810,986,3666,234,6
PYM-12054,2025-04-22,Pyme,Lampa,Rancagua,0.007,3900,2098,810,991,3899,1,0.02564102564102564
PYM-13375,2025-07-01,Pyme,Quilicura,Rancagua,0.025,3900,2048,810,972,3830,70,1.7948717948717947
PYM-13614,2025-08-12,Pyme,Santiago,Rancagua,0.034,3900,2187,810,1019,4016,-116,-2.9743589743589745
PYM-13971,2025-01-19,Pyme,Providencia,Rancagua,0.026,3900,2027,811,1005,3843,57,1.4615384615384615
PYM-10153,2025-07-02,Pyme,Lampa,Rancagua,0.019,3900,2015,812,1023,3850,50,1.2820512820512819
PYM-11126,2025-11-24,Pyme,San Bernardo,Rancagua,0.038,3900,2005,812,1038,3855,45,1.153846153846154
PYM-11352,2025-08-24,Pyme,Pudahuel,Rancagua,0.027,3900,1924,812,971,3707,193,4.9487179487179489
PYM-13149,2025-01-08,Pyme,Providencia,Rancagua,0.016,3900,2000,812,1018,3830,70,1.7948717948717947
PYM-13187,2025-09-25,Pyme,Providencia,Rancagua,0.032,3900,2031,812,978,3821,79,2.0256410256410255
PYM-10706,2025-01-31,Pyme,Maipú,Rancagua,0.018,3900,1925,813,1034,3772,128,3.2820512820512819
PYM-13881,2025-06-23,Pyme,Quilicura,Rancagua,0.017,3900,2006,813,969,3788,112,2.8717948717948718
PYM-10167,2025-09-08,Pyme,San Bernardo,Rancagua,0.029,3900,1888,814,957,3659,241,6.17948717948718
PYM-11101,2025-10-04,Pyme,San Bernardo,Rancagua,0.029,3900,1983,814,999,3796,104,2.666666666666667
PYM-11684,2025-11-20,Pyme,Maipú,Rancagua,0.009,3900,1835,814,1008,3657,243,6.2307692307692308
PYM-11737,2025-08-27,Pyme,Pudahuel,Rancagua,0.007,3900,2143,814,979,3936,-36,-0.92307692307692313
PYM-12007,2025-04-12,Pyme,Santiago,Rancagua,0.038,3900,1951,814,972,3737,163,4.17948717948718
PYM-13681,2025-04-19,Pyme,Providencia,Rancagua,0.019,3900,1801,814,991,3606,294,7.5384615384615383
PYM-12220,2025-09-15,Pyme,Lampa,Rancagua,0.012,3900,1875,815,956,3646,254,6.5128205128205119
PYM-12530,2025-03-25,Pyme,Maipú,Rancagua,0.018,3900,2088,815,1045,3948,-48,-1.2307692307692308
PYM-12964,2025-12-12,Pyme,Lampa,Rancagua,0.015,3900,1965,815,1000,3780,120,3.0769230769230771
PYM-10872,2025-07-02,Pyme,Quilicura,Rancagua,0.026,3900,2170,816,991,3977,-77,-1.9743589743589745
PYM-13627,2025-08-07,Pyme,San Bernardo,Rancagua,0.022,3900,1896,816,980,3692,208,5.3333333333333339
PYM-13780,2025-03-02,Pyme,Providencia,Rancagua,0.03,3900,2116,816,969,3901,-1,-0.02564102564102564
PYM-13987,2025-10-08,Pyme,Pudahuel,Rancagua,0.044,3900,2169,816,1040,4025,-125,-3.2051282051282048
PYM-13263,2025-07-04,Pyme,Maipú,Rancagua,0.028,3900,1999,817,1010,3826,74,1.8974358974358976
PYM-11605,2025-03-19,Pyme,Pudahuel,Rancagua,0.033,3900,2196,819,1023,4038,-138,-3.5384615384615383
PYM-11733,2025-10-31,Pyme,Lampa,Rancagua,0.029,3900,1971,820,1008,3799,101,2.5897435897435894
PYM-12251,2025-04-17,Pyme,Lampa,Rancagua,0.02,3900,1878,820,1014,3712,188,4.82051282051282
PYM-10814,2025-08-02,Pyme,Providencia,Rancagua,0.034,3900,1999,821,976,3796,104,2.666666666666667
PYM-12230,2025-10-12,Pyme,Pudahuel,Rancagua,0.026,3900,1858,821,1024,3703,197,5.0512820512820511
PYM-13121,2025-11-19,Pyme,Santiago,Rancagua,0.028,3900,1957,821,1047,3825,75,1.9230769230769231
PYM-11585,2025-12-20,Pyme,Providencia,Rancagua,0.041,3900,1883,822,998,3703,197,5.0512820512820511
PYM-11803,2025-02-07,Pyme,Maipú,Rancagua,0.026,3900,1994,822,998,3814,86,2.2051282051282048
PYM-13025,2025-03-21,Pyme,Maipú,Rancagua,0.008,3900,2116,822,963,3901,-1,-0.02564102564102564
PYM-13282,2025-07-16,Pyme,Lampa,Rancagua,0.013,3900,2164,823,967,3954,-54,-1.3846153846153846
PYM-13992,2025-03-12,Pyme,San Bernardo,Rancagua,0.039,3900,2121,823,983,3927,-27,-0.69230769230769229
PYM-10590,2025-08-12,Pyme,Pudahuel,Rancagua,0.007,3900,1935,824,974,3733,167,4.2820512820512819
PYM-12115,2025-12-13,Pyme,Pudahuel,Rancagua,0.01,3900,2155,824,1028,4007,-107,-2.7435897435897436
PYM-12223,2025-01-01,Pyme,Maipú,Rancagua,0.009,3900,1877,824,1025,3726,174,4.4615384615384617
PYM-12994,2025-04-30,Pyme,Quilicura,Rancagua,0.015,3900,1961,824,1026,3811,89,2.2820512820512824
PYM-11037,2025-01-13,Pyme,Providencia,Rancagua,0.045,3900,2020,825,1045,3890,10,0.25641025641025639
PYM-11907,2025-05-27,Pyme,Providencia,Rancagua,0.02,3900,1980,825,1003,3808,92,2.358974358974359
PYM-13092,2025-03-23,Pyme,Maipú,Rancagua,0.015,3900,2134,825,957,3916,-16,-0.41025641025641024
PYM-10623,2025-04-27,Pyme,San Bernardo,Rancagua,0.019,3900,2190,826,980,3996,-96,-2.4615384615384617
PYM-11095,2025-02-26,Pyme,Santiago,Rancagua,0.025,3900,1901,826,998,3725,175,4.4871794871794872
PYM-11966,2025-08-16,Pyme,Pudahuel,Rancagua,0.027,3900,2060,826,995,3881,19,0.48717948717948723
PYM-13174,2025-05-01,Pyme,Lampa,Rancagua,0.043,3900,1800,826,976,3602,298,7.6410256410256405
PYM-10009,2025-12-17,Pyme,Lampa,Rancagua,0.014,3900,2184,827,1024,4035,-135,-3.4615384615384617
PYM-10738,2025-01-19,Pyme,Maipú,Rancagua,0.043,3900,2110,827,968,3905,-5,-0.12820512820512819
PYM-11123,2025-07-02,Pyme,Quilicura,Rancagua,0.031,3900,2165,827,1034,4026,-126,-3.2307692307692308
PYM-11273,2025-05-20,Pyme,Pudahuel,Rancagua,0.006,3900,1840,827,1008,3675,225,5.7692307692307692
PYM-11763,2025-10-31,Pyme,San Bernardo,Rancagua,0.01,3900,2132,827,1017,3976,-76,-1.9487179487179489
PYM-11866,2025-06-09,Pyme,Providencia,Rancagua,0.018,3900,2176,827,1034,4037,-137,-3.5128205128205128
PYM-10012,2025-10-16,Pyme,Quilicura,Rancagua,0.021,3900,2165,828,994,3987,-87,-2.2307692307692308
PYM-10708,2025-12-07,Pyme,San Bernardo,Rancagua,0.013,3900,1898,828,966,3692,208,5.3333333333333339
PYM-10995,2025-12-10,Pyme,Pudahuel,Rancagua,0.039,3900,2028,828,997,3853,47,1.2051282051282051
PYM-12236,2025-01-12,Pyme,Maipú,Rancagua,0.022,3900,2081,828,1045,3954,-54,-1.3846153846153846
PYM-10117,2025-08-06,Pyme,San Bernardo,Rancagua,0.01,3900,1807,829,1043,3679,221,5.6666666666666661
PYM-11672,2025-01-17,Pyme,Maipú,Rancagua,0.042,3900,1856,830,1022,3708,192,4.9230769230769234
PYM-11806,2025-03-15,Pyme,Lampa,Rancagua,0.044,3900,1853,830,1001,3684,216,5.5384615384615383
PYM-10133,2025-03-26,Pyme,Quilicura,Rancagua,0.044,3900,1968,831,1031,3830,70,1.7948717948717947
PYM-10981,2025-07-17,Pyme,Quilicura,Rancagua,0.027,3900,2159,831,1018,4008,-108,-2.7692307692307692
PYM-10485,2025-09-28,Pyme,Quilicura,Rancagua,0.023,3900,2121,832,970,3923,-23,-0.58974358974358976
PYM-12140,2025-07-03,Pyme,San Bernardo,Rancagua,0.029,3900,2075,832,1045,3952,-52,-1.3333333333333335
PYM-13646,2025-07-02,Pyme,San Bernardo,Rancagua,0.03,3900,1897,832,1034,3763,137,3.5128205128205128
PYM-10940,2025-08-20,Pyme,Lampa,Rancagua,0.046,3900,1935,834,1041,3810,90,2.3076923076923079
PYM-11992,2025-12-27,Pyme,Quilicura,Rancagua,0.01,3900,2066,834,1018,3918,-18,-0.46153846153846156
PYM-12255,2025-09-30,Pyme,Providencia,Rancagua,0.021,3900,2185,834,1034,4053,-153,-3.9230769230769229
PYM-12594,2025-10-31,Pyme,Lampa,Rancagua,0.041,3900,2112,834,1048,3994,-94,-2.41025641025641
PYM-11998,2025-09-14,Pyme,Santiago,Rancagua,0.036,3900,1852,835,1039,3726,174,4.4615384615384617
PYM-12176,2025-12-28,Pyme,Providencia,Rancagua,0.025,3900,2160,836,1034,4030,-130,-3.3333333333333335
PYM-13059,2025-12-25,Pyme,Lampa,Rancagua,0.033,3900,1936,836,970,3742,158,4.0512820512820511
PYM-11407,2025-07-23,Pyme,Providencia,Rancagua,0.049,3900,2091,837,965,3893,7,0.17948717948717949
PYM-11490,2025-07-27,Pyme,Lampa,Rancagua,0.022,3900,2191,837,991,4019,-119,-3.0512820512820511
PYM-11545,2025-04-12,Pyme,Santiago,Rancagua,0.024,3900,2010,837,1041,3888,12,0.30769230769230771
PYM-11599,2025-12-24,Pyme,Santiago,Rancagua,0.047,3900,1842,837,969,3648,252,6.4615384615384617
PYM-12614,2025-07-05,Pyme,Santiago,Rancagua,0.023,3900,1966,837,1023,3826,74,1.8974358974358976
PYM-13688,2025-05-19,Pyme,Pudahuel,Rancagua,0.013,3900,2041,837,1000,3878,22,0.5641025641025641
PYM-13798,2025-08-14,Pyme,Providencia,Rancagua,0.01,3900,2119,837,968,3924,-24,-0.61538461538461542
PYM-10855,2025-02-21,Pyme,San Bernardo,Rancagua,0.04,3900,1854,838,1046,3738,162,4.1538461538461542
PYM-12457,2025-03-30,Pyme,Lampa,Rancagua,0.026,3900,1999,838,1044,3881,19,0.48717948717948723
PYM-11263,2025-05-23,Pyme,San Bernardo,Rancagua,0.034,3900,1866,839,1006,3711,189,4.8461538461538458
PYM-11721,2025-11-03,Pyme,Quilicura,Rancagua,0.02,3900,2099,839,989,3927,-27,-0.69230769230769229
PYM-10778,2025-03-03,Pyme,Providencia,Valparaíso,0.04,3900,1880,855,1005,3740,160,4.1025641025641022
PYM-10851,2025-05-17,Pyme,Santiago,Valparaíso,0.008,3900,1908,855,1014,3777,123,3.1538461538461537
PYM-11025,2025-09-23,Pyme,Maipú,Valparaíso,0.042,3900,2015,855,1005,3875,25,0.641025641025641
PYM-11972,2025-01-02,Pyme,Providencia,Valparaíso,0.033,3900,2095,855,1063,4013,-113,-2.8974358974358974
PYM-13794,2025-03-03,Pyme,Maipú,Valparaíso,0.04,3900,2143,855,1022,4020,-120,-3.0769230769230771
PYM-13832,2025-11-11,Pyme,San Bernardo,Valparaíso,0.032,3900,2071,856,1090,4017,-117,-3
PYM-10055,2025-08-30,Pyme,Quilicura,Valparaíso,0.035,3900,2137,857,1083,4077,-177,-4.5384615384615383
PYM-10421,2025-11-20,Pyme,Santiago,Valparaíso,0.014,3900,2189,857,1085,4131,-231,-5.9230769230769234
PYM-10593,2025-05-06,Pyme,Quilicura,Valparaíso,0.035,3900,2195,857,1044,4096,-196,-5.0256410256410255
PYM-11140,2025-06-14,Pyme,Lampa,Valparaíso,0.047,3900,2055,859,1040,3954,-54,-1.3846153846153846
PYM-11546,2025-02-23,Pyme,Quilicura,Valparaíso,0.024,3900,1841,859,1043,3743,157,4.0256410256410255
PYM-13423,2025-02-18,Pyme,Pudahuel,Valparaíso,0.038,3900,1845,859,1035,3739,161,4.1282051282051286
PYM-10361,2025-12-09,Pyme,Quilicura,Valparaíso,0.042,3900,1877,860,1033,3770,130,3.3333333333333335
PYM-11211,2025-06-14,Pyme,San Bernardo,Valparaíso,0.04,3900,1850,860,1029,3739,161,4.1282051282051286
PYM-11551,2025-06-22,Pyme,Maipú,Valparaíso,0.007,3900,1886,860,1053,3799,101,2.5897435897435894
PYM-12182,2025-04-15,Pyme,Quilicura,Valparaíso,0.047,3900,2015,862,1094,3971,-71,-1.8205128205128203
PYM-10613,2025-11-21,Pyme,Providencia,Valparaíso,0.023,3900,1925,863,1016,3804,96,2.4615384615384617
PYM-11186,2025-12-30,Pyme,Pudahuel,Valparaíso,0.041,3900,2117,863,1025,4005,-105,-2.6923076923076925
PYM-11215,2025-06-29,Pyme,Lampa,Valparaíso,0.029,3900,2036,863,1055,3954,-54,-1.3846153846153846
PYM-13898,2025-11-10,Pyme,Pudahuel,Valparaíso,0.017,3900,1907,863,1042,3812,88,2.2564102564102564
PYM-11209,2025-05-02,Pyme,Providencia,Valparaíso,0.044,3900,2078,865,1021,3964,-64,-1.641025641025641
PYM-10261,2025-08-21,Pyme,San Bernardo,Valparaíso,0.026,3900,2182,866,1008,4056,-156,-4
PYM-11214,2025-12-31,Pyme,Quilicura,Valparaíso,0.013,3900,1943,866,1059,3868,32,0.82051282051282048
PYM-11532,2025-05-04,Pyme,San Bernardo,Valparaíso,0.046,3900,1873,866,1059,3798,102,2.6153846153846154
PYM-13050,2025-04-21,Pyme,Pudahuel,Valparaíso,0.013,3900,1876,866,1012,3754,146,3.7435897435897441
PYM-12083,2025-12-05,Pyme,San Bernardo,Valparaíso,0.008,3900,1870,867,1010,3747,153,3.9230769230769229
PYM-13975,2025-11-12,Pyme,Santiago,Valparaíso,0.039,3900,1899,867,1081,3847,53,1.358974358974359
PYM-10670,2025-06-17,Pyme,Santiago,Valparaíso,0.018,3900,1808,868,1090,3766,134,3.4358974358974357
PYM-11415,2025-07-05,Pyme,Maipú,Valparaíso,0.03,3900,1805,868,1041,3714,186,4.7692307692307692
PYM-13965,2025-10-03,Pyme,Pudahuel,Valparaíso,0.014,3900,2098,868,1084,4050,-150,-3.8461538461538463
PYM-12895,2025-10-28,Pyme,San Bernardo,Valparaíso,0.045,3900,1990,869,1008,3867,33,0.84615384615384615
PYM-13133,2025-11-28,Pyme,San Bernardo,Valparaíso,0.048,3900,1857,869,1066,3792,108,2.7692307692307692
PYM-12839,2025-03-30,Pyme,Providencia,Valparaíso,0.024,3900,1997,870,1074,3941,-41,-1.0512820512820513
PYM-13298,2025-04-01,Pyme,Providencia,Valparaíso,0.006,3900,2167,870,1014,4051,-151,-3.8717948717948718
PYM-13858,2025-08-17,Pyme,San Bernardo,Valparaíso,0.029,3900,1998,870,1065,3933,-33,-0.84615384615384615
PYM-10032,2025-07-27,Pyme,San Bernardo,Valparaíso,0.037,3900,1997,871,1035,3903,-3,-0.076923076923076927
PYM-13413,2025-02-06,Pyme,Providencia,Valparaíso,0.007,3900,1853,872,1099,3824,76,1.9487179487179489
PYM-11082,2025-03-29,Pyme,Santiago,Valparaíso,0.029,3900,1961,873,1082,3916,-16,-0.41025641025641024
PYM-11178,2025-02-18,Pyme,Santiago,Valparaíso,0.006,3900,2083,873,1019,3975,-75,-1.9230769230769231
PYM-12645,2025-03-27,Pyme,Lampa,Valparaíso,0.016,3900,1842,873,1036,3751,149,3.8205128205128203
PYM-10380,2025-01-27,Pyme,Maipú,Valparaíso,0.026,3900,2019,874,1001,3894,6,0.15384615384615385
PYM-12803,2025-09-04,Pyme,Pudahuel,Valparaíso,0.035,3900,2064,874,1098,4036,-136,-3.4871794871794872
PYM-13313,2025-06-29,Pyme,Quilicura,Valparaíso,0.013,3900,2046,874,1078,3998,-98,-2.5128205128205128
PYM-12387,2025-12-18,Pyme,Providencia,Valparaíso,0.024,3900,2054,875,1041,3970,-70,-1.7948717948717947
PYM-10733,2025-04-18,Pyme,Maipú,Valparaíso,0.048,3900,2082,877,1044,4003,-103,-2.641025641025641
PYM-10499,2025-12-23,Pyme,Providencia,Valparaíso,0.024,3900,1985,878,1041,3904,-4,-0.10256410256410256
PYM-10431,2025-12-09,Pyme,Pudahuel,Valparaíso,0.02,3900,1901,879,1010,3790,110,2.8205128205128207
PYM-11689,2025-12-31,Pyme,Lampa,Valparaíso,0.006,3900,2130,879,1026,4035,-135,-3.4615384615384617
PYM-11331,2025-01-17,Pyme,Santiago,Valparaíso,0.012,3900,2031,880,1036,3947,-47,-1.2051282051282051
PYM-10244,2025-08-25,Pyme,Pudahuel,Valparaíso,0.021,3900,2021,882,1039,3942,-42,-1.0769230769230769
PYM-10442,2025-05-27,Pyme,Providencia,Valparaíso,0.045,3900,1862,882,1027,3771,129,3.3076923076923079
PYM-10777,2025-01-16,Pyme,San Bernardo,Valparaíso,0.028,3900,2143,882,1017,4042,-142,-3.6410256410256405
PYM-11693,2025-11-12,Pyme,San Bernardo,Valparaíso,0.023,3900,2090,883,1084,4057,-157,-4.0256410256410255
PYM-11758,2025-08-17,Pyme,Lampa,Valparaíso,0.043,3900,2074,883,1016,3973,-73,-1.871794871794872
PYM-11260,2025-05-23,Pyme,San Bernardo,Valparaíso,0.023,3900,2016,884,1011,3911,-11,-0.28205128205128205
PYM-10130,2025-09-04,Pyme,Quilicura,Valparaíso,0.035,3900,2038,885,1057,3980,-80,-2.0512820512820511
PYM-10174,2025-06-12,Pyme,Maipú,Valparaíso,0.006,3900,2185,885,1063,4133,-233,-5.9743589743589745
PYM-13874,2025-04-14,Pyme,Pudahuel,Valparaíso,0.022,3900,2146,885,1066,4097,-197,-5.0512820512820511
PYM-10653,2025-10-28,Pyme,Pudahuel,Valparaíso,0.04,3900,1912,886,1079,3877,23,0.58974358974358976
PYM-11790,2025-01-22,Pyme,Providencia,Valparaíso,0.015,3900,1845,886,1077,3808,92,2.358974358974359
PYM-12143,2025-04-28,Pyme,San Bernardo,Valparaíso,0.022,3900,1998,886,1039,3923,-23,-0.58974358974358976
PYM-12456,2025-11-13,Pyme,Lampa,Valparaíso,0.04,3900,1830,886,1083,3799,101,2.5897435897435894
PYM-12592,2025-12-17,Pyme,Maipú,Valparaíso,0.025,3900,1900,886,1013,3799,101,2.5897435897435894
PYM-11009,2025-01-15,Pyme,San Bernardo,Valparaíso,0.047,3900,1862,887,1062,3811,89,2.2820512820512824
PYM-11032,2025-12-20,Pyme,Santiago,Valparaíso,0.024,3900,2121,888,1087,4096,-196,-5.0256410256410255
PYM-10354,2025-02-25,Pyme,Santiago,Valparaíso,0.012,3900,2006,889,998,3893,7,0.17948717948717949
PYM-10644,2025-02-04,Pyme,Maipú,Valparaíso,0.043,3900,1993,889,1085,3967,-67,-1.7179487179487178
PYM-12458,2025-03-17,Pyme,San Bernardo,Valparaíso,0.045,3900,1808,890,1096,3794,106,2.7179487179487181
PYM-12423,2025-05-23,Pyme,San Bernardo,Valparaíso,0.032,3900,2025,891,1099,4015,-115,-2.9487179487179485
PYM-13220,2025-07-23,Pyme,Providencia,Valparaíso,0.02,3900,2058,891,1051,4000,-100,-2.5641025641025639
PYM-13819,2025-02-22,Pyme,Maipú,Valparaíso,0.031,3900,1849,892,1101,3842,58,1.4871794871794872
PYM-11655,2025-12-04,Pyme,Pudahuel,Valparaíso,0.043,3900,1899,893,1067,3859,41,1.0512820512820513
PYM-11682,2025-05-11,Pyme,Lampa,Valparaíso,0.03,3900,2188,893,1085,4166,-266,-6.8205128205128212
PYM-12152,2025-05-19,Pyme,Lampa,Valparaíso,0.04,3900,1818,893,1087,3798,102,2.6153846153846154
PYM-10145,2025-03-14,Pyme,Santiago,Valparaíso,0.024,3900,2075,894,1023,3992,-92,-2.358974358974359
PYM-11799,2025-07-04,Pyme,Pudahuel,Valparaíso,0.007,3900,1924,895,1082,3901,-1,-0.02564102564102564
PYM-13208,2025-01-19,Pyme,San Bernardo,Valparaíso,0.033,3900,2018,896,1032,3946,-46,-1.1794871794871795
PYM-10993,2025-08-06,Pyme,Maipú,Valparaíso,0.009,3900,2143,897,997,4037,-137,-3.5128205128205128
PYM-11405,2025-02-17,Pyme,Lampa,Valparaíso,0.042,3900,1875,897,1073,3845,55,1.4102564102564104
PYM-11851,2025-10-15,Pyme,Maipú,Valparaíso,0.01,3900,1922,897,999,3818,82,2.1025641025641026
PYM-12312,2025-12-30,Pyme,San Bernardo,Valparaíso,0.027,3900,1843,899,1037,3779,121,3.1025641025641026
PYM-10341,2025-09-22,Pyme,San Bernardo,Valparaíso,0.042,3900,1938,900,1089,3927,-27,-0.69230769230769229
PYM-11603,2025-08-20,Pyme,San Bernardo,Valparaíso,0.03,3900,2105,900,1055,4060,-160,-4.1025641025641022
PYM-12044,2025-08-01,Pyme,Lampa,Valparaíso,0.044,3900,1913,900,1051,3864,36,0.92307692307692313
PYM-13639,2025-11-10,Pyme,Lampa,Valparaíso,0.04,3900,1974,900,1070,3944,-44,-1.1282051282051282
PYM-12444,2025-05-13,Pyme,Lampa,Valparaíso,0.034,3900,1801,901,1017,3719,181,4.6410256410256405
PYM-10255,2025-04-13,Pyme,Santiago,Valparaíso,0.015,3900,2049,902,1042,3993,-93,-2.3846153846153846
PYM-11586,2025-01-17,Pyme,San Bernardo,Valparaíso,0.033,3900,1891,902,1044,3837,63,1.6153846153846154
PYM-11016,2025-06-17,Pyme,Pudahuel,Valparaíso,0.04,3900,1830,903,1087,3820,80,2.0512820512820511
PYM-12082,2025-05-27,Pyme,Maipú,Valparaíso,0.027,3900,1874,903,1027,3804,96,2.4615384615384617
PYM-12905,2025-06-14,Pyme,Maipú,Valparaíso,0.02,3900,2078,903,999,3980,-80,-2.0512820512820511
PYM-13814,2025-06-23,Pyme,Santiago,Valparaíso,0.042,3900,1975,903,1038,3916,-16,-0.41025641025641024
PYM-13895,2025-06-04,Pyme,Maipú,Valparaíso,0.019,3900,1973,903,1090,3966,-66,-1.6923076923076923
PYM-13307,2025-02-28,Pyme,Quilicura,Valparaíso,0.011,3900,2060,904,1005,3969,-69,-1.7692307692307692
PYM-13768,2025-01-31,Pyme,Pudahuel,Valparaíso,0.044,3900,2103,904,1023,4030,-130,-3.3333333333333335
PYM-10420,2025-12-25,Pyme,Quilicura,Valparaíso,0.033,3900,1900,905,1035,3840,60,1.5384615384615385
PYM-10895,2025-01-17,Pyme,Quilicura,Valparaíso,0.041,3900,2011,905,1100,4016,-116,-2.9743589743589745
PYM-11748,2025-11-15,Pyme,Lampa,Valparaíso,0.029,3900,2103,905,1010,4018,-118,-3.0256410256410255
PYM-12685,2025-01-01,Pyme,Lampa,Valparaíso,0.01,3900,1870,905,1043,3818,82,2.1025641025641026
PYM-10277,2025-12-19,Pyme,Quilicura,Valparaíso,0.03,3900,1837,906,1089,3832,68,1.7435897435897436
PYM-13478,2025-06-30,Pyme,Lampa,Valparaíso,0.019,3900,1906,906,1100,3912,-12,-0.30769230769230771
PYM-13854,2025-03-18,Pyme,Maipú,Valparaíso,0.03,3900,1899,906,1093,3898,2,0.05128205128205128
PYM-13927,2025-03-16,Pyme,Santiago,Valparaíso,0.049,3900,2104,906,1084,4094,-194,-4.9743589743589745
PYM-10453,2025-11-19,Pyme,Maipú,Valparaíso,0.035,3900,2068,907,1052,4027,-127,-3.2564102564102559
PYM-12263,2025-05-20,Pyme,Santiago,Valparaíso,0.02,3900,2174,907,1070,4151,-251,-6.4358974358974361
PYM-12404,2025-12-31,Pyme,Maipú,Valparaíso,0.041,3900,2078,907,1063,4048,-148,-3.7948717948717952
PYM-12590,2025-11-09,Pyme,Lampa,Valparaíso,0.028,3900,1852,907,1006,3765,135,3.4615384615384617
PYM-12659,2025-05-04,Pyme,Lampa,Valparaíso,0.049,3900,2172,907,1016,4095,-195,-5
PYM-12581,2025-04-02,Pyme,Quilicura,Valparaíso,0.032,3900,1858,908,1091,3857,43,1.1025641025641024
PYM-13800,2025-02-23,Pyme,San Bernardo,Valparaíso,0.014,3900,1930,908,1093,3931,-31,-0.79487179487179493
PYM-10541,2025-07-27,Pyme,Santiago,Valparaíso,0.026,3900,1844,909,1027,3780,120,3.0769230769230771
PYM-12920,2025-07-13,Pyme,Pudahuel,Valparaíso,0.028,3900,2162,909,1045,4116,-216,-5.5384615384615383
PYM-13431,2025-10-09,Pyme,Lampa,Valparaíso,0.049,3900,1884,909,1050,3843,57,1.4615384615384615
PYM-10170,2025-02-28,Pyme,Santiago,Valparaíso,0.016,3900,2072,910,1076,4058,-158,-4.0512820512820511
PYM-12990,2025-01-28,Pyme,Providencia,Valparaíso,0.036,3900,1976,910,1004,3890,10,0.25641025641025639
PYM-10371,2025-11-24,Pyme,Quilicura,Valparaíso,0.017,3900,2004,911,1094,4009,-109,-2.7948717948717947
PYM-10024,2025-07-22,Pyme,Quilicura,Valparaíso,0.041,3900,2052,912,1053,4017,-117,-3
PYM-11327,2025-03-18,Pyme,Lampa,Valparaíso,0.017,3900,2059,912,1055,4026,-126,-3.2307692307692308
PYM-11671,2025-08-30,Pyme,Lampa,Valparaíso,0.007,3900,2082,912,1013,4007,-107,-2.7435897435897436
PYM-10628,2025-09-03,Pyme,Providencia,Valparaíso,0.025,3900,2176,913,1097,4186,-286,-7.333333333333333
PYM-10693,2025-12-06,Pyme,San Bernardo,Valparaíso,0.042,3900,2128,913,1041,4082,-182,-4.666666666666667
PYM-10932,2025-08-09,Pyme,Santiago,Valparaíso,0.014,3900,2030,913,1000,3943,-43,-1.1025641025641024
PYM-12449,2025-07-17,Pyme,Lampa,Valparaíso,0.022,3900,2192,913,1052,4157,-257,-6.5897435897435894
PYM-10464,2025-04-17,Pyme,Santiago,Valparaíso,0.044,3900,2158,914,1080,4152,-252,-6.4615384615384617
PYM-11667,2025-12-04,Pyme,Lampa,Valparaíso,0.019,3900,1852,914,1019,3785,115,2.9487179487179485
PYM-11898,2025-12-10,Pyme,Providencia,Valparaíso,0.038,3900,2033,914,1072,4019,-119,-3.0512820512820511
PYM-12158,2025-08-31,Pyme,San Bernardo,Valparaíso,0.008,3900,1910,914,1010,3834,66,1.6923076923076923
PYM-10929,2025-07-18,Pyme,Lampa,Valparaíso,0.044,3900,1917,915,1071,3903,-3,-0.076923076923076927
PYM-12453,2025-03-11,Pyme,Pudahuel,Valparaíso,0.013,3900,2078,915,1024,4017,-117,-3
PYM-11450,2025-03-31,Pyme,Providencia,Valparaíso,0.034,3900,2100,916,1018,4034,-134,-3.4358974358974357
PYM-11709,2025-08-30,Pyme,Lampa,Valparaíso,0.02,3900,2113,916,1047,4076,-176,-4.5128205128205128
PYM-12051,2025-02-16,Pyme,Santiago,Valparaíso,0.042,3900,2088,918,1044,4050,-150,-3.8461538461538463
PYM-12679,2025-11-20,Pyme,San Bernardo,Valparaíso,0.007,3900,2015,918,1031,3964,-64,-1.641025641025641
PYM-10780,2025-01-10,Pyme,Maipú,Valparaíso,0.037,3900,1838,919,1027,3784,116,2.9743589743589745
PYM-10787,2025-02-24,Pyme,Providencia,Valparaíso,0.009,3900,1988,919,1038,3945,-45,-1.153846153846154
PYM-13834,2025-12-15,Pyme,Maipú,Valparaíso,0.049,3900,1983,919,1021,3923,-23,-0.58974358974358976
PYM-10573,2025-10-13,Pyme,Pudahuel,Valparaíso,0.007,3900,1971,920,1084,3975,-75,-1.9230769230769231
PYM-11976,2025-10-17,Pyme,Lampa,Valparaíso,0.015,3900,2175,920,1055,4150,-250,-6.41025641025641
PYM-12876,2025-02-12,Pyme,Providencia,Valparaíso,0.019,3900,2120,920,1098,4138,-238,-6.1025641025641022
PYM-11983,2025-07-09,Pyme,Santiago,Valparaíso,0.038,3900,2165,922,1021,4108,-208,-5.3333333333333339
PYM-10389,2025-06-24,Pyme,Lampa,Valparaíso,0.044,3900,2186,923,1097,4206,-306,-7.8461538461538458
PYM-13011,2025-01-16,Pyme,Lampa,Valparaíso,0.043,3900,1994,923,1019,3936,-36,-0.92307692307692313
PYM-13062,2025-01-31,Pyme,Lampa,Valparaíso,0.006,3900,2039,923,1097,4059,-159,-4.0769230769230766
PYM-10807,2025-09-30,Pyme,Providencia,Valparaíso,0.008,3900,2197,924,1021,4142,-242,-6.2051282051282053
PYM-11061,2025-12-22,Pyme,Pudahuel,Valparaíso,0.049,3900,2112,924,1021,4057,-157,-4.0256410256410255
PYM-12160,2025-01-23,Pyme,Pudahuel,Valparaíso,0.016,3900,2012,924,1077,4013,-113,-2.8974358974358974
PYM-12296,2025-11-22,Pyme,Lampa,Valparaíso,0.01,3900,1970,924,1046,3940,-40,-1.0256410256410255
PYM-12450,2025-02-04,Pyme,Providencia,Valparaíso,0.049,3900,2056,924,1039,4019,-119,-3.0512820512820511
PYM-13104,2025-06-18,Pyme,San Bernardo,Valparaíso,0.043,3900,2118,924,1033,4075,-175,-4.4871794871794872
PYM-13135,2025-07-22,Pyme,Pudahuel,Valparaíso,0.023,3900,2119,924,1046,4089,-189,-4.8461538461538458
PYM-13280,2025-04-26,Pyme,Santiago,Valparaíso,0.022,3900,1940,924,1088,3952,-52,-1.3333333333333335
PYM-10216,2025-07-11,Pyme,Maipú,Valparaíso,0.044,3900,2148,925,1057,4130,-230,-5.8974358974358969
PYM-12461,2025-05-31,Pyme,Lampa,Valparaíso,0.031,3900,2080,925,1051,4056,-156,-4
PYM-10351,2025-04-17,Pyme,Pudahuel,Valparaíso,0.008,3900,1922,926,1044,3892,8,0.20512820512820512
PYM-13491,2025-03-08,Pyme,Quilicura,Valparaíso,0.005,3900,1950,926,1052,3928,-28,-0.717948717948718
PYM-10939,2025-12-11,Pyme,Providencia,Valparaíso,0.026,3900,1902,927,1063,3892,8,0.20512820512820512
PYM-11500,2025-09-09,Pyme,Maipú,Valparaíso,0.046,3900,1982,927,1084,3993,-93,-2.3846153846153846
PYM-13272,2025-01-13,Pyme,Pudahuel,Valparaíso,0.012,3900,2008,927,997,3932,-32,-0.82051282051282048
PYM-10053,2025-12-06,Pyme,Providencia,Valparaíso,0.034,3900,2124,928,1063,4115,-215,-5.5128205128205128
PYM-12314,2025-09-01,Pyme,Quilicura,Valparaíso,0.034,3900,2164,928,1029,4121,-221,-5.6666666666666661
PYM-13443,2025-04-18,Pyme,Santiago,Valparaíso,0.036,3900,1839,928,1081,3848,52,1.3333333333333335
PYM-10714,2025-04-19,Pyme,Lampa,Valparaíso,0.048,3900,2001,929,1050,3980,-80,-2.0512820512820511
PYM-10985,2025-10-13,Pyme,Maipú,Valparaíso,0.041,3900,1816,929,1057,3802,98,2.5128205128205128
PYM-11661,2025-09-05,Pyme,Lampa,Valparaíso,0.048,3900,1946,929,1039,3914,-14,-0.358974358974359
PYM-12104,2025-11-22,Pyme,Providencia,Valparaíso,0.042,3900,1972,929,1047,3948,-48,-1.2307692307692308
PYM-12195,2025-01-21,Pyme,Pudahuel,Valparaíso,0.038,3900,1879,929,1040,3848,52,1.3333333333333335
PYM-10355,2025-05-06,Pyme,Quilicura,Valparaíso,0.035,3900,2012,930,1058,4000,-100,-2.5641025641025639
PYM-11039,2025-04-15,Pyme,Pudahuel,Valparaíso,0.034,3900,1978,930,1025,3933,-33,-0.84615384615384615
PYM-11351,2025-01-21,Pyme,Maipú,Valparaíso,0.021,3900,1825,930,1079,3834,66,1.6923076923076923
PYM-13710,2025-04-09,Pyme,Lampa,Valparaíso,0.035,3900,2011,930,1097,4038,-138,-3.5384615384615383
PYM-13738,2025-09-09,Pyme,Quilicura,Valparaíso,0.034,3900,1952,930,1024,3906,-6,-0.15384615384615385
PYM-10806,2025-10-18,Pyme,Lampa,Valparaíso,0.024,3900,2143,931,1035,4109,-209,-5.3589743589743586
PYM-10893,2025-10-06,Pyme,Santiago,Valparaíso,0.021,3900,1957,931,1049,3937,-37,-0.94871794871794879
PYM-11011,2025-04-25,Pyme,Lampa,Valparaíso,0.025,3900,1960,931,1042,3933,-33,-0.84615384615384615
PYM-13908,2025-01-14,Pyme,San Bernardo,Valparaíso,0.026,3900,2178,931,1043,4152,-252,-6.4615384615384617
PYM-10019,2025-07-09,Pyme,Santiago,Valparaíso,0.034,3900,2127,932,998,4057,-157,-4.0256410256410255
PYM-11023,2025-07-24,Pyme,San Bernardo,Valparaíso,0.034,3900,2088,932,1066,4086,-186,-4.7692307692307692
PYM-11928,2025-05-14,Pyme,Quilicura,Valparaíso,0.028,3900,1961,932,1016,3909,-9,-0.23076923076923078
PYM-11207,2025-05-14,Pyme,Santiago,Valparaíso,0.038,3900,1822,933,1028,3783,117,3
PYM-11244,2025-05-03,Pyme,Pudahuel,Valparaíso,0.01,3900,1800,933,1000,3733,167,4.2820512820512819
PYM-13112,2025-10-07,Pyme,Santiago,Valparaíso,0.043,3900,2197,933,1046,4176,-276,-7.0769230769230766
PYM-13163,2025-09-19,Pyme,Providencia,Valparaíso,0.014,3900,1845,933,1060,3838,62,1.5897435897435899
PYM-10246,2025-01-12,Pyme,Lampa,Valparaíso,0.029,3900,1952,934,1088,3974,-74,-1.8974358974358976
PYM-13940,2025-10-27,Pyme,Santiago,Valparaíso,0.006,3900,2091,934,1092,4117,-217,-5.5641025641025639
PYM-11264,2025-08-22,Pyme,Lampa,Valparaíso,0.017,3900,1868,935,1066,3869,31,0.79487179487179493
PYM-11177,2025-07-30,Pyme,Pudahuel,Valparaíso,0.009,3900,1864,936,1051,3851,49,1.2564102564102564
PYM-11272,2025-05-28,Pyme,Santiago,Valparaíso,0.046,3900,2028,936,1038,4002,-102,-2.6153846153846154
PYM-10825,2025-01-10,Pyme,Pudahuel,Valparaíso,0.029,3900,1935,937,1100,3972,-72,-1.8461538461538463
PYM-11634,2025-02-22,Pyme,San Bernardo,Valparaíso,0.015,3900,1907,937,1036,3880,20,0.51282051282051277
PYM-12607,2025-08-18,Pyme,Pudahuel,Valparaíso,0.031,3900,1824,937,1006,3767,133,3.4102564102564106
PYM-12749,2025-12-23,Pyme,Pudahuel,Valparaíso,0.026,3900,1997,937,1037,3971,-71,-1.8205128205128203
PYM-12173,2025-06-02,Pyme,San Bernardo,Valparaíso,0.036,3900,2008,938,1095,4041,-141,-3.6153846153846154
PYM-10600,2025-01-30,Pyme,Providencia,Valparaíso,0.04,3900,1985,939,1031,3955,-55,-1.4102564102564104
PYM-10994,2025-12-29,Pyme,Santiago,Valparaíso,0.012,3900,2025,939,997,3961,-61,-1.5641025641025641
PYM-11685,2025-12-21,Pyme,Pudahuel,Valparaíso,0.017,3900,1904,939,1053,3896,4,0.10256410256410256
PYM-13598,2025-11-10,Pyme,Lampa,Valparaíso,0.006,3900,2057,939,1100,4096,-196,-5.0256410256410255
PYM-10079,2025-07-21,Pyme,Pudahuel,Valparaíso,0.016,3900,1851,940,1061,3852,48,1.2307692307692308
PYM-10979,2025-02-08,Pyme,Lampa,Valparaíso,0.011,3900,2171,940,1004,4115,-215,-5.5128205128205128
PYM-12923,2025-05-05,Pyme,Quilicura,Valparaíso,0.033,3900,1937,940,1005,3882,18,0.46153846153846156
PYM-13195,2025-02-25,Pyme,San Bernardo,Valparaíso,0.023,3900,1810,940,1073,3823,77,1.9743589743589745
PYM-13876,2025-05-31,Pyme,Providencia,Valparaíso,0.01,3900,1824,940,1086,3850,50,1.2820512820512819
PYM-10165,2025-09-24,Pyme,Santiago,Valparaíso,0.017,3900,2155,941,1088,4184,-284,-7.282051282051281
PYM-10227,2025-06-08,Pyme,Lampa,Valparaíso,0.041,3900,1902,941,1048,3891,9,0.23076923076923078
PYM-10503,2025-12-31,Pyme,Quilicura,Valparaíso,0.007,3900,1927,941,1091,3959,-59,-1.5128205128205128
PYM-13041,2025-01-15,Pyme,Maipú,Valparaíso,0.044,3900,1926,941,1069,3936,-36,-0.92307692307692313
PYM-13201,2025-08-10,Pyme,Santiago,Valparaíso,0.028,3900,1893,941,1065,3899,1,0.02564102564102564
PYM-11133,2025-09-23,Pyme,San Bernardo,Valparaíso,0.04,3900,1928,942,1101,3971,-71,-1.8205128205128203
PYM-11804,2025-11-12,Pyme,Santiago,Valparaíso,0.043,3900,2045,942,1009,3996,-96,-2.4615384615384617
PYM-13729,2025-03-25,Pyme,Pudahuel,Valparaíso,0.028,3900,2064,942,1071,4077,-177,-4.5384615384615383
PYM-13812,2025-08-06,Pyme,Quilicura,Valparaíso,0.043,3900,2012,942,1081,4035,-135,-3.4615384615384617
PYM-10233,2025-01-11,Pyme,Pudahuel,Valparaíso,0.033,3900,1998,943,1011,3952,-52,-1.3333333333333335
PYM-13753,2025-12-19,Pyme,Maipú,Valparaíso,0.049,3900,1946,943,1056,3945,-45,-1.153846153846154
PYM-11583,2025-08-27,Pyme,Lampa,Valparaíso,0.036,3900,1837,944,1025,3806,94,2.41025641025641
PYM-10794,2025-05-28,Pyme,Santiago,Rancagua,0.039,4100,1904,760,1014,3678,422,10.292682926829269
PYM-13141,2025-05-02,Pyme,Pudahuel,Rancagua,0.014,4100,1803,760,1011,3574,526,12.829268292682928
PYM-13219,2025-06-11,Pyme,Santiago,Rancagua,0.01,4100,2155,760,1031,3946,154,3.7560975609756095
PYM-13760,2025-04-17,Pyme,Santiago,Rancagua,0.045,4100,1967,760,962,3689,411,10.02439024390244
PYM-10003,2025-07-11,Pyme,Providencia,Rancagua,0.019,4100,1802,761,1002,3565,535,13.048780487804878
PYM-10581,2025-01-25,Pyme,Maipú,Rancagua,0.02,4100,1893,761,1033,3687,413,10.073170731707318
PYM-12262,2025-02-05,Pyme,Pudahuel,Rancagua,0.045,4100,2192,761,1004,3957,143,3.4878048780487809
PYM-12852,2025-05-29,Pyme,Santiago,Rancagua,0.02,4100,2032,762,1032,3826,274,6.6829268292682933
PYM-11874,2025-03-15,Pyme,Maipú,Rancagua,0.044,4100,1990,763,1010,3763,337,8.2195121951219523
PYM-10446,2025-02-02,Pyme,Maipú,Rancagua,0.02,4100,1932,764,987,3683,417,10.170731707317072
PYM-10519,2025-01-11,Pyme,Pudahuel,Rancagua,0.014,4100,1989,764,1044,3797,303,7.3902439024390238
PYM-11404,2025-10-21,Pyme,Lampa,Rancagua,0.032,4100,2035,764,1045,3844,256,6.2439024390243905
PYM-12165,2025-01-28,Pyme,Providencia,Rancagua,0.041,4100,2152,764,1005,3921,179,4.3658536585365848
PYM-12595,2025-01-01,Pyme,Providencia,Rancagua,0.009,4100,1811,764,956,3531,569,13.878048780487806
PYM-11489,2025-09-28,Pyme,Lampa,Rancagua,0.033,4100,2047,765,960,3772,328,8
PYM-12109,2025-04-09,Pyme,Lampa,Rancagua,0.015,4100,1873,765,972,3610,490,11.951219512195122
PYM-12480,2025-02-08,Pyme,Lampa,Rancagua,0.046,4100,2033,765,1015,3813,287,7.0000000000000009
PYM-13277,2025-08-15,Pyme,San Bernardo,Rancagua,0.028,4100,2063,765,989,3817,283,6.9024390243902447
PYM-13486,2025-04-04,Pyme,Santiago,Rancagua,0.045,4100,1946,765,984,3695,405,9.8780487804878057
PYM-11317,2025-02-19,Pyme,Pudahuel,Rancagua,0.006,4100,1886,766,998,3650,450,10.975609756097562
PYM-12284,2025-04-27,Pyme,Pudahuel,Rancagua,0.034,4100,2003,766,1023,3792,308,7.5121951219512191
PYM-13156,2025-09-28,Pyme,Maipú,Rancagua,0.044,4100,2100,766,1006,3872,228,5.5609756097560981
PYM-11565,2025-07-20,Pyme,Maipú,Rancagua,0.02,4100,2043,767,997,3807,293,7.1463414634146334
PYM-10816,2025-05-18,Pyme,Lampa,Rancagua,0.036,4100,1888,768,1008,3664,436,10.634146341463415
PYM-10844,2025-11-06,Pyme,Providencia,Rancagua,0.01,4100,2005,768,992,3765,335,8.1707317073170742
PYM-10520,2025-02-21,Pyme,Lampa,Rancagua,0.049,4100,1866,769,950,3585,515,12.560975609756097
PYM-12038,2025-03-07,Pyme,Quilicura,Rancagua,0.032,4100,2126,769,968,3863,237,5.7804878048780495
PYM-11912,2025-12-01,Pyme,San Bernardo,Rancagua,0.042,4100,2059,770,1008,3837,263,6.4146341463414638
PYM-10928,2025-02-09,Pyme,San Bernardo,Rancagua,0.029,4100,1980,771,988,3739,361,8.8048780487804876
PYM-12479,2025-04-10,Pyme,Providencia,Rancagua,0.025,4100,1934,771,964,3669,431,10.512195121951219
PYM-10437,2025-09-08,Pyme,Santiago,Rancagua,0.021,4100,2066,772,961,3799,301,7.3414634146341458
PYM-10468,2025-01-03,Pyme,Maipú,Rancagua,0.023,4100,1863,772,957,3592,508,12.390243902439025
PYM-11395,2025-12-06,Pyme,San Bernardo,Rancagua,0.049,4100,1853,772,1029,3654,446,10.878048780487806
PYM-11692,2025-11-07,Pyme,Pudahuel,Rancagua,0.044,4100,2131,772,1032,3935,165,4.024390243902439
PYM-13404,2025-01-30,Pyme,Quilicura,Rancagua,0.035,4100,1853,772,1020,3645,455,11.097560975609756
PYM-12353,2025-12-12,Pyme,Quilicura,Rancagua,0.017,4100,1948,773,975,3696,404,9.8536585365853657
PYM-13490,2025-07-04,Pyme,Maipú,Rancagua,0.038,4100,2157,774,995,3926,174,4.2439024390243905
PYM-13485,2025-02-20,Pyme,Lampa,Rancagua,0.026,4100,1930,775,973,3678,422,10.292682926829269
PYM-10676,2025-07-02,Pyme,Santiago,Rancagua,0.048,4100,2030,776,1000,3806,294,7.1707317073170724
PYM-10885,2025-09-12,Pyme,San Bernardo,Rancagua,0.036,4100,2106,776,982,3864,236,5.75609756097561
PYM-11779,2025-12-19,Pyme,Providencia,Rancagua,0.03,4100,1884,776,962,3622,478,11.658536585365855
PYM-12602,2025-10-31,Pyme,Pudahuel,Rancagua,0.032,4100,2170,776,976,3922,178,4.3414634146341458
PYM-12904,2025-09-21,Pyme,Santiago,Rancagua,0.013,4100,1924,776,1015,3715,385,9.3902439024390247
PYM-11004,2025-04-19,Pyme,Quilicura,Rancagua,0.009,4100,1844,777,996,3617,483,11.780487804878048
PYM-12214,2025-10-05,Pyme,San Bernardo,Rancagua,0.046,4100,1874,777,975,3626,474,11.560975609756099
PYM-12348,2025-07-07,Pyme,Santiago,Rancagua,0.049,4100,1905,777,969,3651,449,10.951219512195122
PYM-10408,2025-12-27,Pyme,Quilicura,Rancagua,0.024,4100,2011,779,1000,3790,310,7.5609756097560972
PYM-10722,2025-04-30,Pyme,Santiago,Rancagua,0.046,4100,1958,779,1031,3768,332,8.0975609756097562
PYM-10172,2025-06-07,Pyme,Lampa,Rancagua,0.042,4100,2102,780,969,3851,249,6.0731707317073171
PYM-10306,2025-08-02,Pyme,Lampa,Rancagua,0.045,4100,1864,780,1044,3688,412,10.048780487804878
PYM-11700,2025-10-28,Pyme,Lampa,Rancagua,0.031,4100,1934,780,1007,3721,379,9.24390243902439
PYM-13904,2025-12-03,Pyme,Pudahuel,Rancagua,0.028,4100,1939,780,972,3691,409,9.9756097560975618
PYM-12542,2025-09-16,Pyme,Pudahuel,Rancagua,0.044,4100,1895,781,974,3650,450,10.975609756097562
PYM-13658,2025-08-28,Pyme,Quilicura,Rancagua,0.038,4100,1985,781,1040,3806,294,7.1707317073170724
PYM-10295,2025-02-05,Pyme,San Bernardo,Rancagua,0.008,4100,1814,782,977,3573,527,12.853658536585366
PYM-11668,2025-05-12,Pyme,Maipú,Rancagua,0.03,4100,2058,782,979,3819,281,6.8536585365853666
PYM-13306,2025-08-01,Pyme,Santiago,Rancagua,0.049,4100,1881,782,1031,3694,406,9.9024390243902438
PYM-12188,2025-06-13,Pyme,Maipú,Rancagua,0.028,4100,2156,783,1043,3982,118,2.8780487804878052
PYM-12507,2025-03-21,Pyme,Pudahuel,Rancagua,0.012,4100,2140,783,950,3873,227,5.536585365853659
PYM-10007,2025-09-21,Pyme,Lampa,Rancagua,0.023,4100,2065,784,1002,3851,249,6.0731707317073171
PYM-10977,2025-01-22,Pyme,Santiago,Rancagua,0.022,4100,1880,784,1002,3666,434,10.585365853658537
PYM-12174,2025-09-02,Pyme,Pudahuel,Rancagua,0.012,4100,1860,784,1030,3674,426,10.390243902439025
PYM-13998,2025-03-12,Pyme,Maipú,Rancagua,0.048,4100,1977,784,1033,3794,306,7.463414634146341
PYM-10405,2025-02-28,Pyme,Pudahuel,Rancagua,0.011,4100,2138,785,977,3900,200,4.8780487804878048
PYM-11834,2025-09-24,Pyme,Lampa,Rancagua,0.045,4100,1806,785,986,3577,523,12.75609756097561
PYM-11805,2025-12-11,Pyme,San Bernardo,Rancagua,0.032,4100,2159,786,1049,3994,106,2.5853658536585367
PYM-12487,2025-12-01,Pyme,Maipú,Rancagua,0.04,4100,2064,786,987,3837,263,6.4146341463414638
PYM-10105,2025-11-25,Pyme,Santiago,Rancagua,0.026,4100,1964,787,1042,3793,307,7.48780487804878
PYM-10553,2025-03-28,Pyme,Lampa,Rancagua,0.025,4100,1873,787,992,3652,448,10.926829268292684
PYM-10797,2025-07-20,Pyme,Maipú,Rancagua,0.032,4100,1899,787,1039,3725,375,9.1463414634146343
PYM-11226,2025-12-08,Pyme,Lampa,Rancagua,0.031,4100,1871,787,991,3649,451,11
PYM-11986,2025-08-31,Pyme,Quilicura,Rancagua,0.021,4100,1928,787,970,3685,415,10.121951219512196
PYM-12678,2025-10-24,Pyme,Pudahuel,Rancagua,0.047,4100,2158,787,980,3925,175,4.2682926829268295
PYM-13848,2025-01-29,Pyme,Quilicura,Rancagua,0.006,4100,1966,787,959,3712,388,9.463414634146341
PYM-10203,2025-02-10,Pyme,Maipú,Rancagua,0.023,4100,2005,788,1009,3802,298,7.2682926829268286
PYM-10734,2025-10-09,Pyme,San Bernardo,Rancagua,0.005,4100,1808,788,983,3579,521,12.707317073170731
PYM-13221,2025-03-07,Pyme,Providencia,Rancagua,0.006,4100,2118,788,956,3862,238,5.8048780487804885
PYM-10271,2025-08-14,Pyme,Quilicura,Rancagua,0.01,4100,1889,789,993,3671,429,10.463414634146341
PYM-13070,2025-07-04,Pyme,Lampa,Rancagua,0.036,4100,2173,789,1018,3980,120,2.9268292682926833
PYM-13657,2025-04-15,Pyme,San Bernardo,Rancagua,0.02,4100,2109,789,966,3864,236,5.75609756097561
PYM-11360,2025-05-11,Pyme,Santiago,Rancagua,0.028,4100,2170,790,974,3934,166,4.0487804878048781
PYM-13531,2025-11-27,Pyme,Santiago,Rancagua,0.042,4100,1826,790,1035,3651,449,10.951219512195122
PYM-10008,2025-04-16,Pyme,Providencia,Rancagua,0.049,4100,1979,791,1042,3812,288,7.02439024390244
PYM-10121,2025-11-05,Pyme,Santiago,Rancagua,0.04,4100,1933,791,1003,3727,373,9.0975609756097562
PYM-10394,2025-08-04,Pyme,Lampa,Rancagua,0.038,4100,2057,791,1021,3869,231,5.6341463414634152
PYM-12300,2025-03-24,Pyme,Santiago,Rancagua,0.027,4100,2176,791,970,3937,163,3.975609756097561
PYM-12853,2025-04-16,Pyme,Quilicura,Rancagua,0.043,4100,2185,791,952,3928,172,4.1951219512195124
PYM-12910,2025-01-23,Pyme,Lampa,Rancagua,0.03,4100,2004,791,995,3790,310,7.5609756097560972
PYM-12586,2025-10-29,Pyme,San Bernardo,Rancagua,0.03,4100,2044,792,994,3830,270,6.5853658536585371
PYM-11796,2025-12-25,Pyme,Lampa,Rancagua,0.049,4100,1873,793,989,3655,445,10.853658536585366
PYM-12206,2025-01-20,Pyme,Santiago,Rancagua,0.025,4100,1967,793,953,3713,387,9.4390243902439028
PYM-13394,2025-11-03,Pyme,Lampa,Rancagua,0.018,4100,2180,793,1038,4011,89,2.1707317073170729
PYM-11943,2025-07-05,Pyme,Lampa,Rancagua,0.031,4100,2012,794,988,3794,306,7.463414634146341
PYM-12203,2025-11-20,Pyme,San Bernardo,Rancagua,0.016,4100,1851,794,962,3607,493,12.024390243902438
PYM-12633,2025-12-26,Pyme,Lampa,Rancagua,0.005,4100,2167,794,970,3931,169,4.1219512195121952
PYM-12921,2025-06-07,Pyme,Lampa,Rancagua,0.036,4100,2031,794,957,3782,318,7.7560975609756095
PYM-11539,2025-01-28,Pyme,Pudahuel,Rancagua,0.034,4100,1874,795,1010,3679,421,10.268292682926829
PYM-11771,2025-12-12,Pyme,Quilicura,Rancagua,0.011,4100,2147,795,1047,3989,111,2.7073170731707319
PYM-10324,2025-05-14,Pyme,Quilicura,Rancagua,0.013,4100,1978,796,1036,3810,290,7.0731707317073162
PYM-10871,2025-10-05,Pyme,Quilicura,Rancagua,0.022,4100,2171,796,968,3935,165,4.024390243902439
PYM-11590,2025-03-22,Pyme,Santiago,Rancagua,0.048,4100,2038,797,1019,3854,246,6
PYM-12789,2025-09-18,Pyme,Maipú,Rancagua,0.017,4100,1922,797,999,3718,382,9.3170731707317067
PYM-10060,2025-08-21,Pyme,Quilicura,Rancagua,0.019,4100,2070,798,999,3867,233,5.6829268292682933
PYM-10378,2025-01-16,Pyme,Pudahuel,Rancagua,0.028,4100,1896,798,964,3658,442,10.780487804878049
PYM-13822,2025-07-16,Pyme,Providencia,Rancagua,0.042,4100,2135,798,968,3901,199,4.8536585365853657
PYM-11402,2025-08-27,Pyme,San Bernardo,Rancagua,0.042,4100,1985,799,992,3776,324,7.9024390243902438
PYM-10633,2025-09-17,Pyme,San Bernardo,Rancagua,0.047,4100,1987,800,970,3757,343,8.3658536585365866
PYM-13018,2025-01-18,Pyme,Providencia,Rancagua,0.017,4100,1858,800,1042,3700,400,9.75609756097561
PYM-11340,2025-05-21,Pyme,Providencia,Rancagua,0.011,4100,1906,801,960,3667,433,10.560975609756097
PYM-11560,2025-08-11,Pyme,Pudahuel,Rancagua,0.048,4100,2176,801,1049,4026,74,1.8048780487804876
PYM-13856,2025-08-24,Pyme,San Bernardo,Rancagua,0.028,4100,1964,801,971,3736,364,8.8780487804878039
PYM-11608,2025-07-08,Pyme,San Bernardo,Rancagua,0.043,4100,1992,802,980,3774,326,7.9512195121951219
PYM-10409,2025-10-04,Pyme,Maipú,Rancagua,0.017,4100,2104,803,968,3875,225,5.4878048780487809
PYM-10884,2025-01-27,Pyme,Quilicura,Rancagua,0.032,4100,1805,803,995,3603,497,12.121951219512194
PYM-11236,2025-08-02,Pyme,Quilicura,Rancagua,0.025,4100,2043,803,996,3842,258,6.2926829268292686
PYM-11920,2025-10-13,Pyme,San Bernardo,Rancagua,0.019,4100,2138,803,991,3932,168,4.0975609756097562
PYM-12533,2025-12-31,Pyme,Maipú,Rancagua,0.038,4100,1917,803,1013,3733,367,8.9512195121951219
PYM-12558,2025-07-06,Pyme,Quilicura,Rancagua,0.04,4100,2121,803,976,3900,200,4.8780487804878048
PYM-11062,2025-11-19,Pyme,Lampa,Rancagua,0.012,4100,2042,804,998,3844,256,6.2439024390243905
PYM-12126,2025-06-20,Pyme,Pudahuel,Rancagua,0.009,4100,1975,804,1029,3808,292,7.1219512195121943
PYM-10333,2025-07-20,Pyme,San Bernardo,Rancagua,0.044,4100,2151,805,1001,3957,143,3.4878048780487809
PYM-12516,2025-03-10,Pyme,Lampa,Rancagua,0.039,4100,1833,805,1007,3645,455,11.097560975609756
PYM-10330,2025-02-10,Pyme,Providencia,Rancagua,0.044,4100,2067,807,1039,3913,187,4.5609756097560972
PYM-12175,2025-04-06,Pyme,Lampa,Rancagua,0.01,4100,2156,807,1030,3993,107,2.6097560975609757
PYM-12724,2025-06-30,Pyme,San Bernardo,Rancagua,0.025,4100,1811,807,1029,3647,453,11.048780487804878
PYM-12978,2025-10-06,Pyme,Maipú,Rancagua,0.007,4100,1822,807,1008,3637,463,11.292682926829269
PYM-13035,2025-03-19,Pyme,Pudahuel,Rancagua,0.011,4100,1859,807,979,3645,455,11.097560975609756
PYM-13519,2025-11-03,Pyme,Quilicura,Rancagua,0.031,4100,1931,807,963,3701,399,9.7317073170731714
PYM-10605,2025-12-06,Pyme,San Bernardo,Rancagua,0.021,4100,1835,808,984,3627,473,11.536585365853659
PYM-13304,2025-09-11,Pyme,Lampa,Rancagua,0.014,4100,1878,808,1024,3710,390,9.5121951219512191
PYM-13840,2025-11-14,Pyme,Pudahuel,Rancagua,0.039,4100,2156,808,1037,4001,99,2.4146341463414633
PYM-13074,2025-09-13,Pyme,Pudahuel,Rancagua,0.01,4100,2004,809,980,3793,307,7.48780487804878
PYM-13377,2025-10-21,Pyme,Quilicura,Rancagua,0.044,4100,2111,809,957,3877,223,5.4390243902439028
PYM-13418,2025-10-21,Pyme,Providencia,Rancagua,0.047,4100,2174,809,1039,4022,78,1.9024390243902438
PYM-10873,2025-08-18,Pyme,Quilicura,Rancagua,0.049,4100,1943,810,1021,3774,326,7.9512195121951219
PYM-13269,2025-08-11,Pyme,Santiago,Rancagua,0.03,4100,1982,810,1021,3813,287,7.0000000000000009
PYM-13841,2025-06-06,Pyme,Maipú,Rancagua,0.026,4100,2111,810,975,3896,204,4.975609756097561
PYM-11221,2025-07-01,Pyme,Pudahuel,Rancagua,0.008,4100,2154,811,966,3931,169,4.1219512195121952
PYM-13999,2025-09-14,Pyme,San Bernardo,Rancagua,0.047,4100,2154,811,1006,3971,129,3.1463414634146343
PYM-11633,2025-12-17,Pyme,Lampa,Rancagua,0.044,4100,1819,812,972,3603,497,12.121951219512194
PYM-12055,2025-10-31,Pyme,Lampa,Rancagua,0.042,4100,1809,812,971,3592,508,12.390243902439025
PYM-13310,2025-10-13,Pyme,San Bernardo,Rancagua,0.032,4100,2177,812,997,3986,114,2.780487804878049
PYM-12327,2025-02-20,Pyme,Maipú,Rancagua,0.01,4100,2153,813,1019,3985,115,2.8048780487804881
PYM-13022,2025-06-10,Pyme,Maipú,Rancagua,0.014,4100,2138,813,1008,3959,141,3.4390243902439028
PYM-13239,2025-06-06,Pyme,Providencia,Rancagua,0.011,4100,2048,813,1006,3867,233,5.6829268292682933
PYM-10599,2025-07-14,Pyme,Providencia,Rancagua,0.045,4100,2041,814,1007,3862,238,5.8048780487804885
PYM-12698,2025-03-07,Pyme,San Bernardo,Rancagua,0.028,4100,2112,814,1017,3943,157,3.8292682926829267
PYM-11365,2025-12-18,Pyme,Providencia,Rancagua,0.024,4100,2078,815,1020,3913,187,4.5609756097560972
PYM-11656,2025-08-11,Pyme,Quilicura,Rancagua,0.023,4100,1997,815,977,3789,311,7.5853658536585362
PYM-12235,2025-09-15,Pyme,Pudahuel,Rancagua,0.01,4100,1967,815,1049,3831,269,6.5609756097560981
PYM-12999,2025-04-02,Pyme,Providencia,Rancagua,0.021,4100,2112,815,962,3889,211,5.1463414634146343
PYM-13861,2025-04-25,Pyme,Santiago,Rancagua,0.024,4100,1875,815,990,3680,420,10.24390243902439
PYM-13508,2025-01-30,Pyme,San Bernardo,Rancagua,0.036,4100,1894,816,984,3694,406,9.9024390243902438
PYM-13546,2025-03-09,Pyme,Pudahuel,Rancagua,0.034,4100,2182,816,973,3971,129,3.1463414634146343
PYM-13569,2025-06-20,Pyme,Lampa,Rancagua,0.042,4100,2027,816,992,3835,265,6.4634146341463419
PYM-11087,2025-05-12,Pyme,San Bernardo,Rancagua,0.039,4100,1870,817,1020,3707,393,9.5853658536585371
PYM-11394,2025-12-06,Pyme,Providencia,Rancagua,0.037,4100,1954,817,956,3727,373,9.0975609756097562
PYM-13544,2025-02-02,Pyme,Quilicura,Rancagua,0.022,4100,1928,817,1019,3764,336,8.1951219512195124
PYM-10260,2025-11-04,Pyme,Lampa,Rancagua,0.011,4100,1929,818,997,3744,356,8.6829268292682915
PYM-11458,2025-07-13,Pyme,Providencia,Rancagua,0.008,4100,2111,818,1007,3936,164,4
PYM-12053,2025-09-04,Pyme,Providencia,Rancagua,0.029,4100,2121,818,1042,3981,119,2.9024390243902443
PYM-10723,2025-11-20,Pyme,Santiago,Rancagua,0.031,4100,1882,819,1004,3705,395,9.6341463414634152
PYM-12785,2025-08-25,Pyme,Providencia,Rancagua,0.023,4100,1859,819,968,3646,454,11.073170731707318
PYM-13607,2025-12-27,Pyme,Maipú,Rancagua,0.018,4100,2131,819,991,3941,159,3.8780487804878048
PYM-10240,2025-10-30,Pyme,Santiago,Rancagua,0.023,4100,1980,820,984,3784,316,7.7073170731707314
PYM-10701,2025-12-20,Pyme,Pudahuel,Rancagua,0.041,4100,2194,820,974,3988,112,2.7317073170731709
PYM-11647,2025-07-15,Pyme,Santiago,Rancagua,0.031,4100,2133,820,982,3935,165,4.024390243902439
PYM-11663,2025-06-04,Pyme,San Bernardo,Rancagua,0.047,4100,2013,820,1026,3859,241,5.8780487804878048
PYM-12275,2025-05-15,Pyme,Santiago,Rancagua,0.03,4100,2076,820,965,3861,239,5.8292682926829276
PYM-13428,2025-12-30,Pyme,Santiago,Rancagua,0.031,4100,2037,820,979,3836,264,6.4390243902439028
PYM-10879,2025-10-08,Pyme,Santiago,Rancagua,0.033,4100,1947,821,1031,3799,301,7.3414634146341458
PYM-13357,2025-11-15,Pyme,San Bernardo,Rancagua,0.016,4100,1931,821,1041,3793,307,7.48780487804878
PYM-10522,2025-05-05,Pyme,San Bernardo,Rancagua,0.014,4100,2159,822,957,3938,162,3.9512195121951219
PYM-10919,2025-12-25,Pyme,Providencia,Rancagua,0.013,4100,2194,822,989,4005,95,2.3170731707317072
PYM-11900,2025-05-23,Pyme,Pudahuel,Rancagua,0.039,4100,2146,823,1046,4015,85,2.0731707317073171
PYM-11591,2025-10-20,Pyme,Lampa,Rancagua,0.015,4100,2067,824,966,3857,243,5.9268292682926829
PYM-11896,2025-01-07,Pyme,Providencia,Rancagua,0.021,4100,1883,824,1012,3719,381,9.2926829268292686
PYM-13249,2025-02-06,Pyme,Providencia,Rancagua,0.022,4100,1802,824,999,3625,475,11.585365853658537
PYM-10785,2025-06-05,Pyme,San Bernardo,Rancagua,0.031,4100,2180,825,1020,4025,75,1.8292682926829267
PYM-13145,2025-12-31,Pyme,Quilicura,Rancagua,0.042,4100,2179,825,1005,4009,91,2.219512195121951
PYM-12776,2025-01-18,Pyme,Pudahuel,Rancagua,0.016,4100,2004,826,992,3822,278,6.7804878048780495
PYM-11179,2025-04-01,Pyme,Quilicura,Rancagua,0.025,4100,1929,827,979,3735,365,8.9024390243902438
PYM-13893,2025-12-13,Pyme,Pudahuel,Rancagua,0.008,4100,2194,827,992,4013,87,2.1219512195121952
PYM-11542,2025-01-26,Pyme,Quilicura,Rancagua,0.042,4100,2103,828,1047,3978,122,2.975609756097561
PYM-12336,2025-10-10,Pyme,Pudahuel,Rancagua,0.008,4100,2060,828,963,3851,249,6.0731707317073171
PYM-12843,2025-04-04,Pyme,Santiago,Rancagua,0.037,4100,1942,828,953,3723,377,9.1951219512195124
PYM-11903,2025-01-21,Pyme,San Bernardo,Rancagua,0.044,4100,2139,829,1009,3977,123,3
PYM-13749,2025-10-02,Pyme,San Bernardo,Rancagua,0.024,4100,2169,829,975,3973,127,3.0975609756097562
PYM-12217,2025-08-27,Pyme,San Bernardo,Rancagua,0.047,4100,1839,830,980,3649,451,11
PYM-13610,2025-06-17,Pyme,Santiago,Rancagua,0.017,4100,1948,830,1034,3812,288,7.02439024390244
PYM-13655,2025-12-10,Pyme,Maipú,Rancagua,0.028,4100,2068,830,1034,3932,168,4.0975609756097562
PYM-12097,2025-11-09,Pyme,Maipú,Rancagua,0.048,4100,2152,831,1002,3985,115,2.8048780487804881
PYM-12798,2025-04-17,Pyme,Maipú,Rancagua,0.016,4100,1851,831,1019,3701,399,9.7317073170731714
PYM-10658,2025-06-22,Pyme,Maipú,Rancagua,0.038,4100,2151,832,1049,4032,68,1.6585365853658538
PYM-12486,2025-12-23,Pyme,Lampa,Rancagua,0.043,4100,1809,832,957,3598,502,12.24390243902439
PYM-13217,2025-12-17,Pyme,Maipú,Rancagua,0.04,4100,2134,832,1003,3969,131,3.1951219512195124
PYM-10418,2025-12-30,Pyme,San Bernardo,Rancagua,0.046,4100,1959,833,1049,3841,259,6.3170731707317076
PYM-11629,2025-01-12,Pyme,Maipú,Rancagua,0.017,4100,1901,833,1027,3761,339,8.26829268292683
PYM-10566,2025-01-20,Pyme,Maipú,Rancagua,0.035,4100,1932,834,1034,3800,300,7.3170731707317067
PYM-11031,2025-02-21,Pyme,Maipú,Rancagua,0.035,4100,2014,834,1033,3881,219,5.3414634146341466
PYM-11479,2025-02-07,Pyme,San Bernardo,Rancagua,0.017,4100,2099,834,1009,3942,158,3.8536585365853657
PYM-10802,2025-02-13,Pyme,Lampa,Rancagua,0.043,4100,1923,835,1017,3775,325,7.9268292682926829
PYM-11595,2025-10-29,Pyme,San Bernardo,Rancagua,0.021,4100,2010,835,1009,3854,246,6
PYM-12718,2025-06-20,Pyme,Providencia,Rancagua,0.044,4100,2186,835,1048,4069,31,0.75609756097560976
PYM-13436,2025-11-30,Pyme,Quilicura,Rancagua,0.03,4100,1986,835,991,3812,288,7.02439024390244
PYM-13736,2025-05-29,Pyme,Providencia,Rancagua,0.009,4100,1833,835,958,3626,474,11.560975609756099
PYM-13474,2025-11-15,Pyme,Maipú,Rancagua,0.049,4100,1945,836,1039,3820,280,6.8292682926829276
PYM-11817,2025-12-23,Pyme,Lampa,Rancagua,0.023,4100,1803,837,993,3633,467,11.390243902439025
PYM-13728,2025-10-10,Pyme,Pudahuel,Rancagua,0.018,4100,1988,837,985,3810,290,7.0731707317073162
PYM-10801,2025-09-09,Pyme,Quilicura,Rancagua,0.035,4100,1996,838,977,3811,289,7.0487804878048772
PYM-11222,2025-07-03,Pyme,Lampa,Rancagua,0.032,4100,1934,838,1037,3809,291,7.0975609756097553
PYM-11403,2025-10-22,Pyme,Maipú,Rancagua,0.028,4100,2180,838,1004,4022,78,1.9024390243902438
PYM-12736,2025-06-24,Pyme,San Bernardo,Rancagua,0.028,4100,1816,838,964,3618,482,11.75609756097561
PYM-10832,2025-08-20,Pyme,San Bernardo,Rancagua,0.007,4100,1881,839,1004,3724,376,9.1707317073170724
PYM-12239,2025-07-24,Pyme,Quilicura,Rancagua,0.031,4100,1939,839,998,3776,324,7.9024390243902438
PYM-10204,2025-11-22,Pyme,Santiago,Valparaíso,0.049,4100,2143,855,1059,4057,43,1.0487804878048781
PYM-13085,2025-04-12,Pyme,Pudahuel,Valparaíso,0.028,4100,2178,855,1011,4044,56,1.3658536585365855
PYM-13337,2025-12-10,Pyme,Providencia,Valparaíso,0.03,4100,2109,855,1050,4014,86,2.0975609756097562
PYM-10325,2025-11-24,Pyme,Maipú,Valparaíso,0.049,4100,1991,856,1041,3888,212,5.1707317073170733
PYM-10448,2025-09-05,Pyme,Providencia,Valparaíso,0.017,4100,2165,856,1044,4065,35,0.853658536585366
PYM-11880,2025-05-25,Pyme,Maipú,Valparaíso,0.009,4100,1928,856,1009,3793,307,7.48780487804878
PYM-12265,2025-02-07,Pyme,Quilicura,Valparaíso,0.005,4100,2195,856,1015,4066,34,0.8292682926829269
PYM-12295,2025-03-28,Pyme,Quilicura,Valparaíso,0.048,4100,1897,857,1082,3836,264,6.4390243902439028
PYM-12368,2025-11-01,Pyme,Pudahuel,Valparaíso,0.041,4100,1923,857,1013,3793,307,7.48780487804878
PYM-12417,2025-03-25,Pyme,Quilicura,Valparaíso,0.024,4100,1952,857,1077,3886,214,5.2195121951219514
PYM-10779,2025-02-03,Pyme,Pudahuel,Valparaíso,0.049,4100,1931,859,1044,3834,266,6.4878048780487809
PYM-12247,2025-02-13,Pyme,Maipú,Valparaíso,0.049,4100,1802,859,1012,3673,427,10.414634146341463
PYM-13570,2025-12-04,Pyme,Lampa,Valparaíso,0.012,4100,2012,859,1097,3968,132,3.2195121951219514
PYM-10976,2025-12-22,Pyme,Providencia,Valparaíso,0.044,4100,2042,860,1068,3970,130,3.1707317073170733
PYM-11313,2025-10-16,Pyme,Santiago,Valparaíso,0.041,4100,1802,860,1042,3704,396,9.6585365853658534
PYM-13799,2025-06-19,Pyme,Maipú,Valparaíso,0.02,4100,2116,860,1090,4066,34,0.8292682926829269
PYM-11715,2025-10-15,Pyme,Santiago,Valparaíso,0.024,4100,1912,861,1012,3785,315,7.6829268292682924
PYM-13403,2025-07-09,Pyme,Providencia,Valparaíso,0.023,4100,2052,861,1012,3925,175,4.2682926829268295
PYM-11722,2025-01-14,Pyme,Maipú,Valparaíso,0.033,4100,1945,862,1090,3897,203,4.9512195121951219
PYM-12396,2025-01-24,Pyme,Maipú,Valparaíso,0.048,4100,2161,862,1083,4106,-6,-0.14634146341463414
PYM-13154,2025-10-25,Pyme,Providencia,Valparaíso,0.03,4100,1867,862,1012,3741,359,8.75609756097561
PYM-13689,2025-01-25,Pyme,Providencia,Valparaíso,0.016,4100,1904,862,1033,3799,301,7.3414634146341458
PYM-13210,2025-09-28,Pyme,Maipú,Valparaíso,0.006,4100,1976,864,1024,3864,236,5.75609756097561
PYM-13540,2025-11-28,Pyme,San Bernardo,Valparaíso,0.014,4100,1823,864,1082,3769,331,8.073170731707318
PYM-10964,2025-01-19,Pyme,Lampa,Valparaíso,0.043,4100,1893,865,1031,3789,311,7.5853658536585362
PYM-13958,2025-12-01,Pyme,Quilicura,Valparaíso,0.011,4100,1850,865,1101,3816,284,6.9268292682926838
PYM-11956,2025-10-21,Pyme,Maipú,Valparaíso,0.009,4100,2179,866,1001,4046,54,1.3170731707317074
PYM-13020,2025-06-28,Pyme,Providencia,Valparaíso,0.045,4100,2009,866,1035,3910,190,4.6341463414634143
PYM-10913,2025-05-22,Pyme,Providencia,Valparaíso,0.006,4100,1918,867,1012,3797,303,7.3902439024390238
PYM-12566,2025-10-17,Pyme,Santiago,Valparaíso,0.027,4100,1934,867,1025,3826,274,6.6829268292682933
PYM-12572,2025-06-25,Pyme,San Bernardo,Valparaíso,0.029,4100,2057,867,1004,3928,172,4.1951219512195124
PYM-12877,2025-05-03,Pyme,Quilicura,Valparaíso,0.011,4100,2199,867,1017,4083,17,0.41463414634146345
PYM-12742,2025-02-08,Pyme,San Bernardo,Valparaíso,0.023,4100,2002,868,1032,3902,198,4.8292682926829267
PYM-12879,2025-01-08,Pyme,Providencia,Valparaíso,0.016,4100,2011,868,1061,3940,160,3.9024390243902438
PYM-10212,2025-05-31,Pyme,Maipú,Valparaíso,0.037,4100,2093,869,1017,3979,121,2.9512195121951219
PYM-12004,2025-12-04,Pyme,Maipú,Valparaíso,0.006,4100,2162,869,1000,4031,69,1.6829268292682928
PYM-12448,2025-02-08,Pyme,Pudahuel,Valparaíso,0.032,4100,2139,869,1025,4033,67,1.6341463414634148
PYM-12721,2025-08-06,Pyme,Providencia,Valparaíso,0.011,4100,2117,869,1054,4040,60,1.4634146341463417
PYM-10088,2025-03-02,Pyme,Pudahuel,Valparaíso,0.042,4100,1911,870,1006,3787,313,7.6341463414634143
PYM-10205,2025-06-13,Pyme,San Bernardo,Valparaíso,0.016,4100,1829,870,1052,3751,349,8.51219512195122
PYM-12821,2025-03-16,Pyme,Maipú,Valparaíso,0.021,4100,1892,870,1101,3863,237,5.7804878048780495
PYM-11044,2025-04-21,Pyme,Lampa,Valparaíso,0.022,4100,1861,871,1035,3767,333,8.1219512195121961
PYM-12847,2025-08-28,Pyme,Pudahuel,Valparaíso,0.024,4100,1864,871,1057,3792,308,7.5121951219512191
PYM-10737,2025-10-05,Pyme,Pudahuel,Valparaíso,0.042,4100,1930,872,1055,3857,243,5.9268292682926829
PYM-10652,2025-04-04,Pyme,San Bernardo,Valparaíso,0.009,4100,2047,873,1059,3979,121,2.9512195121951219
PYM-12199,2025-04-03,Pyme,Maipú,Valparaíso,0.008,4100,1830,873,1072,3775,325,7.9268292682926829
PYM-12354,2025-01-28,Pyme,Quilicura,Valparaíso,0.032,4100,1912,873,1011,3796,304,7.4146341463414629
PYM-10143,2025-11-06,Pyme,Pudahuel,Valparaíso,0.048,4100,2093,874,1000,3967,133,3.2439024390243905
PYM-12025,2025-08-01,Pyme,Maipú,Valparaíso,0.015,4100,1875,874,1033,3782,318,7.7560975609756095
PYM-11665,2025-04-20,Pyme,Pudahuel,Valparaíso,0.048,4100,2053,875,1003,3931,169,4.1219512195121952
PYM-11973,2025-08-09,Pyme,Pudahuel,Valparaíso,0.006,4100,2142,875,1082,4099,1,0.024390243902439025
PYM-12891,2025-01-20,Pyme,Maipú,Valparaíso,0.016,4100,1939,875,1072,3886,214,5.2195121951219514
PYM-12865,2025-07-13,Pyme,Providencia,Valparaíso,0.038,4100,2059,876,1045,3980,120,2.9268292682926833
PYM-10949,2025-05-24,Pyme,Santiago,Valparaíso,0.032,4100,2093,877,1049,4019,81,1.975609756097561
PYM-12001,2025-06-03,Pyme,Providencia,Valparaíso,0.024,4100,1892,877,1096,3865,235,5.7317073170731714
PYM-12546,2025-05-21,Pyme,Maipú,Valparaíso,0.015,4100,2096,877,1070,4043,57,1.3902439024390245
PYM-11772,2025-06-20,Pyme,Santiago,Valparaíso,0.045,4100,2149,878,1019,4046,54,1.3170731707317074
PYM-11941,2025-08-11,Pyme,Maipú,Valparaíso,0.008,4100,2012,878,1064,3954,146,3.5609756097560972
PYM-10296,2025-09-27,Pyme,Pudahuel,Valparaíso,0.039,4100,2137,879,1013,4029,71,1.7317073170731709
PYM-10422,2025-02-10,Pyme,Santiago,Valparaíso,0.048,4100,2146,880,1097,4123,-23,-0.5609756097560975
PYM-12269,2025-08-26,Pyme,Quilicura,Valparaíso,0.013,4100,2116,880,1085,4081,19,0.46341463414634143
PYM-13730,2025-05-30,Pyme,San Bernardo,Valparaíso,0.009,4100,2108,880,1040,4028,72,1.75609756097561
PYM-12081,2025-07-15,Pyme,Providencia,Valparaíso,0.04,4100,1806,881,1064,3751,349,8.51219512195122
PYM-12962,2025-01-16,Pyme,Pudahuel,Valparaíso,0.01,4100,1970,881,1064,3915,185,4.5121951219512191
PYM-10747,2025-05-15,Pyme,Santiago,Valparaíso,0.038,4100,2144,883,1086,4113,-13,-0.31707317073170732
PYM-13594,2025-02-17,Pyme,Santiago,Valparaíso,0.032,4100,1979,884,1077,3940,160,3.9024390243902438
PYM-10317,2025-12-30,Pyme,Providencia,Valparaíso,0.016,4100,2131,885,1015,4031,69,1.6829268292682928
PYM-11297,2025-01-06,Pyme,San Bernardo,Valparaíso,0.01,4100,2109,885,1012,4006,94,2.2926829268292681
PYM-12435,2025-05-02,Pyme,Santiago,Valparaíso,0.031,4100,1973,885,1010,3868,232,5.6585365853658542
PYM-12547,2025-03-30,Pyme,Pudahuel,Valparaíso,0.025,4100,1970,885,1056,3911,189,4.6097560975609753
PYM-12243,2025-10-05,Pyme,Lampa,Valparaíso,0.022,4100,2025,886,1061,3972,128,3.1219512195121952
PYM-10730,2025-07-08,Pyme,Maipú,Valparaíso,0.007,4100,1825,889,1058,3772,328,8
PYM-11841,2025-05-23,Pyme,Maipú,Valparaíso,0.009,4100,1955,889,999,3843,257,6.2682926829268295
PYM-12747,2025-07-08,Pyme,Lampa,Valparaíso,0.03,4100,2081,889,1049,4019,81,1.975609756097561
PYM-12647,2025-12-21,Pyme,Quilicura,Valparaíso,0.019,4100,1819,890,1087,3796,304,7.4146341463414629
PYM-12982,2025-09-11,Pyme,Pudahuel,Valparaíso,0.049,4100,1824,890,1048,3762,338,8.24390243902439
PYM-10918,2025-04-13,Pyme,Lampa,Valparaíso,0.012,4100,1944,891,1082,3917,183,4.463414634146341
PYM-11160,2025-09-28,Pyme,Providencia,Valparaíso,0.027,4100,2028,891,1066,3985,115,2.8048780487804881
PYM-10641,2025-07-04,Pyme,San Bernardo,Valparaíso,0.048,4100,1865,892,999,3756,344,8.3902439024390247
PYM-12421,2025-09-13,Pyme,Providencia,Valparaíso,0.022,4100,2118,893,1045,4056,44,1.0731707317073171
PYM-12909,2025-02-25,Pyme,Quilicura,Valparaíso,0.035,4100,2191,893,1038,4122,-22,-0.53658536585365857
PYM-10006,2025-01-14,Pyme,Pudahuel,Valparaíso,0.006,4100,2073,894,1010,3977,123,3
PYM-10815,2025-04-24,Pyme,Lampa,Valparaíso,0.042,4100,1832,894,1028,3754,346,8.4390243902439028
PYM-11080,2025-05-11,Pyme,Quilicura,Valparaíso,0.041,4100,1860,894,1078,3832,268,6.536585365853659
PYM-11951,2025-09-29,Pyme,Providencia,Valparaíso,0.01,4100,2158,894,1022,4074,26,0.63414634146341464
PYM-10682,2025-04-25,Pyme,Maipú,Valparaíso,0.041,4100,1802,895,1006,3703,397,9.6829268292682933
PYM-11643,2025-02-25,Pyme,Quilicura,Valparaíso,0.036,4100,1952,895,1024,3871,229,5.5853658536585371
PYM-11544,2025-01-12,Pyme,Lampa,Valparaíso,0.045,4100,2125,896,1023,4044,56,1.3658536585365855
PYM-10080,2025-10-15,Pyme,Pudahuel,Valparaíso,0.01,4100,1999,897,1084,3980,120,2.9268292682926833
PYM-10870,2025-09-04,Pyme,Maipú,Valparaíso,0.046,4100,1985,898,1095,3978,122,2.975609756097561
PYM-11020,2025-08-24,Pyme,Lampa,Valparaíso,0.017,4100,2140,898,1041,4079,21,0.51219512195121952
PYM-12621,2025-08-24,Pyme,Providencia,Valparaíso,0.031,4100,1920,898,1039,3857,243,5.9268292682926829
PYM-10654,2025-02-04,Pyme,Lampa,Valparaíso,0.044,4100,2092,899,1063,4054,46,1.121951219512195
PYM-12556,2025-02-07,Pyme,Santiago,Valparaíso,0.037,4100,2110,900,1050,4060,40,0.975609756097561
PYM-12578,2025-12-07,Pyme,Santiago,Valparaíso,0.008,4100,2056,900,1035,3991,109,2.6585365853658538
PYM-12317,2025-12-03,Pyme,Quilicura,Valparaíso,0.034,4100,1914,901,1086,3901,199,4.8536585365853657
PYM-11563,2025-01-31,Pyme,Santiago,Valparaíso,0.045,4100,2021,902,1031,3954,146,3.5609756097560972
PYM-12418,2025-02-10,Pyme,San Bernardo,Valparaíso,0.024,4100,2039,902,1051,3992,108,2.6341463414634148
PYM-10962,2025-06-08,Pyme,San Bernardo,Valparaíso,0.043,4100,1883,903,1074,3860,240,5.8536585365853666
PYM-11350,2025-06-03,Pyme,Lampa,Valparaíso,0.027,4100,2175,903,1060,4138,-38,-0.92682926829268286
PYM-10923,2025-02-08,Pyme,Lampa,Valparaíso,0.02,4100,1960,904,1062,3926,174,4.2439024390243905
PYM-11231,2025-09-17,Pyme,Quilicura,Valparaíso,0.032,4100,2128,904,1016,4048,52,1.2682926829268293
PYM-13675,2025-01-06,Pyme,Maipú,Valparaíso,0.033,4100,2179,904,1045,4128,-28,-0.68292682926829273
PYM-12782,2025-09-23,Pyme,Lampa,Valparaíso,0.04,4100,2152,905,1065,4122,-22,-0.53658536585365857
PYM-10542,2025-07-09,Pyme,Providencia,Valparaíso,0.041,4100,1822,906,1065,3793,307,7.48780487804878
PYM-11600,2025-01-03,Pyme,San Bernardo,Valparaíso,0.028,4100,1817,906,1039,3762,338,8.24390243902439
PYM-13289,2025-08-26,Pyme,Santiago,Valparaíso,0.045,4100,2142,906,1082,4130,-30,-0.73170731707317083
PYM-10122,2025-03-16,Pyme,Maipú,Valparaíso,0.021,4100,2167,907,1000,4074,26,0.63414634146341464
PYM-11033,2025-11-13,Pyme,Lampa,Valparaíso,0.036,4100,2171,907,1067,4145,-45,-1.097560975609756
PYM-10432,2025-02-16,Pyme,Maipú,Valparaíso,0.015,4100,1957,908,1066,3931,169,4.1219512195121952
PYM-11726,2025-05-30,Pyme,Pudahuel,Valparaíso,0.012,4100,1952,908,1004,3864,236,5.75609756097561
PYM-11833,2025-01-24,Pyme,San Bernardo,Valparaíso,0.031,4100,1983,908,1025,3916,184,4.48780487804878
PYM-11649,2025-07-02,Pyme,Lampa,Valparaíso,0.03,4100,2021,909,1100,4030,70,1.7073170731707319
PYM-12727,2025-01-04,Pyme,Santiago,Valparaíso,0.016,4100,2171,909,1064,4144,-44,-1.0731707317073171
PYM-12903,2025-11-13,Pyme,Providencia,Valparaíso,0.022,4100,1952,909,1063,3924,176,4.2926829268292686
PYM-13246,2025-12-17,Pyme,Lampa,Valparaíso,0.016,4100,1872,909,1043,3824,276,6.7317073170731714
PYM-10657,2025-03-21,Pyme,Maipú,Valparaíso,0.028,4100,1823,911,1078,3812,288,7.02439024390244
PYM-11342,2025-04-06,Pyme,San Bernardo,Valparaíso,0.039,4100,2093,911,1087,4091,9,0.21951219512195125
PYM-10767,2025-08-09,Pyme,Quilicura,Valparaíso,0.014,4100,2193,912,1072,4177,-77,-1.8780487804878048
PYM-11984,2025-09-05,Pyme,Lampa,Valparaíso,0.031,4100,2119,913,997,4029,71,1.7317073170731709
PYM-10489,2025-11-27,Pyme,Pudahuel,Valparaíso,0.047,4100,1887,914,1048,3849,251,6.1219512195121952
PYM-11305,2025-11-05,Pyme,Quilicura,Valparaíso,0.037,4100,2111,914,1029,4054,46,1.121951219512195
PYM-11336,2025-11-17,Pyme,Maipú,Valparaíso,0.049,4100,1966,914,1048,3928,172,4.1951219512195124
PYM-13664,2025-04-04,Pyme,Santiago,Valparaíso,0.015,4100,1855,914,1077,3846,254,6.1951219512195124
PYM-10511,2025-11-23,Pyme,Providencia,Valparaíso,0.014,4100,1982,915,1085,3982,118,2.8780487804878052
PYM-12324,2025-09-15,Pyme,San Bernardo,Valparaíso,0.013,4100,2167,915,1047,4129,-29,-0.70731707317073178
PYM-12642,2025-08-04,Pyme,Quilicura,Valparaíso,0.029,4100,1859,916,1008,3783,317,7.7317073170731705
PYM-13381,2025-03-26,Pyme,Pudahuel,Valparaíso,0.015,4100,1964,916,1060,3940,160,3.9024390243902438
PYM-13842,2025-05-22,Pyme,Quilicura,Valparaíso,0.028,4100,1900,916,1038,3854,246,6
PYM-10615,2025-04-21,Pyme,Santiago,Valparaíso,0.035,4100,2036,917,1035,3988,112,2.7317073170731709
PYM-10620,2025-09-24,Pyme,Pudahuel,Valparaíso,0.047,4100,1999,917,1023,3939,161,3.9268292682926829
PYM-12257,2025-09-06,Pyme,Santiago,Valparaíso,0.034,4100,2079,917,1031,4027,73,1.7804878048780486
PYM-10504,2025-10-31,Pyme,San Bernardo,Valparaíso,0.006,4100,2166,918,1029,4113,-13,-0.31707317073170732
PYM-10877,2025-11-12,Pyme,Lampa,Valparaíso,0.006,4100,1841,918,1028,3787,313,7.6341463414634143
PYM-10902,2025-12-13,Pyme,Santiago,Valparaíso,0.007,4100,1907,918,1066,3891,209,5.0975609756097562
PYM-13361,2025-02-06,Pyme,Quilicura,Valparaíso,0.044,4100,1925,918,1095,3938,162,3.9512195121951219
PYM-11660,2025-04-27,Pyme,San Bernardo,Valparaíso,0.021,4100,2021,919,1091,4031,69,1.6829268292682928
PYM-12917,2025-09-30,Pyme,Providencia,Valparaíso,0.022,4100,1926,919,1099,3944,156,3.8048780487804876
PYM-10201,2025-07-05,Pyme,Maipú,Valparaíso,0.022,4100,2052,920,1011,3983,117,2.8536585365853662
PYM-10943,2025-04-19,Pyme,Lampa,Valparaíso,0.03,4100,2059,920,1064,4043,57,1.3902439024390245
PYM-12639,2025-03-17,Pyme,San Bernardo,Valparaíso,0.026,4100,1911,920,1058,3889,211,5.1463414634146343
PYM-10450,2025-08-07,Pyme,Santiago,Valparaíso,0.017,4100,2006,921,1063,3990,110,2.6829268292682928
PYM-12792,2025-02-11,Pyme,Maipú,Valparaíso,0.026,4100,1863,921,1069,3853,247,6.024390243902439
PYM-12808,2025-01-18,Pyme,Quilicura,Valparaíso,0.024,4100,1865,921,1093,3879,221,5.3902439024390247
PYM-13636,2025-04-11,Pyme,San Bernardo,Valparaíso,0.032,4100,1938,921,1090,3949,151,3.6829268292682924
PYM-13867,2025-06-19,Pyme,Quilicura,Valparaíso,0.006,4100,1830,921,1016,3767,333,8.1219512195121961
PYM-11471,2025-03-07,Pyme,Maipú,Valparaíso,0.038,4100,1843,922,1011,3776,324,7.9024390243902438
PYM-13144,2025-10-15,Pyme,Quilicura,Valparaíso,0.028,4100,1851,922,1002,3775,325,7.9268292682926829
PYM-13169,2025-07-20,Pyme,San Bernardo,Valparaíso,0.038,4100,1937,922,1092,3951,149,3.6341463414634143
PYM-11449,2025-05-22,Pyme,Pudahuel,Valparaíso,0.04,4100,2151,923,999,4073,27,0.65853658536585369
PYM-13393,2025-07-21,Pyme,Providencia,Valparaíso,0.015,4100,2145,923,1022,4090,10,0.24390243902439024
PYM-13583,2025-04-01,Pyme,Maipú,Valparaíso,0.024,4100,1821,923,1029,3773,327,7.975609756097561
PYM-10274,2025-05-29,Pyme,San Bernardo,Valparaíso,0.049,4100,2091,924,1066,4081,19,0.46341463414634143
PYM-11353,2025-08-05,Pyme,Santiago,Valparaíso,0.03,4100,2055,924,1036,4015,85,2.0731707317073171
PYM-12060,2025-02-11,Pyme,Lampa,Valparaíso,0.04,4100,1813,924,1073,3810,290,7.0731707317073162
PYM-12788,2025-06-20,Pyme,Lampa,Valparaíso,0.033,4100,1884,924,1016,3824,276,6.7317073170731714
PYM-13671,2025-02-23,Pyme,Quilicura,Valparaíso,0.012,4100,1934,924,1008,3866,234,5.7073170731707323
PYM-11901,2025-09-30,Pyme,Pudahuel,Valparaíso,0.009,4100,2181,925,1066,4172,-72,-1.75609756097561
PYM-12568,2025-06-26,Pyme,Quilicura,Valparaíso,0.031,4100,2151,925,1040,4116,-16,-0.3902439024390244
PYM-12648,2025-05-18,Pyme,Pudahuel,Valparaíso,0.029,4100,2136,925,1066,4127,-27,-0.65853658536585369
PYM-10111,2025-07-17,Pyme,Maipú,Valparaíso,0.038,4100,1855,926,1062,3843,257,6.2682926829268295
PYM-12022,2025-05-31,Pyme,Lampa,Valparaíso,0.045,4100,2190,926,1040,4156,-56,-1.3658536585365855
PYM-10604,2025-06-13,Pyme,Maipú,Valparaíso,0.035,4100,1959,927,1059,3945,155,3.7804878048780486
PYM-11213,2025-04-22,Pyme,Quilicura,Valparaíso,0.018,4100,2171,927,1014,4112,-12,-0.29268292682926828
PYM-12287,2025-09-26,Pyme,Santiago,Valparaíso,0.039,4100,1956,927,1040,3923,177,4.3170731707317067
PYM-12029,2025-08-18,Pyme,Santiago,Valparaíso,0.012,4100,1931,928,1016,3875,225,5.4878048780487809
PYM-13455,2025-04-16,Pyme,San Bernardo,Valparaíso,0.046,4100,1867,928,1032,3827,273,6.6585365853658542
PYM-13748,2025-08-08,Pyme,Lampa,Valparaíso,0.012,4100,1965,928,1038,3931,169,4.1219512195121952
PYM-13785,2025-05-14,Pyme,Providencia,Valparaíso,0.029,4100,1841,928,1028,3797,303,7.3902439024390238
PYM-13787,2025-08-09,Pyme,Quilicura,Valparaíso,0.042,4100,2116,928,1021,4065,35,0.853658536585366
PYM-10521,2025-12-26,Pyme,Quilicura,Valparaíso,0.018,4100,1808,929,1035,3772,328,8
PYM-12432,2025-08-20,Pyme,Lampa,Valparaíso,0.022,4100,1806,930,1058,3794,306,7.463414634146341
PYM-13649,2025-01-23,Pyme,Santiago,Valparaíso,0.006,4100,1850,930,1009,3789,311,7.5853658536585362
PYM-10230,2025-03-13,Pyme,Santiago,Valparaíso,0.04,4100,2092,931,1067,4090,10,0.24390243902439024
PYM-10251,2025-10-15,Pyme,Providencia,Valparaíso,0.028,4100,1911,931,997,3839,261,6.3658536585365857
PYM-12341,2025-07-13,Pyme,Lampa,Valparaíso,0.023,4100,1916,931,1045,3892,208,5.0731707317073171
PYM-13821,2025-03-06,Pyme,San Bernardo,Valparaíso,0.049,4100,1938,931,998,3867,233,5.6829268292682933
PYM-10752,2025-08-01,Pyme,Pudahuel,Valparaíso,0.024,4100,2046,932,1033,4011,89,2.1707317073170729
PYM-12096,2025-10-05,Pyme,Lampa,Valparaíso,0.021,4100,1983,932,1094,4009,91,2.219512195121951
PYM-11997,2025-04-17,Pyme,Lampa,Valparaíso,0.017,4100,1987,933,1003,3923,177,4.3170731707317067
PYM-10688,2025-04-05,Pyme,Santiago,Valparaíso,0.011,4100,1963,934,1002,3899,201,4.9024390243902438
PYM-12086,2025-12-16,Pyme,Maipú,Valparaíso,0.008,4100,1861,934,1074,3869,231,5.6341463414634152
PYM-12553,2025-12-26,Pyme,Maipú,Valparaíso,0.033,4100,1897,934,1056,3887,213,5.1951219512195124
PYM-10217,2025-11-20,Pyme,Pudahuel,Valparaíso,0.02,4100,1975,936,1089,4000,100,2.4390243902439024
PYM-11286,2025-09-23,Pyme,Maipú,Valparaíso,0.016,4100,2099,936,1088,4123,-23,-0.5609756097560975
PYM-11454,2025-03-22,Pyme,Santiago,Valparaíso,0.032,4100,1817,936,1052,3805,295,7.1951219512195115
PYM-13077,2025-06-24,Pyme,San Bernardo,Valparaíso,0.05,4100,2161,936,1011,4108,-8,-0.1951219512195122
PYM-13283,2025-12-04,Pyme,Pudahuel,Valparaíso,0.047,4100,1934,936,1072,3942,158,3.8536585365853657
PYM-12525,2025-04-02,Pyme,Quilicura,Valparaíso,0.033,4100,2090,937,1074,4101,-1,-0.024390243902439025
PYM-12941,2025-07-15,Pyme,Providencia,Valparaíso,0.021,4100,1822,937,1040,3799,301,7.3414634146341458
PYM-11277,2025-04-11,Pyme,Providencia,Valparaíso,0.029,4100,1922,938,1059,3919,181,4.4146341463414629
PYM-11963,2025-07-08,Pyme,Lampa,Valparaíso,0.037,4100,2170,938,1051,4159,-59,-1.4390243902439026
PYM-11423,2025-11-18,Pyme,Lampa,Valparaíso,0.046,4100,1879,939,999,3817,283,6.9024390243902447
PYM-11028,2025-06-26,Pyme,Lampa,Valparaíso,0.028,4100,1959,940,1064,3963,137,3.3414634146341466
PYM-11202,2025-07-27,Pyme,Pudahuel,Valparaíso,0.023,4100,1949,940,999,3888,212,5.1707317073170733
PYM-12945,2025-12-31,Pyme,Providencia,Valparaíso,0.04,4100,2008,940,1060,4008,92,2.24390243902439
PYM-12715,2025-12-22,Pyme,San Bernardo,Valparaíso,0.027,4100,1866,941,1021,3828,272,6.6341463414634152
PYM-13511,2025-07-06,Pyme,Lampa,Valparaíso,0.037,4100,1995,941,1098,4034,66,1.6097560975609757
PYM-13833,2025-12-01,Pyme,Providencia,Valparaíso,0.032,4100,2185,941,1075,4201,-101,-2.4634146341463414
PYM-11447,2025-09-06,Pyme,San Bernardo,Valparaíso,0.047,4100,2110,942,1046,4098,2,0.04878048780487805
PYM-11813,2025-06-07,Pyme,Maipú,Valparaíso,0.045,4100,1964,943,1046,3953,147,3.5853658536585362
PYM-12134,2025-11-15,Pyme,Maipú,Valparaíso,0.008,4100,1816,943,1033,3792,308,7.5121951219512191
PYM-13374,2025-07-17,Pyme,San Bernardo,Valparaíso,0.019,4100,2060,943,1064,4067,33,0.80487804878048785
PYM-13670,2025-04-04,Pyme,Providencia,Valparaíso,0.005,4100,1948,943,1008,3899,201,4.9024390243902438
PYM-13808,2025-04-07,Pyme,Lampa,Valparaíso,0.017,4100,2071,943,997,4011,89,2.1707317073170729
PYM-11266,2025-08-08,Pyme,Santiago,Valparaíso,0.018,4100,1912,944,1025,3881,219,5.3414634146341466
PYM-11987,2025-05-20,Pyme,Providencia,Valparaíso,0.025,4100,1986,944,1038,3968,132,3.2195121951219514
PYM-12388,2025-08-06,Pyme,San Bernardo,Valparaíso,0.017,4100,2176,944,1027,4147,-47,-1.1463414634146341
PYM-12400,2025-07-06,Pyme,Maipú,Valparaíso,0.038,4100,1820,944,1074,3838,262,6.3902439024390247
PYM-13379,2025-02-28,Pyme,Quilicura,Valparaíso,0.005,4100,2182,944,1057,4183,-83,-2.024390243902439
PYM-10583,2025-11-27,Pyme,Santiago,Rancagua,0.044,4300,2033,760,1028,3821,479,11.13953488372093
PYM-11645,2025-11-01,Pyme,Pudahuel,Rancagua,0.006,4300,2141,761,1010,3912,388,9.0232558139534884
PYM-12090,2025-06-11,Pyme,Quilicura,Rancagua,0.027,4300,2177,761,984,3922,378,8.7906976744186043
PYM-12371,2025-01-01,Pyme,Quilicura,Rancagua,0.013,4300,1973,761,986,3720,580,13.488372093023257
PYM-12459,2025-03-07,Pyme,Pudahuel,Rancagua,0.036,4300,1886,761,1025,3672,628,14.604651162790697
PYM-12579,2025-03-14,Pyme,Providencia,Rancagua,0.037,4300,1968,761,1048,3777,523,12.162790697674417
PYM-13913,2025-11-22,Pyme,Maipú,Rancagua,0.034,4300,2036,762,974,3772,528,12.279069767441861
PYM-11496,2025-11-16,Pyme,Lampa,Rancagua,0.01,4300,1984,763,951,3698,602,14.000000000000002
PYM-13037,2025-07-12,Pyme,San Bernardo,Rancagua,0.032,4300,2073,763,995,3831,469,10.906976744186046
PYM-13270,2025-03-26,Pyme,Santiago,Rancagua,0.05,4300,1914,763,978,3655,645,15
PYM-10062,2025-02-26,Pyme,Lampa,Rancagua,0.027,4300,2198,764,1023,3985,315,7.3255813953488378
PYM-10477,2025-04-25,Pyme,Providencia,Rancagua,0.015,4300,1898,764,989,3651,649,15.093023255813954
PYM-10551,2025-12-26,Pyme,Pudahuel,Rancagua,0.018,4300,2102,764,950,3816,484,11.255813953488373
PYM-10941,2025-12-13,Pyme,Santiago,Rancagua,0.038,4300,2179,764,960,3903,397,9.2325581395348841
PYM-12669,2025-11-25,Pyme,Quilicura,Rancagua,0.017,4300,1952,764,1017,3733,567,13.186046511627907
PYM-13887,2025-03-22,Pyme,Maipú,Rancagua,0.033,4300,2172,764,1009,3945,355,8.2558139534883725
PYM-11093,2025-04-17,Pyme,Quilicura,Rancagua,0.006,4300,1899,765,1019,3683,617,14.348837209302326
PYM-12321,2025-01-17,Pyme,Pudahuel,Rancagua,0.047,4300,1960,765,1026,3751,549,12.767441860465118
PYM-13793,2025-06-07,Pyme,Maipú,Rancagua,0.012,4300,1971,765,1036,3772,528,12.279069767441861
PYM-13687,2025-07-27,Pyme,Maipú,Rancagua,0.007,4300,1912,766,969,3647,653,15.186046511627907
PYM-10991,2025-04-15,Pyme,Maipú,Rancagua,0.011,4300,1966,767,993,3726,574,13.348837209302324
PYM-12814,2025-02-08,Pyme,San Bernardo,Rancagua,0.01,4300,1824,767,1015,3606,694,16.13953488372093
PYM-13409,2025-02-18,Pyme,Lampa,Rancagua,0.023,4300,2147,767,951,3865,435,10.116279069767442
PYM-11936,2025-11-07,Pyme,Lampa,Rancagua,0.036,4300,2020,768,952,3740,560,13.023255813953488
PYM-13778,2025-05-29,Pyme,Maipú,Rancagua,0.048,4300,1989,768,962,3719,581,13.511627906976745
PYM-10018,2025-01-28,Pyme,Providencia,Rancagua,0.045,4300,1929,769,985,3683,617,14.348837209302326
PYM-10119,2025-02-20,Pyme,San Bernardo,Rancagua,0.043,4300,1980,769,1048,3797,503,11.697674418604651
PYM-12302,2025-02-13,Pyme,Quilicura,Rancagua,0.022,4300,2064,769,979,3812,488,11.348837209302326
PYM-13957,2025-08-10,Pyme,Pudahuel,Rancagua,0.016,4300,2023,770,1008,3801,499,11.604651162790699
PYM-10357,2025-02-14,Pyme,Providencia,Rancagua,0.014,4300,1955,772,952,3679,621,14.44186046511628
PYM-10454,2025-02-28,Pyme,Providencia,Rancagua,0.013,4300,1842,772,1044,3658,642,14.930232558139537
PYM-11409,2025-03-08,Pyme,San Bernardo,Rancagua,0.021,4300,2114,772,954,3840,460,10.697674418604651
PYM-13985,2025-01-12,Pyme,Quilicura,Rancagua,0.046,4300,1909,772,1044,3725,575,13.372093023255813
PYM-12346,2025-06-06,Pyme,Maipú,Rancagua,0.036,4300,1853,773,984,3610,690,16.046511627906977
PYM-11356,2025-05-16,Pyme,San Bernardo,Rancagua,0.024,4300,1866,774,1017,3657,643,14.953488372093023
PYM-12116,2025-02-07,Pyme,Santiago,Rancagua,0.027,4300,1929,774,964,3667,633,14.720930232558139
PYM-13339,2025-02-09,Pyme,Maipú,Rancagua,0.008,4300,2036,774,972,3782,518,12.046511627906977
PYM-13430,2025-10-16,Pyme,Providencia,Rancagua,0.021,4300,2161,774,998,3933,367,8.5348837209302317
PYM-12654,2025-11-03,Pyme,Quilicura,Rancagua,0.036,4300,2015,775,1003,3793,507,11.790697674418604
PYM-10107,2025-01-01,Pyme,Maipú,Rancagua,0.04,4300,2118,776,966,3860,440,10.232558139534884
PYM-11480,2025-10-17,Pyme,Quilicura,Rancagua,0.046,4300,2031,776,977,3784,516,12
PYM-11063,2025-07-01,Pyme,Santiago,Rancagua,0.042,4300,1905,777,996,3678,622,14.465116279069768
PYM-12527,2025-11-13,Pyme,Pudahuel,Rancagua,0.018,4300,1910,777,1002,3689,611,14.209302325581397
PYM-12885,2025-03-04,Pyme,Quilicura,Rancagua,0.008,4300,1912,777,1042,3731,569,13.232558139534884
PYM-13424,2025-02-22,Pyme,Quilicura,Rancagua,0.011,4300,2092,777,1040,3909,391,9.0930232558139537
PYM-13964,2025-01-14,Pyme,Santiago,Rancagua,0.041,4300,2108,777,1011,3896,404,9.395348837209303
PYM-10120,2025-04-20,Pyme,Providencia,Rancagua,0.046,4300,1924,778,1010,3712,588,13.674418604651162
PYM-12254,2025-10-02,Pyme,Maipú,Rancagua,0.032,4300,2166,778,1028,3972,328,7.6279069767441863
PYM-13080,2025-11-25,Pyme,Pudahuel,Rancagua,0.009,4300,2154,779,1028,3961,339,7.8837209302325588
PYM-13084,2025-09-25,Pyme,Maipú,Rancagua,0.013,4300,1898,779,1031,3708,592,13.767441860465116
PYM-13321,2025-04-17,Pyme,Providencia,Rancagua,0.039,4300,1843,779,1038,3660,640,14.883720930232558
PYM-10883,2025-04-04,Pyme,Maipú,Rancagua,0.048,4300,2001,780,1020,3801,499,11.604651162790699
PYM-11090,2025-06-19,Pyme,San Bernardo,Rancagua,0.009,4300,1945,780,1018,3743,557,12.953488372093021
PYM-11493,2025-03-22,Pyme,San Bernardo,Rancagua,0.037,4300,2050,780,1016,3846,454,10.55813953488372
PYM-13244,2025-09-25,Pyme,Quilicura,Rancagua,0.024,4300,2026,780,1001,3807,493,11.465116279069768
PYM-11393,2025-07-29,Pyme,Providencia,Rancagua,0.037,4300,2199,781,1007,3987,313,7.279069767441861
PYM-10642,2025-09-22,Pyme,Pudahuel,Rancagua,0.008,4300,2115,782,1033,3930,370,8.6046511627906987
PYM-11255,2025-06-10,Pyme,Lampa,Rancagua,0.044,4300,1923,782,1047,3752,548,12.744186046511627
PYM-13591,2025-05-16,Pyme,Pudahuel,Rancagua,0.039,4300,2116,782,1027,3925,375,8.720930232558139
PYM-12397,2025-01-02,Pyme,Maipú,Rancagua,0.037,4300,2130,783,966,3879,421,9.7906976744186061
PYM-13696,2025-01-13,Pyme,Lampa,Rancagua,0.048,4300,2175,784,1001,3960,340,7.9069767441860463
PYM-11793,2025-01-21,Pyme,Lampa,Rancagua,0.035,4300,1886,785,1001,3672,628,14.604651162790697
PYM-11848,2025-05-13,Pyme,Providencia,Rancagua,0.032,4300,2192,785,973,3950,350,8.13953488372093
PYM-12577,2025-01-24,Pyme,San Bernardo,Rancagua,0.029,4300,1839,785,1002,3626,674,15.674418604651164
PYM-12959,2025-11-06,Pyme,Pudahuel,Rancagua,0.028,4300,2143,785,969,3897,403,9.3720930232558128
PYM-11171,2025-06-17,Pyme,Santiago,Rancagua,0.038,4300,2038,786,976,3800,500,11.627906976744185
PYM-10953,2025-11-08,Pyme,Lampa,Rancagua,0.037,4300,1816,787,976,3579,721,16.767441860465116
PYM-11915,2025-10-14,Pyme,Pudahuel,Rancagua,0.008,4300,2168,787,1040,3995,305,7.0930232558139528
PYM-12172,2025-02-01,Pyme,Quilicura,Rancagua,0.02,4300,2192,787,987,3966,334,7.7674418604651159
PYM-12514,2025-01-05,Pyme,San Bernardo,Rancagua,0.03,4300,1977,787,1034,3798,502,11.674418604651162
PYM-12866,2025-10-18,Pyme,Maipú,Rancagua,0.044,4300,2003,787,1006,3796,504,11.720930232558139
PYM-13406,2025-08-08,Pyme,San Bernardo,Rancagua,0.018,4300,1834,788,991,3613,687,15.976744186046513
PYM-10792,2025-07-30,Pyme,Providencia,Rancagua,0.043,4300,1868,790,984,3642,658,15.302325581395348
PYM-12390,2025-03-11,Pyme,Providencia,Rancagua,0.036,4300,1849,790,1033,3672,628,14.604651162790697
PYM-13397,2025-05-14,Pyme,Maipú,Rancagua,0.032,4300,1888,790,1026,3704,596,13.86046511627907
PYM-13619,2025-06-01,Pyme,Maipú,Rancagua,0.048,4300,2143,790,1021,3954,346,8.0465116279069768
PYM-10342,2025-07-11,Pyme,Quilicura,Rancagua,0.025,4300,1909,791,992,3692,608,14.13953488372093
PYM-13184,2025-03-18,Pyme,Pudahuel,Rancagua,0.034,4300,2176,791,993,3960,340,7.9069767441860463
PYM-10720,2025-05-10,Pyme,Lampa,Rancagua,0.045,4300,1879,792,957,3628,672,15.627906976744185
PYM-11617,2025-08-12,Pyme,Santiago,Rancagua,0.006,4300,2143,792,1020,3955,345,8.0232558139534884
PYM-13774,2025-01-06,Pyme,San Bernardo,Rancagua,0.022,4300,1836,792,1041,3669,631,14.674418604651162
PYM-10346,2025-03-25,Pyme,Santiago,Rancagua,0.009,4300,2099,793,1014,3906,394,9.1627906976744189
PYM-12582,2025-03-25,Pyme,Maipú,Rancagua,0.044,4300,1942,794,1030,3766,534,12.41860465116279
PYM-10639,2025-08-24,Pyme,Maipú,Rancagua,0.025,4300,1878,795,969,3642,658,15.302325581395348
PYM-10827,2025-05-03,Pyme,Santiago,Rancagua,0.011,4300,2156,795,995,3946,354,8.2325581395348824
PYM-11139,2025-04-05,Pyme,Lampa,Rancagua,0.02,4300,1894,795,957,3646,654,15.209302325581394
PYM-10512,2025-05-22,Pyme,Pudahuel,Rancagua,0.04,4300,1868,796,995,3659,641,14.906976744186046
PYM-12105,2025-02-18,Pyme,Quilicura,Rancagua,0.048,4300,1943,796,952,3691,609,14.162790697674419
PYM-13408,2025-06-13,Pyme,Providencia,Rancagua,0.029,4300,1981,796,1016,3793,507,11.790697674418604
PYM-10517,2025-06-28,Pyme,Providencia,Rancagua,0.036,4300,2189,797,1034,4020,280,6.5116279069767442
PYM-10860,2025-10-13,Pyme,Lampa,Rancagua,0.031,4300,2198,797,1031,4026,274,6.3720930232558137
PYM-13183,2025-10-31,Pyme,Quilicura,Rancagua,0.009,4300,1885,797,1036,3718,582,13.534883720930232
PYM-11688,2025-02-06,Pyme,Quilicura,Rancagua,0.018,4300,1977,798,1033,3808,492,11.44186046511628
PYM-11730,2025-05-09,Pyme,Maipú,Rancagua,0.027,4300,1922,798,994,3714,586,13.627906976744185
PYM-12304,2025-05-21,Pyme,Pudahuel,Rancagua,0.04,4300,2055,798,1048,3901,399,9.279069767441861
PYM-10912,2025-04-10,Pyme,Providencia,Rancagua,0.019,4300,2003,799,961,3763,537,12.488372093023257
PYM-11113,2025-05-07,Pyme,San Bernardo,Rancagua,0.015,4300,1982,799,953,3734,566,13.162790697674417
PYM-11294,2025-02-23,Pyme,Pudahuel,Rancagua,0.022,4300,1883,799,951,3633,667,15.511627906976743
PYM-11553,2025-10-08,Pyme,Pudahuel,Rancagua,0.036,4300,2058,799,1012,3869,431,10.023255813953488
PYM-12849,2025-06-07,Pyme,Pudahuel,Rancagua,0.027,4300,1860,799,1008,3667,633,14.720930232558139
PYM-10481,2025-01-17,Pyme,Lampa,Rancagua,0.039,4300,1881,800,991,3672,628,14.604651162790697
PYM-10691,2025-11-30,Pyme,Santiago,Rancagua,0.013,4300,2151,800,1000,3951,349,8.1162790697674421
PYM-12588,2025-11-12,Pyme,Pudahuel,Rancagua,0.038,4300,2153,800,1014,3967,333,7.7441860465116283
PYM-12837,2025-07-30,Pyme,Maipú,Rancagua,0.036,4300,1899,800,962,3661,639,14.86046511627907
PYM-10087,2025-01-08,Pyme,Providencia,Rancagua,0.021,4300,2149,801,1047,3997,303,7.0465116279069759
PYM-10127,2025-05-24,Pyme,Quilicura,Rancagua,0.04,4300,2011,802,998,3811,489,11.372093023255815
PYM-12861,2025-03-08,Pyme,Providencia,Rancagua,0.026,4300,2083,802,1027,3912,388,9.0232558139534884
PYM-13395,2025-07-23,Pyme,Maipú,Rancagua,0.039,4300,2196,802,978,3976,324,7.5348837209302326
PYM-13467,2025-11-01,Pyme,Quilicura,Rancagua,0.022,4300,2085,802,1031,3918,382,8.8837209302325579
PYM-13947,2025-12-27,Pyme,San Bernardo,Rancagua,0.024,4300,2022,802,1034,3858,442,10.279069767441861
PYM-13450,2025-06-19,Pyme,Quilicura,Rancagua,0.023,4300,2139,803,1042,3984,316,7.3488372093023253
PYM-13653,2025-06-10,Pyme,Quilicura,Rancagua,0.008,4300,1923,803,1012,3738,562,13.069767441860467
PYM-10704,2025-07-01,Pyme,Santiago,Rancagua,0.029,4300,1874,804,979,3657,643,14.953488372093023
PYM-11893,2025-05-31,Pyme,Providencia,Rancagua,0.022,4300,1969,804,971,3744,556,12.930232558139535
PYM-12686,2025-11-12,Pyme,Lampa,Rancagua,0.038,4300,2029,804,1026,3859,441,10.255813953488373
PYM-13002,2025-10-28,Pyme,Quilicura,Rancagua,0.02,4300,1813,804,1046,3663,637,14.813953488372093
PYM-13433,2025-03-01,Pyme,Pudahuel,Rancagua,0.039,4300,1918,804,1024,3746,554,12.88372093023256
PYM-13556,2025-06-01,Pyme,San Bernardo,Rancagua,0.032,4300,1928,804,977,3709,591,13.744186046511627
PYM-10718,2025-05-06,Pyme,Providencia,Rancagua,0.014,4300,2063,805,1043,3911,389,9.0465116279069768
PYM-10788,2025-03-28,Pyme,Santiago,Rancagua,0.041,4300,2071,805,1011,3887,413,9.604651162790697
PYM-13869,2025-02-03,Pyme,Santiago,Rancagua,0.045,4300,1930,805,1026,3761,539,12.534883720930232
PYM-10594,2025-04-05,Pyme,Lampa,Rancagua,0.013,4300,2063,806,1036,3905,395,9.1860465116279073
PYM-11842,2025-10-03,Pyme,Quilicura,Rancagua,0.023,4300,2136,806,982,3924,376,8.7441860465116275
PYM-12043,2025-02-27,Pyme,San Bernardo,Rancagua,0.042,4300,1855,806,1048,3709,591,13.744186046511627
PYM-10694,2025-09-30,Pyme,Pudahuel,Rancagua,0.047,4300,1928,807,1049,3784,516,12
PYM-11612,2025-01-10,Pyme,Lampa,Rancagua,0.034,4300,2086,807,982,3875,425,9.8837209302325579
PYM-11812,2025-05-23,Pyme,Quilicura,Rancagua,0.024,4300,1885,807,1028,3720,580,13.488372093023257
PYM-12829,2025-01-15,Pyme,San Bernardo,Rancagua,0.015,4300,1828,807,972,3607,693,16.11627906976744
PYM-11157,2025-08-11,Pyme,Providencia,Rancagua,0.029,4300,1982,808,1019,3809,491,11.418604651162791
PYM-12232,2025-09-22,Pyme,Maipú,Rancagua,0.023,4300,2005,808,969,3782,518,12.046511627906977
PYM-12728,2025-09-17,Pyme,Pudahuel,Rancagua,0.049,4300,1904,808,1007,3719,581,13.511627906976745
PYM-12827,2025-10-01,Pyme,Lampa,Rancagua,0.018,4300,2019,808,1021,3848,452,10.511627906976745
PYM-10236,2025-12-19,Pyme,Providencia,Rancagua,0.02,4300,1937,809,994,3740,560,13.023255813953488
PYM-10627,2025-04-03,Pyme,San Bernardo,Rancagua,0.045,4300,1800,809,1011,3620,680,15.813953488372093
PYM-11332,2025-02-26,Pyme,Quilicura,Rancagua,0.016,4300,2108,809,1009,3926,374,8.69767441860465
PYM-12373,2025-05-31,Pyme,Providencia,Rancagua,0.017,4300,1833,809,1038,3680,620,14.418604651162791
PYM-12809,2025-07-25,Pyme,Providencia,Rancagua,0.049,4300,1881,809,962,3652,648,15.069767441860465
PYM-10015,2025-07-26,Pyme,Lampa,Rancagua,0.025,4300,1812,810,981,3603,697,16.209302325581394
PYM-10327,2025-07-20,Pyme,Providencia,Rancagua,0.048,4300,2023,810,1003,3836,464,10.790697674418604
PYM-13192,2025-03-10,Pyme,Santiago,Rancagua,0.042,4300,1802,810,1031,3643,657,15.279069767441861
PYM-13373,2025-07-12,Pyme,Quilicura,Rancagua,0.028,4300,1858,810,995,3663,637,14.813953488372093
PYM-10822,2025-04-12,Pyme,Maipú,Rancagua,0.009,4300,2058,811,962,3831,469,10.906976744186046
PYM-13309,2025-11-15,Pyme,Providencia,Rancagua,0.024,4300,2175,811,959,3945,355,8.2558139534883725
PYM-13576,2025-03-04,Pyme,San Bernardo,Rancagua,0.017,4300,2180,811,995,3986,314,7.3023255813953485
PYM-12057,2025-03-23,Pyme,San Bernardo,Rancagua,0.018,4300,1942,812,1024,3778,522,12.13953488372093
PYM-11950,2025-10-31,Pyme,Providencia,Rancagua,0.027,4300,1925,813,1033,3771,529,12.302325581395349
PYM-13929,2025-01-07,Pyme,Maipú,Rancagua,0.015,4300,2052,813,1044,3909,391,9.0930232558139537
PYM-12695,2025-01-09,Pyme,Providencia,Rancagua,0.035,4300,1910,814,1036,3760,540,12.558139534883722
PYM-11419,2025-12-01,Pyme,Pudahuel,Rancagua,0.016,4300,2094,815,974,3883,417,9.6976744186046524
PYM-12117,2025-08-16,Pyme,Pudahuel,Rancagua,0.024,4300,2138,815,1027,3980,320,7.441860465116279
PYM-13549,2025-12-06,Pyme,San Bernardo,Rancagua,0.018,4300,1825,815,956,3596,704,16.372093023255811
PYM-13499,2025-08-11,Pyme,Quilicura,Rancagua,0.025,4300,2189,816,1043,4048,252,5.8604651162790695
PYM-13505,2025-07-15,Pyme,Pudahuel,Rancagua,0.046,4300,1832,816,1000,3648,652,15.162790697674419
PYM-10732,2025-06-10,Pyme,Pudahuel,Rancagua,0.022,4300,2186,817,1045,4048,252,5.8604651162790695
PYM-12166,2025-06-29,Pyme,Providencia,Rancagua,0.023,4300,1808,817,961,3586,714,16.6046511627907
PYM-13318,2025-12-05,Pyme,Lampa,Rancagua,0.036,4300,1852,817,1018,3687,613,14.255813953488373
PYM-13714,2025-07-25,Pyme,Quilicura,Rancagua,0.011,4300,1987,817,1034,3838,462,10.744186046511627
PYM-13918,2025-04-17,Pyme,Santiago,Rancagua,0.026,4300,2147,818,952,3917,383,8.9069767441860463
PYM-11378,2025-04-25,Pyme,Lampa,Rancagua,0.046,4300,2078,821,994,3893,407,9.4651162790697665
PYM-12392,2025-01-01,Pyme,Providencia,Rancagua,0.021,4300,2111,821,972,3904,396,9.2093023255813957
PYM-13396,2025-12-17,Pyme,Santiago,Rancagua,0.016,4300,1882,821,950,3653,647,15.046511627906977
PYM-13212,2025-05-23,Pyme,San Bernardo,Rancagua,0.021,4300,2159,822,954,3935,365,8.4883720930232549
PYM-11533,2025-04-09,Pyme,Maipú,Rancagua,0.016,4300,2110,823,1020,3953,347,8.0697674418604652
PYM-10502,2025-09-13,Pyme,Maipú,Rancagua,0.05,4300,2173,824,1017,4014,286,6.6511627906976747
PYM-10625,2025-08-03,Pyme,San Bernardo,Rancagua,0.031,4300,1938,825,996,3759,541,12.58139534883721
PYM-12700,2025-03-07,Pyme,Maipú,Rancagua,0.023,4300,2189,826,963,3978,322,7.4883720930232558
PYM-12716,2025-01-16,Pyme,Providencia,Rancagua,0.017,4300,1941,826,950,3717,583,13.55813953488372
PYM-11319,2025-01-25,Pyme,Santiago,Rancagua,0.032,4300,2036,827,985,3848,452,10.511627906976745
PYM-12378,2025-10-13,Pyme,Lampa,Rancagua,0.04,4300,1971,827,1027,3825,475,11.046511627906977
PYM-12615,2025-01-01,Pyme,San Bernardo,Rancagua,0.011,4300,1897,827,997,3721,579,13.465116279069766
PYM-12940,2025-08-20,Pyme,Quilicura,Rancagua,0.017,4300,1834,827,983,3644,656,15.255813953488373
PYM-13232,2025-03-26,Pyme,San Bernardo,Rancagua,0.007,4300,1800,827,1000,3627,673,15.651162790697676
PYM-13266,2025-05-17,Pyme,Providencia,Rancagua,0.025,4300,1959,827,958,3744,556,12.930232558139535
PYM-13717,2025-10-15,Pyme,Providencia,Rancagua,0.021,4300,2017,827,1024,3868,432,10.046511627906977
PYM-10052,2025-11-21,Pyme,San Bernardo,Rancagua,0.008,4300,2177,829,1013,4019,281,6.5348837209302335
PYM-10726,2025-04-17,Pyme,Providencia,Rancagua,0.017,4300,1886,829,958,3673,627,14.581395348837209
PYM-11780,2025-04-25,Pyme,Quilicura,Rancagua,0.035,4300,2190,829,982,4001,299,6.9534883720930241
PYM-13967,2025-02-14,Pyme,Providencia,Rancagua,0.034,4300,2154,829,995,3978,322,7.4883720930232558
PYM-10476,2025-05-30,Pyme,Maipú,Rancagua,0.006,4300,2092,830,962,3884,416,9.6744186046511622
PYM-10029,2025-02-06,Pyme,Quilicura,Rancagua,0.018,4300,2090,831,1038,3959,341,7.9302325581395356
PYM-10672,2025-07-08,Pyme,Lampa,Rancagua,0.034,4300,1892,831,975,3698,602,14.000000000000002
PYM-12674,2025-10-02,Pyme,Lampa,Rancagua,0.028,4300,1855,831,1041,3727,573,13.325581395348838
PYM-10293,2025-09-18,Pyme,Providencia,Rancagua,0.009,4300,2161,832,1028,4021,279,6.4883720930232567
PYM-13064,2025-03-06,Pyme,Santiago,Rancagua,0.021,4300,2030,832,1034,3896,404,9.395348837209303
PYM-13628,2025-03-04,Pyme,Providencia,Rancagua,0.037,4300,2046,832,1028,3906,394,9.1627906976744189
PYM-12369,2025-12-15,Pyme,Lampa,Rancagua,0.038,4300,2055,833,965,3853,447,10.395348837209301
PYM-12429,2025-05-10,Pyme,Lampa,Rancagua,0.04,4300,1862,833,1014,3709,591,13.744186046511627
PYM-13009,2025-10-10,Pyme,Providencia,Rancagua,0.007,4300,1892,833,1007,3732,568,13.209302325581396
PYM-13477,2025-01-30,Pyme,Lampa,Rancagua,0.022,4300,1955,833,984,3772,528,12.279069767441861
PYM-10038,2025-06-10,Pyme,Quilicura,Rancagua,0.03,4300,2137,834,957,3928,372,8.6511627906976738
PYM-10209,2025-10-20,Pyme,Providencia,Rancagua,0.034,4300,1980,834,981,3795,505,11.744186046511627
PYM-10379,2025-01-13,Pyme,Lampa,Rancagua,0.044,4300,2121,834,990,3945,355,8.2558139534883725
PYM-10858,2025-05-10,Pyme,San Bernardo,Rancagua,0.035,4300,2032,834,999,3865,435,10.116279069767442
PYM-13094,2025-04-13,Pyme,Providencia,Rancagua,0.049,4300,2002,834,983,3819,481,11.186046511627907
PYM-13171,2025-07-27,Pyme,Santiago,Rancagua,0.009,4300,2066,834,1034,3934,366,8.5116279069767451
PYM-12142,2025-07-13,Pyme,Providencia,Rancagua,0.027,4300,2163,835,951,3949,351,8.1627906976744189
PYM-13590,2025-02-13,Pyme,Providencia,Rancagua,0.04,4300,1910,835,953,3698,602,14.000000000000002
PYM-11819,2025-09-11,Pyme,San Bernardo,Rancagua,0.01,4300,2152,836,984,3972,328,7.6279069767441863
PYM-10269,2025-11-20,Pyme,Maipú,Rancagua,0.048,4300,1816,837,1029,3682,618,14.372093023255813
PYM-11820,2025-12-14,Pyme,Santiago,Rancagua,0.028,4300,1880,837,984,3701,599,13.930232558139535
PYM-11399,2025-03-13,Pyme,Maipú,Rancagua,0.019,4300,2126,838,1038,4002,298,6.9302325581395348
PYM-13772,2025-02-18,Pyme,Quilicura,Rancagua,0.02,4300,1916,838,1031,3785,515,11.976744186046512
PYM-11307,2025-01-25,Pyme,Pudahuel,Rancagua,0.038,4300,2004,839,1015,3858,442,10.279069767441861
PYM-12391,2025-02-11,Pyme,Quilicura,Rancagua,0.017,4300,2051,839,1003,3893,407,9.4651162790697665
PYM-12817,2025-11-28,Pyme,Santiago,Rancagua,0.043,4300,1866,839,996,3701,599,13.930232558139535
PYM-11210,2025-07-19,Pyme,San Bernardo,Valparaíso,0.031,4300,2073,855,1095,4023,277,6.44186046511628
PYM-11466,2025-02-17,Pyme,Lampa,Valparaíso,0.031,4300,1890,855,1029,3774,526,12.232558139534884
PYM-12989,2025-04-06,Pyme,San Bernardo,Valparaíso,0.029,4300,1848,855,1093,3796,504,11.720930232558139
PYM-13364,2025-06-21,Pyme,Providencia,Valparaíso,0.014,4300,1980,855,1080,3915,385,8.9534883720930232
PYM-10234,2025-03-26,Pyme,Pudahuel,Valparaíso,0.024,4300,2089,856,1033,3978,322,7.4883720930232558
PYM-11298,2025-02-21,Pyme,Providencia,Valparaíso,0.035,4300,1980,856,1009,3845,455,10.58139534883721
PYM-12413,2025-08-04,Pyme,Providencia,Valparaíso,0.049,4300,1943,856,1056,3855,445,10.348837209302324
PYM-13127,2025-05-01,Pyme,Quilicura,Valparaíso,0.046,4300,2003,856,1029,3888,412,9.5813953488372086
PYM-12415,2025-11-23,Pyme,Pudahuel,Valparaíso,0.043,4300,2130,857,1035,4022,278,6.4651162790697674
PYM-10646,2025-01-09,Pyme,Providencia,Valparaíso,0.01,4300,1839,858,1016,3713,587,13.651162790697674
PYM-10937,2025-11-27,Pyme,Santiago,Valparaíso,0.05,4300,2007,858,1057,3922,378,8.7906976744186043
PYM-11713,2025-07-09,Pyme,Santiago,Valparaíso,0.015,4300,1928,858,1093,3879,421,9.7906976744186061
PYM-12323,2025-07-25,Pyme,Lampa,Valparaíso,0.028,4300,2028,858,1076,3962,338,7.8604651162790695
PYM-10390,2025-10-08,Pyme,Maipú,Valparaíso,0.026,4300,2057,859,1035,3951,349,8.1162790697674421
PYM-10751,2025-10-06,Pyme,Pudahuel,Valparaíso,0.024,4300,1847,859,1043,3749,551,12.813953488372093
PYM-11968,2025-12-15,Pyme,Santiago,Valparaíso,0.021,4300,1953,859,1082,3894,406,9.44186046511628
PYM-12490,2025-06-11,Pyme,Pudahuel,Valparaíso,0.034,4300,2086,859,1056,4001,299,6.9534883720930241
PYM-12744,2025-12-27,Pyme,Pudahuel,Valparaíso,0.037,4300,2056,859,1047,3962,338,7.8604651162790695
PYM-10998,2025-07-10,Pyme,Santiago,Valparaíso,0.018,4300,2040,860,1099,3999,301,7.0000000000000009
PYM-12505,2025-01-24,Pyme,Providencia,Valparaíso,0.038,4300,2188,860,1008,4056,244,5.6744186046511631
PYM-13223,2025-05-11,Pyme,Maipú,Valparaíso,0.05,4300,2047,861,1067,3975,325,7.55813953488372
PYM-10225,2025-02-21,Pyme,Maipú,Valparaíso,0.041,4300,2032,863,1072,3967,333,7.7441860465116283
PYM-12636,2025-01-16,Pyme,Santiago,Valparaíso,0.026,4300,1985,863,1102,3950,350,8.13953488372093
PYM-12935,2025-03-07,Pyme,Providencia,Valparaíso,0.027,4300,2085,864,1014,3963,337,7.837209302325582
PYM-11875,2025-03-05,Pyme,Maipú,Valparaíso,0.034,4300,2020,865,1009,3894,406,9.44186046511628
PYM-10137,2025-08-25,Pyme,Santiago,Valparaíso,0.011,4300,1968,866,1092,3926,374,8.69767441860465
PYM-12205,2025-11-05,Pyme,Quilicura,Valparaíso,0.016,4300,1880,866,1033,3779,521,12.116279069767442
PYM-10678,2025-11-14,Pyme,Santiago,Valparaíso,0.039,4300,2106,867,1066,4039,261,6.0697674418604652
PYM-12699,2025-11-25,Pyme,Quilicura,Valparaíso,0.007,4300,2180,867,1051,4098,202,4.6976744186046515
PYM-10675,2025-05-31,Pyme,San Bernardo,Valparaíso,0.04,4300,1860,868,1031,3759,541,12.58139534883721
PYM-12710,2025-03-24,Pyme,San Bernardo,Valparaíso,0.026,4300,2051,868,1050,3969,331,7.6976744186046515
PYM-12745,2025-09-05,Pyme,Providencia,Valparaíso,0.021,4300,1875,869,1022,3766,534,12.41860465116279
PYM-10311,2025-09-25,Pyme,Pudahuel,Valparaíso,0.044,4300,2158,870,1050,4078,222,5.1627906976744189
PYM-13620,2025-04-16,Pyme,Providencia,Valparaíso,0.046,4300,2052,870,1077,3999,301,7.0000000000000009
PYM-10643,2025-09-08,Pyme,Lampa,Valparaíso,0.033,4300,1865,871,1018,3754,546,12.697674418604651
PYM-10969,2025-11-05,Pyme,Santiago,Valparaíso,0.013,4300,2070,872,1083,4025,275,6.395348837209303
PYM-11015,2025-10-14,Pyme,San Bernardo,Valparaíso,0.02,4300,1973,872,1017,3862,438,10.186046511627907
PYM-10536,2025-09-30,Pyme,Pudahuel,Valparaíso,0.048,4300,1916,873,1022,3811,489,11.372093023255815
PYM-13388,2025-08-31,Pyme,Santiago,Valparaíso,0.048,4300,1836,873,1078,3787,513,11.930232558139535
PYM-11512,2025-09-10,Pyme,Pudahuel,Valparaíso,0.006,4300,2018,874,1047,3939,361,8.395348837209303
PYM-12322,2025-04-17,Pyme,Santiago,Valparaíso,0.039,4300,1957,874,1077,3908,392,9.11627906976744
PYM-12732,2025-12-17,Pyme,Lampa,Valparaíso,0.038,4300,2143,874,1040,4057,243,5.6511627906976747
PYM-13157,2025-06-06,Pyme,San Bernardo,Valparaíso,0.031,4300,2008,874,1075,3957,343,7.9767441860465107
PYM-13989,2025-01-29,Pyme,Santiago,Valparaíso,0.035,4300,2162,874,1056,4092,208,4.8372093023255811
PYM-10839,2025-02-04,Pyme,Providencia,Valparaíso,0.014,4300,2058,875,1013,3946,354,8.2325581395348824
PYM-11035,2025-03-24,Pyme,Santiago,Valparaíso,0.021,4300,1800,876,1019,3695,605,14.069767441860465
PYM-13824,2025-03-30,Pyme,Quilicura,Valparaíso,0.026,4300,2163,876,1007,4046,254,5.9069767441860463
PYM-12493,2025-02-18,Pyme,Quilicura,Valparaíso,0.018,4300,2024,877,1021,3922,378,8.7906976744186043
PYM-12661,2025-07-28,Pyme,Providencia,Valparaíso,0.008,4300,1838,877,1026,3741,559,13
PYM-10040,2025-10-26,Pyme,Maipú,Valparaíso,0.018,4300,1967,878,1061,3906,394,9.1627906976744189
PYM-10273,2025-04-23,Pyme,San Bernardo,Valparaíso,0.042,4300,2151,878,1054,4083,217,5.0465116279069768
PYM-11873,2025-10-28,Pyme,Providencia,Valparaíso,0.018,4300,1995,878,1076,3949,351,8.1627906976744189
PYM-11878,2025-12-10,Pyme,Quilicura,Valparaíso,0.03,4300,1869,878,1046,3793,507,11.790697674418604
PYM-12975,2025-12-31,Pyme,Santiago,Valparaíso,0.022,4300,2053,878,1017,3948,352,8.1860465116279055
PYM-10013,2025-02-02,Pyme,Lampa,Valparaíso,0.02,4300,2036,879,1056,3971,329,7.6511627906976738
PYM-12037,2025-09-07,Pyme,Lampa,Valparaíso,0.017,4300,2011,879,1092,3982,318,7.3953488372093021
PYM-10545,2025-12-05,Pyme,Lampa,Valparaíso,0.033,4300,1876,881,1062,3819,481,11.186046511627907
PYM-11639,2025-01-31,Pyme,Maipú,Valparaíso,0.023,4300,2012,881,1066,3959,341,7.9302325581395356
PYM-11427,2025-01-06,Pyme,San Bernardo,Valparaíso,0.044,4300,1815,882,1075,3772,528,12.279069767441861
PYM-12274,2025-08-19,Pyme,Lampa,Valparaíso,0.025,4300,1913,883,1030,3826,474,11.023255813953488
PYM-10286,2025-07-07,Pyme,Providencia,Valparaíso,0.034,4300,1823,885,1079,3787,513,11.930232558139535
PYM-13197,2025-04-14,Pyme,Pudahuel,Valparaíso,0.04,4300,1863,885,1014,3762,538,12.511627906976743
PYM-10155,2025-09-26,Pyme,San Bernardo,Valparaíso,0.047,4300,2199,886,1078,4163,137,3.1860465116279069
PYM-11978,2025-09-07,Pyme,Providencia,Valparaíso,0.034,4300,2158,886,1097,4141,159,3.6976744186046511
PYM-12146,2025-10-30,Pyme,Maipú,Valparaíso,0.026,4300,1966,886,1052,3904,396,9.2093023255813957
PYM-13530,2025-02-07,Pyme,Santiago,Valparaíso,0.042,4300,2008,886,1024,3918,382,8.8837209302325579
PYM-11172,2025-01-19,Pyme,Lampa,Valparaíso,0.05,4300,1990,887,1064,3941,359,8.3488372093023262
PYM-12777,2025-10-30,Pyme,Maipú,Valparaíso,0.042,4300,2092,888,1019,3999,301,7.0000000000000009
PYM-11262,2025-08-20,Pyme,Lampa,Valparaíso,0.042,4300,1949,889,1007,3845,455,10.58139534883721
PYM-13801,2025-07-01,Pyme,San Bernardo,Valparaíso,0.043,4300,2164,889,1034,4087,213,4.9534883720930232
PYM-11034,2025-03-08,Pyme,Pudahuel,Valparaíso,0.033,4300,2064,890,1036,3990,310,7.2093023255813957
PYM-13056,2025-09-11,Pyme,San Bernardo,Valparaíso,0.012,4300,1931,891,1092,3914,386,8.9767441860465116
PYM-13872,2025-08-03,Pyme,Maipú,Valparaíso,0.014,4300,1802,891,1001,3694,606,14.093023255813952
PYM-12778,2025-01-21,Pyme,San Bernardo,Valparaíso,0.008,4300,1969,893,1014,3876,424,9.86046511627907
PYM-13597,2025-03-25,Pyme,Santiago,Valparaíso,0.006,4300,1842,893,1080,3815,485,11.279069767441859
PYM-11923,2025-08-19,Pyme,Santiago,Valparaíso,0.017,4300,2014,894,1064,3972,328,7.6279069767441863
PYM-12652,2025-04-27,Pyme,Pudahuel,Valparaíso,0.006,4300,1803,894,1035,3732,568,13.209302325581396
PYM-12944,2025-02-17,Pyme,Pudahuel,Valparaíso,0.05,4300,2129,894,1053,4076,224,5.2093023255813957
PYM-10178,2025-02-02,Pyme,Maipú,Valparaíso,0.042,4300,2073,895,1026,3994,306,7.1162790697674421
PYM-13853,2025-09-18,Pyme,Providencia,Valparaíso,0.007,4300,1849,895,1019,3763,537,12.488372093023257
PYM-13943,2025-06-15,Pyme,San Bernardo,Valparaíso,0.013,4300,2007,895,1072,3974,326,7.5813953488372094
PYM-12131,2025-06-02,Pyme,Providencia,Valparaíso,0.024,4300,2134,896,1026,4056,244,5.6744186046511631
PYM-12822,2025-10-22,Pyme,San Bernardo,Valparaíso,0.042,4300,1943,896,1026,3865,435,10.116279069767442
PYM-12012,2025-01-16,Pyme,Pudahuel,Valparaíso,0.015,4300,2005,897,1065,3967,333,7.7441860465116283
PYM-10957,2025-11-19,Pyme,Pudahuel,Valparaíso,0.023,4300,1877,899,1097,3873,427,9.9302325581395348
PYM-11270,2025-06-14,Pyme,Santiago,Valparaíso,0.028,4300,1800,899,1076,3775,525,12.209302325581394
PYM-12956,2025-03-28,Pyme,Pudahuel,Valparaíso,0.035,4300,1845,899,1000,3744,556,12.930232558139535
PYM-12192,2025-11-16,Pyme,Pudahuel,Valparaíso,0.045,4300,2144,900,1069,4113,187,4.3488372093023253
PYM-10967,2025-07-12,Pyme,Quilicura,Valparaíso,0.038,4300,1933,901,1058,3892,408,9.4883720930232567
PYM-11237,2025-04-08,Pyme,Pudahuel,Valparaíso,0.028,4300,1969,901,1015,3885,415,9.6511627906976738
PYM-13260,2025-03-02,Pyme,Quilicura,Valparaíso,0.042,4300,1996,901,1041,3938,362,8.4186046511627914
PYM-10911,2025-12-19,Pyme,Quilicura,Valparaíso,0.022,4300,2004,902,1056,3962,338,7.8604651162790695
PYM-13577,2025-07-25,Pyme,Quilicura,Valparaíso,0.047,4300,2011,902,1077,3990,310,7.2093023255813957
PYM-13978,2025-01-06,Pyme,Quilicura,Valparaíso,0.049,4300,2121,902,1084,4107,193,4.4883720930232558
PYM-10921,2025-12-26,Pyme,Quilicura,Valparaíso,0.035,4300,1837,903,1075,3815,485,11.279069767441859
PYM-12183,2025-02-28,Pyme,Santiago,Valparaíso,0.033,4300,1875,903,1021,3799,501,11.651162790697676
PYM-13071,2025-08-17,Pyme,Pudahuel,Valparaíso,0.011,4300,1912,903,1016,3831,469,10.906976744186046
PYM-13888,2025-07-18,Pyme,Providencia,Valparaíso,0.033,4300,1848,903,1073,3824,476,11.069767441860465
PYM-11762,2025-05-06,Pyme,Providencia,Valparaíso,0.013,4300,1908,904,1073,3885,415,9.6511627906976738
PYM-12386,2025-02-12,Pyme,Quilicura,Valparaíso,0.008,4300,2111,904,1065,4080,220,5.1162790697674421
PYM-13150,2025-01-18,Pyme,Maipú,Valparaíso,0.015,4300,2053,904,1059,4016,284,6.6046511627906979
PYM-13993,2025-10-13,Pyme,Santiago,Valparaíso,0.008,4300,1947,904,1029,3880,420,9.7674418604651159
PYM-10298,2025-03-11,Pyme,Lampa,Valparaíso,0.038,4300,2185,905,1095,4185,115,2.6744186046511627
PYM-10523,2025-12-10,Pyme,Lampa,Valparaíso,0.009,4300,1920,905,1081,3906,394,9.1627906976744189
PYM-11933,2025-03-09,Pyme,Pudahuel,Valparaíso,0.014,4300,1949,905,1085,3939,361,8.395348837209303
PYM-10660,2025-05-26,Pyme,Lampa,Valparaíso,0.035,4300,2021,906,1019,3946,354,8.2325581395348824
PYM-11613,2025-08-24,Pyme,San Bernardo,Valparaíso,0.01,4300,1968,906,1089,3963,337,7.837209302325582
PYM-11714,2025-03-28,Pyme,Santiago,Valparaíso,0.008,4300,2040,906,1045,3991,309,7.1860465116279064
PYM-12006,2025-11-27,Pyme,Quilicura,Valparaíso,0.007,4300,2055,906,1009,3970,330,7.6744186046511631
PYM-12046,2025-09-18,Pyme,Pudahuel,Valparaíso,0.033,4300,1928,906,1051,3885,415,9.6511627906976738
PYM-12454,2025-03-26,Pyme,San Bernardo,Valparaíso,0.012,4300,1993,906,1049,3948,352,8.1860465116279055
PYM-11429,2025-10-09,Pyme,Maipú,Valparaíso,0.031,4300,2005,907,1047,3959,341,7.9302325581395356
PYM-10065,2025-12-05,Pyme,San Bernardo,Valparaíso,0.042,4300,2163,908,1034,4105,195,4.5348837209302326
PYM-10659,2025-03-06,Pyme,Maipú,Valparaíso,0.035,4300,2080,908,1096,4084,216,5.0232558139534884
PYM-11473,2025-06-11,Pyme,San Bernardo,Valparaíso,0.033,4300,1941,909,1030,3880,420,9.7674418604651159
PYM-12616,2025-04-26,Pyme,Providencia,Valparaíso,0.04,4300,1897,909,1092,3898,402,9.3488372093023262
PYM-11368,2025-08-05,Pyme,Maipú,Valparaíso,0.04,4300,2074,911,1082,4067,233,5.4186046511627906
PYM-13155,2025-06-18,Pyme,Quilicura,Valparaíso,0.044,4300,2022,912,1019,3953,347,8.0697674418604652
PYM-10518,2025-08-10,Pyme,Maipú,Valparaíso,0.008,4300,1958,915,1091,3964,336,7.8139534883720927
PYM-11871,2025-05-14,Pyme,Lampa,Valparaíso,0.043,4300,1869,916,1042,3827,473,11
PYM-12565,2025-10-20,Pyme,Pudahuel,Valparaíso,0.022,4300,1802,916,1025,3743,557,12.953488372093021
PYM-11334,2025-07-15,Pyme,Maipú,Valparaíso,0.011,4300,1939,918,1035,3892,408,9.4883720930232567
PYM-10874,2025-07-29,Pyme,Lampa,Valparaíso,0.048,4300,1898,919,1079,3896,404,9.395348837209303
PYM-13733,2025-02-04,Pyme,Lampa,Valparaíso,0.013,4300,1983,920,1083,3986,314,7.3023255813953485
PYM-10279,2025-04-14,Pyme,Quilicura,Valparaíso,0.041,4300,1924,921,1083,3928,372,8.6511627906976738
PYM-10288,2025-05-26,Pyme,Lampa,Valparaíso,0.032,4300,2106,921,1028,4055,245,5.6976744186046515
PYM-12021,2025-09-18,Pyme,Lampa,Valparaíso,0.039,4300,2084,921,1049,4054,246,5.72093023255814
PYM-11646,2025-06-21,Pyme,Lampa,Valparaíso,0.042,4300,1871,923,1002,3796,504,11.720930232558139
PYM-11839,2025-04-28,Pyme,Lampa,Valparaíso,0.015,4300,1930,923,1045,3898,402,9.3488372093023262
PYM-11408,2025-06-06,Pyme,Quilicura,Valparaíso,0.006,4300,2053,924,1001,3978,322,7.4883720930232558
PYM-13202,2025-07-17,Pyme,Providencia,Valparaíso,0.022,4300,1903,924,1037,3864,436,10.13953488372093
PYM-13721,2025-09-12,Pyme,Providencia,Valparaíso,0.02,4300,1991,924,1078,3993,307,7.13953488372093
PYM-10266,2025-11-10,Pyme,Lampa,Valparaíso,0.021,4300,2176,925,1034,4135,165,3.8372093023255816
PYM-10610,2025-02-13,Pyme,Pudahuel,Valparaíso,0.045,4300,2091,925,1009,4025,275,6.395348837209303
PYM-12120,2025-02-16,Pyme,Santiago,Valparaíso,0.039,4300,2184,925,1089,4198,102,2.3720930232558142
PYM-11092,2025-01-11,Pyme,Santiago,Valparaíso,0.037,4300,1809,927,1053,3789,511,11.883720930232558
PYM-12184,2025-07-20,Pyme,Lampa,Valparaíso,0.046,4300,2186,927,1096,4209,91,2.1162790697674421
PYM-12726,2025-01-20,Pyme,Providencia,Valparaíso,0.048,4300,1949,927,1057,3933,367,8.5348837209302317
PYM-12804,2025-09-20,Pyme,Lampa,Valparaíso,0.006,4300,2169,927,1070,4166,134,3.1162790697674416
PYM-13128,2025-08-07,Pyme,Lampa,Valparaíso,0.049,4300,2024,927,1017,3968,332,7.720930232558139
PYM-12492,2025-07-04,Pyme,Pudahuel,Valparaíso,0.035,4300,2001,928,1075,4004,296,6.8837209302325579
PYM-11610,2025-09-17,Pyme,Maipú,Valparaíso,0.012,4300,1965,930,1021,3916,384,8.9302325581395348
PYM-13852,2025-02-07,Pyme,Providencia,Valparaíso,0.032,4300,2186,930,1056,4172,128,2.9767441860465116
PYM-10049,2025-03-27,Pyme,Santiago,Valparaíso,0.009,4300,1816,931,1071,3818,482,11.209302325581396
PYM-10768,2025-10-08,Pyme,Lampa,Valparaíso,0.041,4300,2056,931,1075,4062,238,5.5348837209302326
PYM-11622,2025-07-05,Pyme,Santiago,Valparaíso,0.041,4300,2045,931,1047,4023,277,6.44186046511628
PYM-12408,2025-11-10,Pyme,Lampa,Valparaíso,0.024,4300,2144,931,1030,4105,195,4.5348837209302326
PYM-11784,2025-09-22,Pyme,Maipú,Valparaíso,0.011,4300,2096,932,1033,4061,239,5.558139534883721
PYM-13387,2025-09-22,Pyme,Santiago,Valparaíso,0.018,4300,1899,932,1023,3854,446,10.372093023255815
PYM-11566,2025-07-12,Pyme,San Bernardo,Valparaíso,0.047,4300,2059,933,1076,4068,232,5.3953488372093021
PYM-12973,2025-11-09,Pyme,Maipú,Valparaíso,0.013,4300,2039,933,1102,4074,226,5.2558139534883725
PYM-11124,2025-12-02,Pyme,Lampa,Valparaíso,0.015,4300,1918,934,1085,3937,363,8.4418604651162781
PYM-11815,2025-10-31,Pyme,Maipú,Valparaíso,0.033,4300,2195,934,1031,4160,140,3.2558139534883721
PYM-10164,2025-06-09,Pyme,Quilicura,Valparaíso,0.015,4300,1813,935,1087,3835,465,10.813953488372093
PYM-10552,2025-04-15,Pyme,San Bernardo,Valparaíso,0.037,4300,2153,935,1092,4180,120,2.7906976744186047
PYM-11347,2025-10-31,Pyme,Maipú,Valparaíso,0.034,4300,2144,935,1046,4125,175,4.0697674418604652
PYM-11597,2025-10-08,Pyme,Quilicura,Valparaíso,0.016,4300,2030,935,1071,4036,264,6.1395348837209305
PYM-11623,2025-04-15,Pyme,Lampa,Valparaíso,0.047,4300,2007,935,1059,4001,299,6.9534883720930241
PYM-11694,2025-09-28,Pyme,Providencia,Valparaíso,0.03,4300,2016,935,1068,4019,281,6.5348837209302335
PYM-12496,2025-02-19,Pyme,Santiago,Valparaíso,0.026,4300,1824,935,1001,3760,540,12.558139534883722
PYM-11781,2025-12-04,Pyme,San Bernardo,Valparaíso,0.012,4300,1990,937,1073,4000,300,6.9767441860465116
PYM-12521,2025-04-03,Pyme,Providencia,Valparaíso,0.042,4300,2095,937,1045,4077,223,5.1860465116279073
PYM-10487,2025-06-22,Pyme,Pudahuel,Valparaíso,0.041,4300,1892,939,1001,3832,468,10.883720930232558
PYM-11065,2025-10-13,Pyme,San Bernardo,Valparaíso,0.023,4300,1968,939,1092,3999,301,7.0000000000000009
PYM-10406,2025-06-30,Pyme,Providencia,Valparaíso,0.035,4300,2123,940,1032,4095,205,4.7674418604651168
PYM-11711,2025-01-30,Pyme,Lampa,Valparaíso,0.047,4300,2134,940,1082,4156,144,3.3488372093023258
PYM-12663,2025-06-13,Pyme,Providencia,Valparaíso,0.023,4300,2123,940,1046,4109,191,4.441860465116279
PYM-11250,2025-07-06,Pyme,San Bernardo,Valparaíso,0.025,4300,2044,941,1007,3992,308,7.1627906976744189
PYM-11511,2025-06-29,Pyme,San Bernardo,Valparaíso,0.044,4300,1980,942,1006,3928,372,8.6511627906976738
PYM-12179,2025-08-07,Pyme,Providencia,Valparaíso,0.049,4300,1983,943,1018,3944,356,8.279069767441861
PYM-11284,2025-04-11,Pyme,Lampa,Rancagua,0.024,4500,2116,760,979,3855,645,14.333333333333334
PYM-11400,2025-09-22,Pyme,Pudahuel,Rancagua,0.01,4500,1864,760,1025,3649,851,18.911111111111111
PYM-12634,2025-02-26,Pyme,Maipú,Rancagua,0.014,4500,2144,760,1046,3950,550,12.222222222222221
PYM-12807,2025-12-13,Pyme,San Bernardo,Rancagua,0.033,4500,1830,760,978,3568,932,20.711111111111112
PYM-10444,2025-03-24,Pyme,Quilicura,Rancagua,0.035,4500,1874,761,989,3624,876,19.466666666666665
PYM-10909,2025-06-20,Pyme,Lampa,Rancagua,0.043,4500,2169,761,1022,3952,548,12.177777777777777
PYM-11495,2025-11-08,Pyme,Quilicura,Rancagua,0.042,4500,2134,761,1014,3909,591,13.133333333333333
PYM-13447,2025-01-13,Pyme,Providencia,Rancagua,0.012,4500,2090,761,972,3823,677,15.044444444444444
PYM-10582,2025-06-22,Pyme,Lampa,Rancagua,0.015,4500,1911,762,1042,3715,785,17.444444444444446
PYM-11926,2025-03-08,Pyme,Maipú,Rancagua,0.022,4500,1909,762,1032,3703,797,17.711111111111112
PYM-11614,2025-02-24,Pyme,Quilicura,Rancagua,0.04,4500,2187,764,1009,3960,540,12
PYM-12886,2025-03-13,Pyme,Maipú,Rancagua,0.014,4500,1950,764,963,3677,823,18.288888888888888
PYM-13789,2025-04-05,Pyme,Lampa,Rancagua,0.006,4500,1909,764,987,3660,840,18.666666666666668
PYM-12484,2025-04-08,Pyme,Providencia,Rancagua,0.031,4500,2109,765,1040,3914,586,13.02222222222222
PYM-12830,2025-07-22,Pyme,Lampa,Rancagua,0.016,4500,1953,765,1029,3747,753,16.733333333333334
PYM-13412,2025-04-27,Pyme,Maipú,Rancagua,0.006,4500,2097,765,1042,3904,596,13.244444444444445
PYM-10315,2025-11-21,Pyme,Santiago,Rancagua,0.006,4500,2156,766,1023,3945,555,12.333333333333334
PYM-10098,2025-05-30,Pyme,San Bernardo,Rancagua,0.016,4500,2140,767,1030,3937,563,12.511111111111111
PYM-12094,2025-04-06,Pyme,Quilicura,Rancagua,0.027,4500,2125,767,956,3848,652,14.488888888888891
PYM-10679,2025-04-10,Pyme,Lampa,Rancagua,0.04,4500,1994,768,974,3736,764,16.977777777777778
PYM-11170,2025-12-17,Pyme,Maipú,Rancagua,0.047,4500,2053,768,1012,3833,667,14.822222222222223
PYM-13176,2025-11-05,Pyme,Lampa,Rancagua,0.011,4500,2058,768,1047,3873,627,13.933333333333334
PYM-10601,2025-12-27,Pyme,Maipú,Rancagua,0.008,4500,1884,769,1020,3673,827,18.37777777777778
PYM-12040,2025-07-06,Pyme,Maipú,Rancagua,0.045,4500,1959,770,1018,3747,753,16.733333333333334
PYM-12122,2025-02-06,Pyme,Santiago,Rancagua,0.035,4500,1919,771,1032,3722,778,17.288888888888891
PYM-12723,2025-03-27,Pyme,Lampa,Rancagua,0.035,4500,2087,771,982,3840,660,14.666666666666666
PYM-12730,2025-02-06,Pyme,San Bernardo,Rancagua,0.01,4500,2152,771,1000,3923,577,12.822222222222221
PYM-13600,2025-09-14,Pyme,Maipú,Rancagua,0.046,4500,1842,771,985,3598,902,20.044444444444444
PYM-10312,2025-08-08,Pyme,Santiago,Rancagua,0.021,4500,2061,772,994,3827,673,14.955555555555556
PYM-10570,2025-08-27,Pyme,Maipú,Rancagua,0.012,4500,2162,772,972,3906,594,13.200000000000001
PYM-12564,2025-08-10,Pyme,San Bernardo,Rancagua,0.041,4500,1817,772,953,3542,958,21.288888888888888
PYM-13368,2025-06-27,Pyme,Providencia,Rancagua,0.041,4500,2099,772,1044,3915,585,13
PYM-10070,2025-07-22,Pyme,Providencia,Rancagua,0.03,4500,1830,773,971,3574,926,20.577777777777779
PYM-10648,2025-01-12,Pyme,Santiago,Rancagua,0.011,4500,2072,773,955,3800,700,15.555555555555555
PYM-13100,2025-04-10,Pyme,Providencia,Rancagua,0.014,4500,2160,773,983,3916,584,12.977777777777778
PYM-13198,2025-08-02,Pyme,Quilicura,Rancagua,0.043,4500,2171,774,1034,3979,521,11.577777777777778
PYM-11245,2025-01-11,Pyme,San Bernardo,Rancagua,0.044,4500,1967,775,983,3725,775,17.222222222222221
PYM-11988,2025-07-21,Pyme,Santiago,Rancagua,0.009,4500,2028,775,1029,3832,668,14.844444444444443
PYM-12693,2025-11-17,Pyme,Providencia,Rancagua,0.019,4500,1976,775,1027,3778,722,16.044444444444444
PYM-12845,2025-01-20,Pyme,Santiago,Rancagua,0.039,4500,1893,775,1047,3715,785,17.444444444444446
PYM-12241,2025-10-19,Pyme,Santiago,Rancagua,0.04,4500,1910,776,958,3644,856,19.022222222222222
PYM-13134,2025-12-12,Pyme,Quilicura,Rancagua,0.039,4500,2090,776,1018,3884,616,13.68888888888889
PYM-13414,2025-01-07,Pyme,Providencia,Rancagua,0.043,4500,2174,776,1020,3970,530,11.777777777777777
PYM-10460,2025-09-02,Pyme,Lampa,Rancagua,0.046,4500,1899,777,977,3653,847,18.822222222222223
PYM-10232,2025-08-14,Pyme,Santiago,Rancagua,0.009,4500,1924,778,970,3672,828,18.4
PYM-10576,2025-11-19,Pyme,Pudahuel,Rancagua,0.049,4500,1929,778,971,3678,822,18.266666666666666
PYM-11253,2025-06-13,Pyme,San Bernardo,Rancagua,0.011,4500,2005,778,968,3751,749,16.644444444444446
PYM-12222,2025-06-12,Pyme,Providencia,Rancagua,0.006,4500,2068,778,993,3839,661,14.68888888888889
PYM-12949,2025-07-19,Pyme,Lampa,Rancagua,0.024,4500,1808,779,959,3546,954,21.2
PYM-10115,2025-06-22,Pyme,Pudahuel,Rancagua,0.032,4500,2017,780,984,3781,719,15.977777777777776
PYM-11182,2025-09-30,Pyme,Pudahuel,Rancagua,0.023,4500,2102,780,1019,3901,599,13.311111111111112
PYM-11792,2025-05-11,Pyme,San Bernardo,Rancagua,0.048,4500,1851,780,992,3623,877,19.488888888888887
PYM-11468,2025-10-07,Pyme,Providencia,Rancagua,0.009,4500,1932,781,1001,3714,786,17.466666666666665
PYM-12993,2025-01-07,Pyme,Lampa,Rancagua,0.025,4500,1909,781,983,3673,827,18.37777777777778
PYM-13476,2025-08-06,Pyme,Providencia,Rancagua,0.014,4500,1885,781,970,3636,864,19.2
PYM-11601,2025-01-15,Pyme,Providencia,Rancagua,0.023,4500,2147,783,962,3892,608,13.511111111111109
PYM-10763,2025-03-09,Pyme,Lampa,Rancagua,0.007,4500,1952,784,953,3689,811,18.022222222222222
PYM-11074,2025-10-20,Pyme,Lampa,Rancagua,0.025,4500,1941,785,1046,3772,728,16.177777777777777
PYM-12998,2025-04-21,Pyme,Lampa,Rancagua,0.029,4500,2104,786,1000,3890,610,13.555555555555557
PYM-12286,2025-07-01,Pyme,Pudahuel,Rancagua,0.013,4500,1830,787,1018,3635,865,19.222222222222221
PYM-13153,2025-05-02,Pyme,Pudahuel,Rancagua,0.049,4500,1932,787,979,3698,802,17.822222222222223
PYM-13238,2025-07-20,Pyme,San Bernardo,Rancagua,0.039,4500,1956,787,971,3714,786,17.466666666666665
PYM-10673,2025-04-09,Pyme,San Bernardo,Rancagua,0.044,4500,1966,788,1041,3795,705,15.666666666666668
PYM-13747,2025-12-02,Pyme,Maipú,Rancagua,0.036,4500,1962,788,1002,3752,748,16.62222222222222
PYM-10488,2025-11-19,Pyme,Quilicura,Rancagua,0.038,4500,1827,789,996,3612,888,19.733333333333334
PYM-12227,2025-06-25,Pyme,Providencia,Rancagua,0.032,4500,2042,789,957,3788,712,15.822222222222221
PYM-13699,2025-09-02,Pyme,Maipú,Rancagua,0.029,4500,2194,789,985,3968,532,11.822222222222223
PYM-10745,2025-11-05,Pyme,Providencia,Rancagua,0.041,4500,2109,790,1000,3899,601,13.355555555555556
PYM-10971,2025-08-16,Pyme,Santiago,Rancagua,0.037,4500,1824,790,1042,3656,844,18.755555555555556
PYM-12024,2025-05-26,Pyme,Quilicura,Rancagua,0.026,4500,2144,791,966,3901,599,13.311111111111112
PYM-12164,2025-08-22,Pyme,Pudahuel,Rancagua,0.014,4500,2059,791,999,3849,651,14.466666666666667
PYM-11008,2025-08-30,Pyme,Pudahuel,Rancagua,0.028,4500,2070,792,1043,3905,595,13.222222222222221
PYM-11108,2025-04-06,Pyme,San Bernardo,Rancagua,0.043,4500,2181,792,1000,3973,527,11.71111111111111
PYM-11727,2025-04-07,Pyme,Pudahuel,Rancagua,0.006,4500,2075,792,970,3837,663,14.733333333333334
PYM-10276,2025-10-10,Pyme,Pudahuel,Rancagua,0.028,4500,1936,793,1025,3754,746,16.577777777777776
PYM-10478,2025-05-27,Pyme,Maipú,Rancagua,0.048,4500,2194,793,1025,4012,488,10.844444444444443
PYM-10650,2025-11-15,Pyme,Santiago,Rancagua,0.02,4500,1995,793,952,3740,760,16.888888888888889
PYM-10655,2025-08-02,Pyme,Lampa,Rancagua,0.014,4500,2092,793,1007,3892,608,13.511111111111109
PYM-11575,2025-07-24,Pyme,Quilicura,Rancagua,0.005,4500,1827,793,996,3616,884,19.644444444444446
PYM-11648,2025-03-27,Pyme,Maipú,Rancagua,0.014,4500,2050,793,1012,3855,645,14.333333333333334
PYM-11836,2025-01-16,Pyme,Santiago,Rancagua,0.028,4500,1817,793,996,3606,894,19.866666666666667
PYM-13792,2025-11-19,Pyme,Maipú,Rancagua,0.012,4500,1859,793,983,3635,865,19.222222222222221
PYM-10417,2025-06-19,Pyme,Providencia,Rancagua,0.028,4500,1838,794,952,3584,916,20.355555555555554
PYM-10982,2025-02-19,Pyme,Pudahuel,Rancagua,0.044,4500,1963,794,1008,3765,735,16.333333333333332
PYM-11330,2025-06-29,Pyme,Pudahuel,Rancagua,0.007,4500,2089,794,1013,3896,604,13.422222222222221
PYM-12820,2025-10-27,Pyme,Quilicura,Rancagua,0.035,4500,2108,794,1042,3944,556,12.355555555555556
PYM-13427,2025-05-02,Pyme,Pudahuel,Rancagua,0.013,4500,2174,794,954,3922,578,12.844444444444445
PYM-10480,2025-04-03,Pyme,Lampa,Rancagua,0.032,4500,2173,795,1048,4016,484,10.755555555555556
PYM-10626,2025-12-19,Pyme,Providencia,Rancagua,0.008,4500,2199,796,985,3980,520,11.555555555555555
PYM-11658,2025-10-28,Pyme,Quilicura,Rancagua,0.026,4500,2150,796,977,3923,577,12.822222222222221
PYM-12733,2025-07-31,Pyme,Maipú,Rancagua,0.035,4500,2018,796,1040,3854,646,14.355555555555554
PYM-12725,2025-06-17,Pyme,Maipú,Rancagua,0.048,4500,2064,797,999,3860,640,14.222222222222221
PYM-11046,2025-12-12,Pyme,Santiago,Rancagua,0.017,4500,1973,798,1014,3785,715,15.888888888888889
PYM-12548,2025-02-12,Pyme,San Bernardo,Rancagua,0.049,4500,1952,798,1033,3783,717,15.933333333333334
PYM-13551,2025-10-03,Pyme,Santiago,Rancagua,0.009,4500,1835,798,956,3589,911,20.244444444444447
PYM-10554,2025-04-26,Pyme,Maipú,Rancagua,0.027,4500,1915,799,979,3693,807,17.933333333333334
PYM-13334,2025-11-27,Pyme,Maipú,Rancagua,0.036,4500,2198,799,971,3968,532,11.822222222222223
PYM-12953,2025-12-08,Pyme,Pudahuel,Rancagua,0.021,4500,1842,801,1027,3670,830,18.444444444444443
PYM-11829,2025-08-27,Pyme,Santiago,Rancagua,0.017,4500,2097,802,991,3890,610,13.555555555555557
PYM-12245,2025-04-29,Pyme,San Bernardo,Rancagua,0.03,4500,2163,802,1035,4000,500,11.111111111111111
PYM-12260,2025-02-17,Pyme,Pudahuel,Rancagua,0.05,4500,1876,802,977,3655,845,18.777777777777775
PYM-13504,2025-01-31,Pyme,Maipú,Rancagua,0.013,4500,1929,802,1046,3777,723,16.066666666666666
PYM-10631,2025-06-27,Pyme,Santiago,Rancagua,0.01,4500,2121,803,957,3881,619,13.755555555555555
PYM-11370,2025-01-16,Pyme,Lampa,Rancagua,0.041,4500,1916,803,952,3671,829,18.422222222222224
PYM-11609,2025-11-26,Pyme,Pudahuel,Rancagua,0.019,4500,2067,803,1029,3899,601,13.355555555555556
PYM-11916,2025-06-29,Pyme,Pudahuel,Rancagua,0.026,4500,2111,803,1033,3947,553,12.28888888888889
PYM-10596,2025-12-18,Pyme,Maipú,Rancagua,0.024,4500,2129,804,1027,3960,540,12
PYM-13325,2025-10-02,Pyme,San Bernardo,Rancagua,0.035,4500,1841,804,1009,3654,846,18.8
PYM-10664,2025-02-07,Pyme,Maipú,Rancagua,0.031,4500,1851,805,956,3612,888,19.733333333333334
PYM-12957,2025-06-18,Pyme,Quilicura,Rancagua,0.04,4500,1920,805,962,3687,813,18.066666666666666
PYM-13672,2025-05-01,Pyme,Santiago,Rancagua,0.049,4500,1830,806,978,3614,886,19.68888888888889
PYM-10025,2025-08-28,Pyme,Santiago,Rancagua,0.028,4500,1816,807,1017,3640,860,19.111111111111111
PYM-11596,2025-09-04,Pyme,Pudahuel,Rancagua,0.012,4500,2110,807,1014,3931,569,12.644444444444444
PYM-13231,2025-08-19,Pyme,San Bernardo,Rancagua,0.048,4500,2006,807,985,3798,702,15.6
PYM-13311,2025-04-16,Pyme,Pudahuel,Rancagua,0.018,4500,2077,807,970,3854,646,14.355555555555554
PYM-13376,2025-07-08,Pyme,Pudahuel,Rancagua,0.036,4500,1994,807,1043,3844,656,14.577777777777779
PYM-10669,2025-01-30,Pyme,Santiago,Rancagua,0.018,4500,1944,808,988,3740,760,16.888888888888889
PYM-10735,2025-12-03,Pyme,Maipú,Rancagua,0.038,4500,2091,808,1023,3922,578,12.844444444444445
PYM-11657,2025-06-22,Pyme,Quilicura,Rancagua,0.034,4500,2118,808,961,3887,613,13.622222222222222
PYM-12076,2025-11-07,Pyme,Santiago,Rancagua,0.03,4500,2145,808,950,3903,597,13.266666666666666
PYM-10126,2025-08-03,Pyme,Quilicura,Rancagua,0.045,4500,1987,809,987,3783,717,15.933333333333334
PYM-10220,2025-10-18,Pyme,Providencia,Rancagua,0.031,4500,2067,809,996,3872,628,13.955555555555554
PYM-11259,2025-01-26,Pyme,Pudahuel,Rancagua,0.025,4500,1956,809,1046,3811,689,15.311111111111112
PYM-13539,2025-04-20,Pyme,Maipú,Rancagua,0.025,4500,1905,809,984,3698,802,17.822222222222223
PYM-10132,2025-06-14,Pyme,Maipú,Rancagua,0.018,4500,1834,810,1023,3667,833,18.511111111111113
PYM-10370,2025-12-31,Pyme,Quilicura,Rancagua,0.01,4500,1801,811,979,3591,909,20.200000000000003
PYM-11401,2025-12-09,Pyme,Lampa,Rancagua,0.013,4500,2001,811,979,3791,709,15.755555555555556
PYM-13291,2025-11-09,Pyme,Quilicura,Rancagua,0.012,4500,2080,811,967,3858,642,14.266666666666666
PYM-13911,2025-06-13,Pyme,Santiago,Rancagua,0.02,4500,2080,811,1011,3902,598,13.28888888888889
PYM-10597,2025-11-02,Pyme,Providencia,Rancagua,0.045,4500,1878,812,1028,3718,782,17.377777777777776
PYM-11017,2025-11-27,Pyme,Maipú,Rancagua,0.021,4500,1993,812,1001,3806,694,15.422222222222222
PYM-11081,2025-05-19,Pyme,Lampa,Rancagua,0.035,4500,1815,812,994,3621,879,19.533333333333331
PYM-13461,2025-10-24,Pyme,Quilicura,Rancagua,0.049,4500,1939,812,1039,3790,710,15.777777777777777
PYM-13616,2025-01-13,Pyme,Providencia,Rancagua,0.042,4500,1946,812,980,3738,762,16.933333333333334
PYM-13743,2025-03-25,Pyme,Maipú,Rancagua,0.049,4500,2175,812,1007,3994,506,11.244444444444444
PYM-10430,2025-01-03,Pyme,Quilicura,Rancagua,0.014,4500,1889,813,1024,3726,774,17.2
PYM-11079,2025-01-02,Pyme,Santiago,Rancagua,0.024,4500,1949,813,957,3719,781,17.355555555555554
PYM-11287,2025-03-27,Pyme,Maipú,Rancagua,0.034,4500,1915,813,992,3720,780,17.333333333333336
PYM-11396,2025-09-21,Pyme,Maipú,Rancagua,0.014,4500,1829,813,1032,3674,826,18.355555555555554
PYM-13877,2025-10-20,Pyme,Pudahuel,Rancagua,0.047,4500,1956,813,1025,3794,706,15.688888888888888
PYM-11204,2025-05-03,Pyme,Quilicura,Rancagua,0.037,4500,1850,814,1007,3671,829,18.422222222222224
PYM-11773,2025-04-17,Pyme,San Bernardo,Rancagua,0.008,4500,2082,814,1030,3926,574,12.755555555555556
PYM-10515,2025-01-29,Pyme,Pudahuel,Rancagua,0.032,4500,1898,815,1009,3722,778,17.288888888888891
PYM-10973,2025-10-16,Pyme,San Bernardo,Rancagua,0.041,4500,1870,815,1011,3696,804,17.866666666666667
PYM-11774,2025-07-22,Pyme,Maipú,Rancagua,0.039,4500,1950,815,975,3740,760,16.888888888888889
PYM-13331,2025-03-25,Pyme,Maipú,Rancagua,0.025,4500,2041,815,987,3843,657,14.6
PYM-10041,2025-11-12,Pyme,Pudahuel,Rancagua,0.033,4500,2059,816,1029,3904,596,13.244444444444445
PYM-11251,2025-10-27,Pyme,Pudahuel,Rancagua,0.007,4500,2149,816,958,3923,577,12.822222222222221
PYM-11410,2025-08-03,Pyme,Lampa,Rancagua,0.026,4500,1839,816,983,3638,862,19.155555555555555
PYM-12544,2025-03-20,Pyme,Pudahuel,Rancagua,0.031,4500,2141,816,959,3916,584,12.977777777777778
PYM-12656,2025-09-01,Pyme,Lampa,Rancagua,0.013,4500,2140,816,953,3909,591,13.133333333333333
PYM-13750,2025-12-14,Pyme,San Bernardo,Rancagua,0.047,4500,2042,816,976,3834,666,14.799999999999999
PYM-11460,2025-03-04,Pyme,Lampa,Rancagua,0.014,4500,2124,817,1022,3963,537,11.933333333333334
PYM-10057,2025-09-06,Pyme,Providencia,Rancagua,0.039,4500,2030,818,962,3810,690,15.333333333333332
PYM-10278,2025-08-17,Pyme,Lampa,Rancagua,0.03,4500,1898,818,1049,3765,735,16.333333333333332
PYM-10449,2025-07-21,Pyme,Santiago,Rancagua,0.03,4500,1961,819,1020,3800,700,15.555555555555555
PYM-11269,2025-09-16,Pyme,Quilicura,Rancagua,0.038,4500,2162,819,1004,3985,515,11.444444444444445
PYM-12748,2025-02-18,Pyme,Lampa,Rancagua,0.047,4500,2027,819,1017,3863,637,14.155555555555555
PYM-10061,2025-05-24,Pyme,San Bernardo,Rancagua,0.032,4500,2069,820,1029,3918,582,12.933333333333334
PYM-10294,2025-04-10,Pyme,Maipú,Rancagua,0.015,4500,1854,820,1015,3689,811,18.022222222222222
PYM-12681,2025-05-25,Pyme,Santiago,Rancagua,0.019,4500,1968,820,1024,3812,688,15.288888888888888
PYM-13191,2025-02-16,Pyme,Pudahuel,Rancagua,0.026,4500,1861,820,1016,3697,803,17.844444444444445
PYM-13526,2025-07-13,Pyme,Quilicura,Rancagua,0.022,4500,2157,820,1043,4020,480,10.666666666666668
PYM-13533,2025-12-02,Pyme,Santiago,Rancagua,0.038,4500,1814,820,1005,3639,861,19.133333333333333
PYM-10603,2025-07-20,Pyme,Pudahuel,Rancagua,0.017,4500,1993,822,1017,3832,668,14.844444444444443
PYM-11858,2025-06-03,Pyme,Pudahuel,Rancagua,0.006,4500,1989,822,1030,3841,659,14.644444444444444
PYM-11897,2025-12-13,Pyme,Santiago,Rancagua,0.02,4500,2189,822,963,3974,526,11.688888888888888
PYM-12167,2025-05-22,Pyme,Maipú,Rancagua,0.021,4500,2070,822,1045,3937,563,12.511111111111111
PYM-13419,2025-02-15,Pyme,Providencia,Rancagua,0.012,4500,2096,822,1033,3951,549,12.2
PYM-13561,2025-05-11,Pyme,Providencia,Rancagua,0.007,4500,2037,822,1011,3870,630,14.000000000000002
PYM-10309,2025-07-16,Pyme,Quilicura,Rancagua,0.013,4500,1914,823,1007,3744,756,16.8
PYM-11435,2025-12-23,Pyme,Maipú,Rancagua,0.017,4500,2051,823,963,3837,663,14.733333333333334
PYM-11499,2025-10-04,Pyme,Pudahuel,Rancagua,0.026,4500,1821,823,991,3635,865,19.222222222222221
PYM-11578,2025-08-29,Pyme,Santiago,Rancagua,0.022,4500,1828,823,974,3625,875,19.444444444444446
PYM-10416,2025-05-17,Pyme,San Bernardo,Rancagua,0.021,4500,2020,824,954,3798,702,15.6
PYM-11579,2025-11-12,Pyme,Pudahuel,Rancagua,0.015,4500,2153,824,1046,4023,477,10.6
PYM-12113,2025-12-06,Pyme,Quilicura,Rancagua,0.045,4500,1951,824,1045,3820,680,15.111111111111111
PYM-12640,2025-09-10,Pyme,Santiago,Rancagua,0.012,4500,1916,824,998,3738,762,16.933333333333334
PYM-13571,2025-02-20,Pyme,San Bernardo,Rancagua,0.049,4500,2173,824,1045,4042,458,10.177777777777777
PYM-13997,2025-11-05,Pyme,Lampa,Rancagua,0.03,4500,2177,825,1028,4030,470,10.444444444444445
PYM-10819,2025-02-16,Pyme,San Bernardo,Rancagua,0.022,4500,2044,826,1021,3891,609,13.533333333333333
PYM-12162,2025-09-29,Pyme,Lampa,Rancagua,0.021,4500,1990,826,1017,3833,667,14.822222222222223
PYM-12671,2025-01-13,Pyme,San Bernardo,Rancagua,0.049,4500,1955,827,1048,3830,670,14.888888888888888
PYM-12946,2025-08-17,Pyme,Pudahuel,Rancagua,0.05,4500,2004,827,1048,3879,621,13.8
PYM-13759,2025-08-08,Pyme,Providencia,Rancagua,0.047,4500,2072,827,962,3861,639,14.2
PYM-10425,2025-08-30,Pyme,Providencia,Rancagua,0.016,4500,1932,828,970,3730,770,17.111111111111111
PYM-10531,2025-06-09,Pyme,Quilicura,Rancagua,0.031,4500,1866,828,999,3693,807,17.933333333333334
PYM-10862,2025-12-20,Pyme,Pudahuel,Rancagua,0.033,4500,1806,829,973,3608,892,19.822222222222223
PYM-12231,2025-11-19,Pyme,Providencia,Rancagua,0.015,4500,1967,829,960,3756,744,16.533333333333331
PYM-12610,2025-10-14,Pyme,San Bernardo,Rancagua,0.031,4500,2035,829,971,3835,665,14.777777777777779
PYM-10556,2025-04-01,Pyme,Pudahuel,Rancagua,0.044,4500,2062,831,989,3882,618,13.733333333333334
PYM-10880,2025-10-10,Pyme,Pudahuel,Rancagua,0.028,4500,1993,831,1040,3864,636,14.133333333333335
PYM-13402,2025-06-17,Pyme,Pudahuel,Rancagua,0.021,4500,2180,831,995,4006,494,10.977777777777778
PYM-10413,2025-12-24,Pyme,Maipú,Rancagua,0.006,4500,2117,832,1044,3993,507,11.266666666666666
PYM-11282,2025-02-24,Pyme,Lampa,Rancagua,0.037,4500,1959,832,1049,3840,660,14.666666666666666
PYM-13203,2025-04-24,Pyme,Santiago,Rancagua,0.011,4500,2192,832,986,4010,490,10.888888888888888
PYM-13727,2025-01-22,Pyme,Quilicura,Rancagua,0.031,4500,2076,832,1046,3954,546,12.133333333333333
PYM-13776,2025-06-21,Pyme,San Bernardo,Rancagua,0.011,4500,2179,832,958,3969,531,11.799999999999999
PYM-12197,2025-10-09,Pyme,Lampa,Rancagua,0.044,4500,2178,833,1018,4029,471,10.466666666666667
PYM-13340,2025-08-13,Pyme,Lampa,Rancagua,0.013,4500,2194,834,985,4013,487,10.822222222222223
PYM-13713,2025-03-28,Pyme,Pudahuel,Rancagua,0.02,4500,2053,834,1007,3894,606,13.466666666666665
PYM-13860,2025-09-05,Pyme,Providencia,Rancagua,0.047,4500,1906,834,979,3719,781,17.355555555555554
PYM-10175,2025-08-10,Pyme,San Bernardo,Rancagua,0.047,4500,2108,835,966,3909,591,13.133333333333333
PYM-11957,2025-04-20,Pyme,Quilicura,Rancagua,0.013,4500,2032,836,952,3820,680,15.111111111111111
PYM-12545,2025-09-29,Pyme,Quilicura,Rancagua,0.01,4500,2110,836,957,3903,597,13.266666666666666
PYM-13545,2025-04-02,Pyme,Santiago,Rancagua,0.035,4500,2185,836,967,3988,512,11.377777777777778
PYM-10250,2025-05-21,Pyme,San Bernardo,Rancagua,0.027,4500,1854,837,1004,3695,805,17.888888888888886
PYM-11125,2025-05-30,Pyme,Quilicura,Rancagua,0.034,4500,2097,837,993,3927,573,12.733333333333333
PYM-12181,2025-01-28,Pyme,Pudahuel,Rancagua,0.027,4500,2183,837,1012,4032,468,10.4
PYM-12185,2025-05-26,Pyme,San Bernardo,Rancagua,0.033,4500,2068,837,975,3880,620,13.777777777777779
PYM-13520,2025-02-16,Pyme,Pudahuel,Rancagua,0.029,4500,2129,837,967,3933,567,12.6
PYM-10750,2025-10-31,Pyme,Pudahuel,Rancagua,0.028,4500,1951,838,996,3785,715,15.888888888888889
PYM-12118,2025-06-24,Pyme,Maipú,Rancagua,0.008,4500,1971,838,982,3791,709,15.755555555555556
PYM-12878,2025-07-16,Pyme,San Bernardo,Rancagua,0.035,4500,2172,838,1031,4041,459,10.2
PYM-11173,2025-04-15,Pyme,Santiago,Rancagua,0.022,4500,2187,839,1028,4054,446,9.9111111111111114
PYM-13125,2025-05-25,Pyme,Santiago,Rancagua,0.012,4500,1868,839,1022,3729,771,17.133333333333333
PYM-13137,2025-10-05,Pyme,Quilicura,Rancagua,0.029,4500,1862,839,967,3668,832,18.488888888888887
PYM-13825,2025-02-08,Pyme,Pudahuel,Rancagua,0.043,4500,2019,839,972,3830,670,14.888888888888888
PYM-11138,2025-04-01,Pyme,Lampa,Valparaíso,0.007,4500,1936,855,1047,3838,662,14.71111111111111
PYM-11314,2025-09-17,Pyme,Providencia,Valparaíso,0.013,4500,1997,855,1012,3864,636,14.133333333333335
PYM-11732,2025-11-01,Pyme,Santiago,Valparaíso,0.05,4500,1865,855,1001,3721,779,17.31111111111111
PYM-11938,2025-06-11,Pyme,Pudahuel,Valparaíso,0.037,4500,2175,855,1090,4120,380,8.4444444444444446
PYM-12412,2025-03-09,Pyme,Pudahuel,Valparaíso,0.029,4500,1866,856,1062,3784,716,15.911111111111111
PYM-13081,2025-06-26,Pyme,Lampa,Valparaíso,0.018,4500,2038,856,1031,3925,575,12.777777777777777
PYM-13170,2025-11-29,Pyme,Pudahuel,Valparaíso,0.049,4500,1902,856,1026,3784,716,15.911111111111111
PYM-13612,2025-11-18,Pyme,Pudahuel,Valparaíso,0.017,4500,2178,856,1091,4125,375,8.3333333333333321
PYM-11691,2025-06-16,Pyme,Providencia,Valparaíso,0.023,4500,2068,857,1011,3936,564,12.533333333333333
PYM-11940,2025-09-07,Pyme,Santiago,Valparaíso,0.035,4500,1905,859,997,3761,739,16.422222222222221
PYM-10703,2025-11-28,Pyme,Pudahuel,Valparaíso,0.042,4500,2161,861,1101,4123,377,8.3777777777777782
PYM-10736,2025-11-18,Pyme,Providencia,Valparaíso,0.019,4500,2059,861,1091,4011,489,10.866666666666665
PYM-12290,2025-03-29,Pyme,Santiago,Valparaíso,0.034,4500,1986,862,1003,3851,649,14.422222222222222
PYM-13023,2025-05-19,Pyme,Quilicura,Valparaíso,0.041,4500,2138,862,1087,4087,413,9.1777777777777771
PYM-10242,2025-12-26,Pyme,Providencia,Valparaíso,0.035,4500,2049,863,1076,3988,512,11.377777777777778
PYM-11513,2025-02-05,Pyme,Quilicura,Valparaíso,0.049,4500,2100,863,1085,4048,452,10.044444444444444
PYM-13482,2025-09-16,Pyme,Maipú,Valparaíso,0.041,4500,1802,863,1019,3684,816,18.133333333333333
PYM-10618,2025-12-31,Pyme,Maipú,Valparaíso,0.015,4500,2185,864,1047,4096,404,8.9777777777777779
PYM-12329,2025-03-20,Pyme,Pudahuel,Valparaíso,0.045,4500,1938,864,1021,3823,677,15.044444444444444
PYM-13259,2025-02-20,Pyme,Pudahuel,Valparaíso,0.045,4500,1969,864,1034,3867,633,14.066666666666666
PYM-10067,2025-06-22,Pyme,San Bernardo,Valparaíso,0.031,4500,1847,865,1065,3777,723,16.066666666666666
PYM-11674,2025-09-23,Pyme,Providencia,Valparaíso,0.044,4500,1997,865,1043,3905,595,13.222222222222221
PYM-10434,2025-01-10,Pyme,Maipú,Valparaíso,0.032,4500,2052,866,1056,3974,526,11.688888888888888
PYM-11970,2025-06-07,Pyme,Pudahuel,Valparaíso,0.044,4500,1840,866,1068,3774,726,16.133333333333333
PYM-13362,2025-02-28,Pyme,Quilicura,Valparaíso,0.046,4500,1905,866,1028,3799,701,15.577777777777776
PYM-10764,2025-01-09,Pyme,Providencia,Valparaíso,0.034,4500,2131,867,1095,4093,407,9.0444444444444443
PYM-10769,2025-03-04,Pyme,Santiago,Valparaíso,0.039,4500,1995,867,1022,3884,616,13.68888888888889
PYM-12375,2025-01-10,Pyme,Quilicura,Valparaíso,0.05,4500,1915,867,1048,3830,670,14.888888888888888
PYM-13167,2025-10-23,Pyme,Quilicura,Valparaíso,0.011,4500,1812,867,1064,3743,757,16.822222222222223
PYM-12407,2025-08-14,Pyme,Lampa,Valparaíso,0.033,4500,1800,869,1090,3759,741,16.466666666666665
PYM-13348,2025-04-29,Pyme,Santiago,Valparaíso,0.025,4500,1878,869,1047,3794,706,15.688888888888888
PYM-10020,2025-05-17,Pyme,Maipú,Valparaíso,0.01,4500,1897,870,1020,3787,713,15.844444444444445
PYM-10742,2025-05-25,Pyme,Quilicura,Valparaíso,0.029,4500,1822,870,1071,3763,737,16.377777777777776
PYM-11476,2025-11-09,Pyme,San Bernardo,Valparaíso,0.036,4500,1933,870,1061,3864,636,14.133333333333335
PYM-12155,2025-07-27,Pyme,Santiago,Valparaíso,0.04,4500,2004,871,1098,3973,527,11.71111111111111
PYM-10901,2025-10-12,Pyme,Pudahuel,Valparaíso,0.028,4500,1832,872,1096,3800,700,15.555555555555555
PYM-12797,2025-12-11,Pyme,Providencia,Valparaíso,0.047,4500,2169,872,1064,4105,395,8.7777777777777768
PYM-13501,2025-07-06,Pyme,San Bernardo,Valparaíso,0.03,4500,1971,872,1083,3926,574,12.755555555555556
PYM-10856,2025-02-01,Pyme,Santiago,Valparaíso,0.01,4500,2112,873,1024,4009,491,10.911111111111111
PYM-10804,2025-08-19,Pyme,Santiago,Valparaíso,0.039,4500,2081,874,1036,3991,509,11.31111111111111
PYM-11338,2025-06-17,Pyme,Lampa,Valparaíso,0.021,4500,1891,874,1018,3783,717,15.933333333333334
PYM-11369,2025-05-08,Pyme,Quilicura,Valparaíso,0.018,4500,1927,874,1068,3869,631,14.022222222222222
PYM-11752,2025-12-19,Pyme,Lampa,Valparaíso,0.011,4500,1996,874,1015,3885,615,13.666666666666666
PYM-13351,2025-08-20,Pyme,Lampa,Valparaíso,0.03,4500,1846,874,1081,3801,699,15.533333333333331
PYM-11927,2025-10-31,Pyme,Pudahuel,Valparaíso,0.014,4500,2189,875,1078,4142,358,7.9555555555555557
PYM-13960,2025-08-18,Pyme,Quilicura,Valparaíso,0.048,4500,2112,875,1015,4002,498,11.066666666666666
PYM-11208,2025-08-23,Pyme,Quilicura,Valparaíso,0.02,4500,1859,876,1095,3830,670,14.888888888888888
PYM-11742,2025-03-11,Pyme,Quilicura,Valparaíso,0.039,4500,1864,876,1051,3791,709,15.755555555555556
PYM-12138,2025-04-20,Pyme,San Bernardo,Valparaíso,0.044,4500,1894,876,1062,3832,668,14.844444444444443
PYM-10667,2025-11-25,Pyme,Santiago,Valparaíso,0.012,4500,1879,877,1029,3785,715,15.888888888888889
PYM-13222,2025-03-28,Pyme,Lampa,Valparaíso,0.05,4500,2099,877,1031,4007,493,10.955555555555556
PYM-11014,2025-01-23,Pyme,Lampa,Valparaíso,0.013,4500,1860,878,1042,3780,720,16
PYM-11102,2025-01-29,Pyme,Lampa,Valparaíso,0.049,4500,1890,878,1047,3815,685,15.222222222222223
PYM-11710,2025-12-31,Pyme,Maipú,Valparaíso,0.018,4500,2103,878,1013,3994,506,11.244444444444444
PYM-11981,2025-02-28,Pyme,Quilicura,Valparaíso,0.04,4500,2109,878,1032,4019,481,10.68888888888889
PYM-12802,2025-10-18,Pyme,Santiago,Valparaíso,0.017,4500,2085,879,997,3961,539,11.977777777777778
PYM-10497,2025-08-10,Pyme,San Bernardo,Valparaíso,0.017,4500,1985,880,1066,3931,569,12.644444444444444
PYM-12757,2025-01-19,Pyme,Maipú,Valparaíso,0.05,4500,2064,880,1077,4021,479,10.644444444444444
PYM-12984,2025-04-26,Pyme,Pudahuel,Valparaíso,0.021,4500,2111,880,1016,4007,493,10.955555555555556
PYM-13089,2025-12-06,Pyme,Pudahuel,Valparaíso,0.026,4500,1819,880,1063,3762,738,16.400000000000002
PYM-13096,2025-02-11,Pyme,Maipú,Valparaíso,0.011,4500,2159,880,1024,4063,437,9.71111111111111
PYM-13369,2025-12-19,Pyme,Lampa,Valparaíso,0.038,4500,2053,880,1008,3941,559,12.422222222222222
PYM-13438,2025-11-10,Pyme,Maipú,Valparaíso,0.005,4500,1837,880,1031,3748,752,16.711111111111109
PYM-10607,2025-12-22,Pyme,Santiago,Valparaíso,0.043,4500,2178,881,997,4056,444,9.8666666666666671
PYM-11883,2025-08-12,Pyme,Providencia,Valparaíso,0.049,4500,2174,881,1035,4090,410,9.11111111111111
PYM-12238,2025-12-31,Pyme,Lampa,Valparaíso,0.038,4500,1997,881,1014,3892,608,13.511111111111109
PYM-10429,2025-07-07,Pyme,Maipú,Valparaíso,0.038,4500,1890,882,1029,3801,699,15.533333333333331
PYM-11051,2025-04-29,Pyme,Quilicura,Valparaíso,0.014,4500,2115,882,1031,4028,472,10.488888888888889
PYM-11379,2025-10-12,Pyme,Santiago,Valparaíso,0.037,4500,2190,882,1045,4117,383,8.5111111111111111
PYM-12948,2025-01-26,Pyme,Lampa,Valparaíso,0.033,4500,1944,882,1087,3913,587,13.044444444444444
PYM-13073,2025-04-20,Pyme,Providencia,Valparaíso,0.044,4500,1991,882,1046,3919,581,12.911111111111111
PYM-10494,2025-11-28,Pyme,Pudahuel,Valparaíso,0.037,4500,1880,883,1022,3785,715,15.888888888888889
PYM-11321,2025-07-08,Pyme,Santiago,Valparaíso,0.026,4500,1845,883,1082,3810,690,15.333333333333332
PYM-10661,2025-10-30,Pyme,Quilicura,Valparaíso,0.04,4500,2079,884,1075,4038,462,10.266666666666667
PYM-13532,2025-07-18,Pyme,Pudahuel,Valparaíso,0.031,4500,1902,884,1005,3791,709,15.755555555555556
PYM-11955,2025-05-05,Pyme,Santiago,Valparaíso,0.028,4500,1976,885,1028,3889,611,13.577777777777778
PYM-12509,2025-10-04,Pyme,Santiago,Valparaíso,0.019,4500,2183,885,1019,4087,413,9.1777777777777771
PYM-13102,2025-08-15,Pyme,Santiago,Valparaíso,0.04,4500,2177,885,1072,4134,366,8.1333333333333329
PYM-12929,2025-09-08,Pyme,Lampa,Valparaíso,0.012,4500,2119,886,1047,4052,448,9.9555555555555557
PYM-12688,2025-12-11,Pyme,Santiago,Valparaíso,0.031,4500,1877,887,1020,3784,716,15.911111111111111
PYM-13103,2025-02-18,Pyme,San Bernardo,Valparaíso,0.043,4500,1842,887,1085,3814,686,15.244444444444444
PYM-10463,2025-12-24,Pyme,Santiago,Valparaíso,0.049,4500,1827,888,1094,3809,691,15.355555555555556
PYM-11809,2025-07-28,Pyme,San Bernardo,Valparaíso,0.025,4500,2110,888,1001,3999,501,11.133333333333335
PYM-12753,2025-02-15,Pyme,Quilicura,Valparaíso,0.042,4500,1811,888,1020,3719,781,17.355555555555554
PYM-13271,2025-10-18,Pyme,Lampa,Valparaíso,0.011,4500,1846,888,1029,3763,737,16.377777777777776
PYM-10753,2025-04-20,Pyme,Maipú,Valparaíso,0.01,4500,1892,891,1101,3884,616,13.68888888888889
PYM-12148,2025-09-23,Pyme,Pudahuel,Valparaíso,0.027,4500,1846,891,1045,3782,718,15.955555555555556
PYM-12537,2025-03-11,Pyme,Providencia,Valparaíso,0.005,4500,1885,891,1101,3877,623,13.844444444444445
PYM-13267,2025-03-14,Pyme,Maipú,Valparaíso,0.021,4500,2146,891,1010,4047,453,10.066666666666666
PYM-12367,2025-05-11,Pyme,San Bernardo,Valparaíso,0.048,4500,2146,892,1076,4114,386,8.5777777777777775
PYM-11952,2025-03-09,Pyme,Quilicura,Valparaíso,0.019,4500,1818,893,1084,3795,705,15.666666666666668
PYM-13525,2025-04-14,Pyme,Providencia,Valparaíso,0.038,4500,2126,893,1067,4086,414,9.2
PYM-10568,2025-04-10,Pyme,Quilicura,Valparaíso,0.043,4500,1927,894,1091,3912,588,13.066666666666665
PYM-11431,2025-08-12,Pyme,Maipú,Valparaíso,0.005,4500,2186,894,1038,4118,382,8.4888888888888889
PYM-12177,2025-08-20,Pyme,Quilicura,Valparaíso,0.027,4500,2014,894,1078,3986,514,11.422222222222222
PYM-13007,2025-08-18,Pyme,Quilicura,Valparaíso,0.035,4500,2116,894,1042,4052,448,9.9555555555555557
PYM-13209,2025-02-13,Pyme,Maipú,Valparaíso,0.01,4500,1810,894,1092,3796,704,15.644444444444444
PYM-11416,2025-03-01,Pyme,Quilicura,Valparaíso,0.021,4500,2063,895,1021,3979,521,11.577777777777778
PYM-12576,2025-10-24,Pyme,Lampa,Valparaíso,0.01,4500,2074,895,1041,4010,490,10.888888888888888
PYM-11346,2025-05-01,Pyme,San Bernardo,Valparaíso,0.037,4500,2016,896,1031,3943,557,12.377777777777778
PYM-13380,2025-09-14,Pyme,Lampa,Valparaíso,0.041,4500,2019,896,1073,3988,512,11.377777777777778
PYM-12379,2025-02-20,Pyme,Quilicura,Valparaíso,0.015,4500,2062,897,1046,4005,495,11
PYM-12441,2025-09-03,Pyme,Pudahuel,Valparaíso,0.035,4500,2189,897,1038,4124,376,8.3555555555555543
PYM-13228,2025-06-29,Pyme,San Bernardo,Valparaíso,0.017,4500,2077,897,1007,3981,519,11.533333333333333
PYM-13924,2025-10-15,Pyme,Pudahuel,Valparaíso,0.027,4500,1803,897,1015,3715,785,17.444444444444446
PYM-11491,2025-09-30,Pyme,Santiago,Valparaíso,0.013,4500,2042,898,1040,3980,520,11.555555555555555
PYM-12289,2025-04-04,Pyme,Pudahuel,Valparaíso,0.034,4500,1951,898,1017,3866,634,14.08888888888889
PYM-13053,2025-01-27,Pyme,Pudahuel,Valparaíso,0.016,4500,1960,898,1054,3912,588,13.066666666666665
PYM-11094,2025-01-23,Pyme,Maipú,Valparaíso,0.021,4500,2005,899,1032,3936,564,12.533333333333333
PYM-11240,2025-06-13,Pyme,Maipú,Valparaíso,0.017,4500,2182,899,1095,4176,324,7.1999999999999993
PYM-12918,2025-01-21,Pyme,Lampa,Valparaíso,0.02,4500,1801,899,1024,3724,776,17.244444444444447
PYM-11290,2025-09-01,Pyme,Pudahuel,Valparaíso,0.013,4500,2122,900,1100,4122,378,8.4
PYM-11945,2025-07-25,Pyme,Maipú,Valparaíso,0.031,4500,1874,900,1086,3860,640,14.222222222222221
PYM-13805,2025-11-07,Pyme,Quilicura,Valparaíso,0.035,4500,2138,900,1062,4100,400,8.88888888888889
PYM-13143,2025-09-28,Pyme,Quilicura,Valparaíso,0.02,4500,2034,901,1031,3966,534,11.866666666666667
PYM-13344,2025-11-01,Pyme,Lampa,Valparaíso,0.014,4500,2193,901,1075,4169,331,7.3555555555555552
PYM-13829,2025-10-25,Pyme,San Bernardo,Valparaíso,0.033,4500,1937,901,1087,3925,575,12.777777777777777
PYM-11863,2025-10-20,Pyme,Maipú,Valparaíso,0.019,4500,1825,903,1072,3800,700,15.555555555555555
PYM-12018,2025-01-09,Pyme,Quilicura,Valparaíso,0.047,4500,1820,903,1029,3752,748,16.62222222222222
PYM-12381,2025-03-11,Pyme,Quilicura,Valparaíso,0.028,4500,2021,903,1072,3996,504,11.200000000000001
PYM-13075,2025-06-27,Pyme,San Bernardo,Valparaíso,0.043,4500,2152,903,1101,4156,344,7.6444444444444439
PYM-13389,2025-04-08,Pyme,Maipú,Valparaíso,0.042,4500,1961,903,1086,3950,550,12.222222222222221
PYM-10023,2025-08-13,Pyme,Santiago,Valparaíso,0.012,4500,1979,904,1059,3942,558,12.4
PYM-11899,2025-03-14,Pyme,Santiago,Valparaíso,0.008,4500,2010,904,1092,4006,494,10.977777777777778
PYM-13496,2025-11-12,Pyme,San Bernardo,Valparaíso,0.038,4500,1879,904,1099,3882,618,13.733333333333334
PYM-12077,2025-07-28,Pyme,Lampa,Valparaíso,0.019,4500,1930,905,1017,3852,648,14.399999999999999
PYM-13633,2025-03-23,Pyme,Santiago,Valparaíso,0.046,4500,2141,905,1071,4117,383,8.5111111111111111
PYM-11285,2025-12-08,Pyme,Santiago,Valparaíso,0.008,4500,1988,906,1094,3988,512,11.377777777777778
PYM-11650,2025-07-20,Pyme,Lampa,Valparaíso,0.014,4500,2118,907,1067,4092,408,9.0666666666666664
PYM-10219,2025-03-17,Pyme,Pudahuel,Valparaíso,0.036,4500,2019,908,1054,3981,519,11.533333333333333
PYM-12569,2025-12-08,Pyme,Santiago,Valparaíso,0.034,4500,1887,908,1100,3895,605,13.444444444444445
PYM-11110,2025-10-16,Pyme,Providencia,Valparaíso,0.027,4500,1845,909,1083,3837,663,14.733333333333334
PYM-11463,2025-11-14,Pyme,Providencia,Valparaíso,0.006,4500,1838,909,1044,3791,709,15.755555555555556
PYM-11537,2025-08-29,Pyme,Pudahuel,Valparaíso,0.042,4500,2036,909,1013,3958,542,12.044444444444444
PYM-13988,2025-12-17,Pyme,Maipú,Valparaíso,0.027,4500,2199,909,1087,4195,305,6.7777777777777786
PYM-11069,2025-04-13,Pyme,Providencia,Valparaíso,0.045,4500,1989,910,1088,3987,513,11.4
PYM-11096,2025-12-04,Pyme,Quilicura,Valparaíso,0.013,4500,1846,910,1044,3800,700,15.555555555555555
PYM-10173,2025-01-13,Pyme,Maipú,Valparaíso,0.03,4500,1903,912,1054,3869,631,14.022222222222222
PYM-11961,2025-08-31,Pyme,Santiago,Valparaíso,0.029,4500,2129,912,1004,4045,455,10.111111111111111
PYM-13385,2025-10-07,Pyme,Providencia,Valparaíso,0.05,4500,1920,912,1036,3868,632,14.044444444444446
PYM-13763,2025-06-23,Pyme,Maipú,Valparaíso,0.032,4500,1887,912,1094,3893,607,13.488888888888889
PYM-11152,2025-12-30,Pyme,Lampa,Valparaíso,0.007,4500,1981,915,1030,3926,574,12.755555555555556
PYM-12857,2025-05-07,Pyme,Lampa,Valparaíso,0.012,4500,2033,915,1102,4050,450,10
PYM-12979,2025-05-10,Pyme,Maipú,Valparaíso,0.046,4500,2172,915,1093,4180,320,7.1111111111111107
PYM-13350,2025-12-02,Pyme,Quilicura,Valparaíso,0.046,4500,1951,915,1035,3901,599,13.311111111111112
PYM-13574,2025-09-26,Pyme,Quilicura,Valparaíso,0.019,4500,1865,915,1069,3849,651,14.466666666666667
PYM-10021,2025-08-21,Pyme,Providencia,Valparaíso,0.049,4500,1898,917,1072,3887,613,13.622222222222222
PYM-10073,2025-11-12,Pyme,Pudahuel,Valparaíso,0.021,4500,2194,917,1053,4164,336,7.4666666666666677
PYM-11326,2025-08-09,Pyme,Lampa,Valparaíso,0.009,4500,1867,917,1065,3849,651,14.466666666666667
PYM-12150,2025-12-26,Pyme,Santiago,Valparaíso,0.013,4500,2153,917,1033,4103,397,8.8222222222222211
PYM-13723,2025-07-29,Pyme,Maipú,Valparaíso,0.038,4500,1956,918,1099,3973,527,11.71111111111111
PYM-13974,2025-10-29,Pyme,Quilicura,Valparaíso,0.037,4500,1834,918,1074,3826,674,14.977777777777778
PYM-10142,2025-10-09,Pyme,San Bernardo,Valparaíso,0.018,4500,2166,919,1061,4146,354,7.8666666666666663
PYM-10799,2025-03-29,Pyme,Santiago,Valparaíso,0.019,4500,2179,919,998,4096,404,8.9777777777777779
PYM-12559,2025-12-26,Pyme,Quilicura,Valparaíso,0.038,4500,1939,919,1020,3878,622,13.822222222222221
PYM-12563,2025-03-22,Pyme,San Bernardo,Valparaíso,0.018,4500,2051,919,1001,3971,529,11.755555555555555
PYM-13164,2025-04-28,Pyme,Pudahuel,Valparaíso,0.02,4500,2034,919,1041,3994,506,11.244444444444444
PYM-13262,2025-11-10,Pyme,Providencia,Valparaíso,0.03,4500,1851,919,1006,3776,724,16.088888888888889
PYM-10606,2025-05-08,Pyme,Pudahuel,Valparaíso,0.011,4500,2196,920,1079,4195,305,6.7777777777777786
PYM-10705,2025-04-09,Pyme,Maipú,Valparaíso,0.044,4500,2123,921,1053,4097,403,8.9555555555555557
PYM-11635,2025-08-06,Pyme,Pudahuel,Valparaíso,0.029,4500,2019,921,1020,3960,540,12
PYM-12041,2025-03-22,Pyme,Maipú,Valparaíso,0.033,4500,1841,922,1020,3783,717,15.933333333333334
PYM-12512,2025-09-17,Pyme,Lampa,Valparaíso,0.049,4500,1944,922,1088,3954,546,12.133333333333333
PYM-10935,2025-02-08,Pyme,San Bernardo,Valparaíso,0.039,4500,1965,923,1092,3980,520,11.555555555555555
PYM-10947,2025-03-20,Pyme,Santiago,Valparaíso,0.045,4500,2166,923,1050,4139,361,8.0222222222222221
PYM-12056,2025-11-18,Pyme,Maipú,Valparaíso,0.044,4500,2071,923,1042,4036,464,10.311111111111112
PYM-13695,2025-01-04,Pyme,Lampa,Valparaíso,0.02,4500,1800,923,1026,3749,751,16.68888888888889
PYM-12860,2025-05-12,Pyme,Pudahuel,Valparaíso,0.017,4500,1825,924,1030,3779,721,16.022222222222222
PYM-13437,2025-09-04,Pyme,Providencia,Valparaíso,0.031,4500,1807,924,1055,3786,714,15.866666666666667
PYM-13024,2025-02-01,Pyme,Providencia,Valparaíso,0.01,4500,2100,925,1021,4046,454,10.088888888888889
PYM-10439,2025-02-01,Pyme,Providencia,Valparaíso,0.006,4500,1849,926,1062,3837,663,14.733333333333334
PYM-12019,2025-02-19,Pyme,Lampa,Valparaíso,0.005,4500,1916,926,1049,3891,609,13.533333333333333
PYM-12539,2025-03-04,Pyme,San Bernardo,Valparaíso,0.018,4500,1839,926,1056,3821,679,15.088888888888889
PYM-12704,2025-02-19,Pyme,Santiago,Valparaíso,0.01,4500,2173,926,1003,4102,398,8.844444444444445
PYM-10292,2025-02-04,Pyme,Maipú,Valparaíso,0.022,4500,1874,927,1045,3846,654,14.533333333333335
PYM-11383,2025-07-30,Pyme,Santiago,Valparaíso,0.014,4500,1827,927,1082,3836,664,14.755555555555555
PYM-12943,2025-07-14,Pyme,Pudahuel,Valparaíso,0.041,4500,2086,928,1035,4049,451,10.022222222222222
PYM-13558,2025-10-05,Pyme,Lampa,Valparaíso,0.014,4500,1956,928,1018,3902,598,13.28888888888889
PYM-11749,2025-06-17,Pyme,Maipú,Valparaíso,0.041,4500,2050,929,1071,4050,450,10
PYM-12862,2025-12-23,Pyme,San Bernardo,Valparaíso,0.038,4500,2024,929,997,3950,550,12.222222222222221
PYM-13518,2025-02-04,Pyme,Santiago,Valparaíso,0.037,4500,2136,929,1031,4096,404,8.9777777777777779
PYM-10961,2025-05-21,Pyme,Lampa,Valparaíso,0.047,4500,2113,931,1081,4125,375,8.3333333333333321
PYM-11561,2025-07-10,Pyme,Lampa,Valparaíso,0.019,4500,2052,931,1028,4011,489,10.866666666666665
PYM-12646,2025-10-11,Pyme,Quilicura,Valparaíso,0.045,4500,1828,931,1078,3837,663,14.733333333333334
PYM-10526,2025-10-05,Pyme,San Bernardo,Valparaíso,0.03,4500,2110,932,1030,4072,428,9.5111111111111111
PYM-10986,2025-07-27,Pyme,San Bernardo,Valparaíso,0.03,4500,1904,933,1076,3913,587,13.044444444444444
PYM-13708,2025-02-12,Pyme,Maipú,Valparaíso,0.047,4500,1944,933,1010,3887,613,13.622222222222222
PYM-10931,2025-08-07,Pyme,Providencia,Valparaíso,0.029,4500,2139,934,1048,4121,379,8.4222222222222225
PYM-13083,2025-03-06,Pyme,Providencia,Valparaíso,0.048,4500,1878,934,1039,3851,649,14.422222222222222
PYM-13323,2025-08-06,Pyme,Pudahuel,Valparaíso,0.014,4500,1991,934,1034,3959,541,12.022222222222222
PYM-12309,2025-07-30,Pyme,Pudahuel,Valparaíso,0.045,4500,1971,935,1027,3933,567,12.6
PYM-13797,2025-06-12,Pyme,Pudahuel,Valparaíso,0.032,4500,1848,935,1005,3788,712,15.822222222222221
PYM-13823,2025-03-10,Pyme,Providencia,Valparaíso,0.037,4500,2196,935,1059,4190,310,6.8888888888888893
PYM-10974,2025-04-04,Pyme,Quilicura,Valparaíso,0.01,4500,2107,936,1044,4087,413,9.1777777777777771
PYM-12406,2025-12-18,Pyme,Providencia,Valparaíso,0.046,4500,1894,936,1050,3880,620,13.777777777777779
PYM-10123,2025-09-08,Pyme,Quilicura,Valparaíso,0.031,4500,1967,937,1035,3939,561,12.466666666666667
PYM-11835,2025-08-20,Pyme,Pudahuel,Valparaíso,0.017,4500,2045,937,1021,4003,497,11.044444444444444
PYM-12846,2025-08-02,Pyme,Lampa,Valparaíso,0.043,4500,1979,937,1056,3972,528,11.733333333333333
PYM-13666,2025-12-18,Pyme,San Bernardo,Valparaíso,0.04,4500,1912,937,1092,3941,559,12.422222222222222
PYM-11618,2025-08-16,Pyme,Pudahuel,Valparaíso,0.029,4500,2158,938,1037,4133,367,8.1555555555555568
PYM-13643,2025-05-29,Pyme,Lampa,Valparaíso,0.032,4500,2038,938,1063,4039,461,10.244444444444445
PYM-11441,2025-07-23,Pyme,Quilicura,Valparaíso,0.05,4500,2056,939,997,3992,508,11.288888888888888
PYM-11514,2025-11-18,Pyme,Pudahuel,Valparaíso,0.047,4500,1961,939,998,3898,602,13.377777777777776
PYM-11573,2025-06-16,Pyme,Quilicura,Valparaíso,0.045,4500,1952,939,1042,3933,567,12.6
PYM-10529,2025-10-22,Pyme,Providencia,Valparaíso,0.028,4500,1878,940,1015,3833,667,14.822222222222223
PYM-10864,2025-10-08,Pyme,Quilicura,Valparaíso,0.039,4500,2075,940,1063,4078,422,9.3777777777777782
PYM-11190,2025-05-13,Pyme,Santiago,Valparaíso,0.044,4500,1902,940,1015,3857,643,14.28888888888889
PYM-11811,2025-04-17,Pyme,Maipú,Valparaíso,0.038,4500,2047,940,1065,4052,448,9.9555555555555557
PYM-12298,2025-06-23,Pyme,Santiago,Valparaíso,0.015,4500,1873,940,1075,3888,612,13.600000000000001
PYM-10544,2025-11-06,Pyme,Santiago,Valparaíso,0.024,4500,1812,941,1067,3820,680,15.111111111111111
PYM-12331,2025-12-01,Pyme,Providencia,Valparaíso,0.041,4500,1936,941,1081,3958,542,12.044444444444444
PYM-10790,2025-09-03,Pyme,Quilicura,Valparaíso,0.045,4500,1867,942,1087,3896,604,13.422222222222221
PYM-11534,2025-08-02,Pyme,Santiago,Valparaíso,0.006,4500,1852,942,1088,3882,618,13.733333333333334
PYM-12764,2025-03-19,Pyme,Pudahuel,Valparaíso,0.039,4500,2119,943,1082,4144,356,7.9111111111111105
PYM-12873,2025-11-17,Pyme,Quilicura,Valparaíso,0.03,4500,2029,943,1088,4060,440,9.7777777777777786
PYM-13712,2025-04-08,Pyme,Santiago,Valparaíso,0.01,4500,2170,943,1016,4129,371,8.2444444444444454
PYM-12129,2025-12-30,Pyme,Providencia,Valparaíso,0.027,4500,1835,944,1091,3870,630,14.000000000000002
PYM-11144,2025-08-11,Pyme,Quilicura,La Serena,0.032,5500,1818,1331,1250,4399,1101,20.018181818181819
PYM-12967,2025-09-04,Pyme,Quilicura,La Serena,0.032,5500,2145,1333,1233,4711,789,14.345454545454544
PYM-13140,2025-09-15,Pyme,Maipú,La Serena,0.009,5500,2060,1333,1205,4598,902,16.400000000000002
PYM-13367,2025-09-05,Pyme,San Bernardo,La Serena,0.034,5500,2039,1334,1196,4569,931,16.927272727272726
PYM-13401,2025-09-10,Pyme,San Bernardo,La Serena,0.023,5500,2157,1336,1162,4655,845,15.363636363636363
PYM-10103,2025-02-07,Pyme,San Bernardo,La Serena,0.047,5500,2013,1337,1180,4530,970,17.636363636363637
PYM-11535,2025-09-04,Pyme,San Bernardo,La Serena,0.041,5500,2018,1337,1229,4584,916,16.654545454545456
PYM-12836,2025-06-24,Pyme,Maipú,La Serena,0.039,5500,2010,1337,1206,4553,947,17.218181818181819
PYM-13938,2025-09-30,Pyme,Quilicura,La Serena,0.024,5500,2137,1337,1160,4634,866,15.745454545454546
PYM-12374,2025-04-11,Pyme,Quilicura,La Serena,0.034,5500,2111,1339,1206,4656,844,15.345454545454546
PYM-10668,2025-02-14,Pyme,Maipú,La Serena,0.008,5500,1832,1342,1160,4334,1166,21.2
PYM-10328,2025-10-02,Pyme,Lampa,La Serena,0.015,5500,2016,1343,1169,4528,972,17.672727272727272
PYM-11387,2025-05-18,Pyme,Pudahuel,La Serena,0.048,5500,2087,1343,1216,4646,854,15.527272727272729
PYM-13585,2025-02-23,Pyme,San Bernardo,La Serena,0.035,5500,1933,1343,1207,4483,1017,18.490909090909092
PYM-13756,2025-04-28,Pyme,Providencia,La Serena,0.033,5500,2135,1343,1207,4685,815,14.81818181818182
PYM-11767,2025-11-21,Pyme,Providencia,La Serena,0.017,5500,1860,1344,1208,4412,1088,19.781818181818181
PYM-12437,2025-01-04,Pyme,Providencia,La Serena,0.047,5500,1885,1346,1245,4476,1024,18.618181818181817
PYM-11099,2025-01-01,Pyme,Quilicura,La Serena,0.044,5500,1911,1347,1216,4474,1026,18.654545454545453
PYM-11197,2025-04-25,Pyme,Santiago,La Serena,0.038,5500,2073,1347,1234,4654,846,15.381818181818183
PYM-11485,2025-08-28,Pyme,Maipú,La Serena,0.019,5500,2091,1347,1213,4651,849,15.436363636363637
PYM-13966,2025-08-06,Pyme,Maipú,La Serena,0.025,5500,2052,1348,1168,4568,932,16.945454545454545
PYM-12980,2025-08-08,Pyme,San Bernardo,La Serena,0.016,5500,2012,1350,1239,4601,899,16.345454545454547
PYM-11868,2025-08-12,Pyme,Quilicura,La Serena,0.021,5500,2144,1352,1198,4694,806,14.654545454545453
PYM-10334,2025-11-28,Pyme,Maipú,La Serena,0.04,5500,1936,1353,1160,4449,1051,19.109090909090909
PYM-10360,2025-04-19,Pyme,Maipú,La Serena,0.012,5500,2012,1353,1169,4534,966,17.563636363636366
PYM-11632,2025-07-29,Pyme,Lampa,La Serena,0.025,5500,2174,1353,1226,4753,747,13.58181818181818
PYM-12617,2025-03-01,Pyme,Pudahuel,La Serena,0.011,5500,2172,1353,1157,4682,818,14.872727272727273
PYM-10283,2025-01-24,Pyme,Maipú,La Serena,0.023,5500,1800,1354,1143,4297,1203,21.872727272727271
PYM-13211,2025-07-11,Pyme,Santiago,La Serena,0.039,5500,2050,1355,1163,4568,932,16.945454545454545
PYM-13446,2025-07-17,Pyme,Pudahuel,La Serena,0.025,5500,1825,1355,1198,4378,1122,20.4
PYM-13606,2025-08-23,Pyme,Maipú,La Serena,0.034,5500,1855,1355,1236,4446,1054,19.163636363636364
PYM-13383,2025-06-08,Pyme,Lampa,La Serena,0.013,5500,2130,1356,1183,4669,831,15.109090909090908
PYM-10762,2025-08-25,Pyme,San Bernardo,La Serena,0.043,5500,1852,1358,1232,4442,1058,19.236363636363638
PYM-11993,2025-02-13,Pyme,Maipú,La Serena,0.048,5500,1864,1358,1201,4423,1077,19.581818181818182
PYM-13312,2025-11-02,Pyme,Providencia,La Serena,0.03,5500,1981,1361,1228,4570,930,16.90909090909091
PYM-11191,2025-04-15,Pyme,Pudahuel,La Serena,0.02,5500,1883,1363,1155,4401,1099,19.981818181818181
PYM-10185,2025-02-15,Pyme,Lampa,La Serena,0.01,5500,2042,1364,1207,4613,887,16.127272727272725
PYM-11705,2025-05-07,Pyme,San Bernardo,La Serena,0.019,5500,1965,1365,1244,4574,926,16.836363636363636
PYM-12328,2025-07-17,Pyme,Lampa,La Serena,0.035,5500,2020,1365,1184,4569,931,16.927272727272726
PYM-10397,2025-05-18,Pyme,Quilicura,La Serena,0.023,5500,2162,1367,1226,4755,745,13.545454545454547
PYM-12740,2025-01-03,Pyme,Maipú,La Serena,0.021,5500,2022,1367,1254,4643,857,15.581818181818182
PYM-13008,2025-12-18,Pyme,San Bernardo,La Serena,0.044,5500,1987,1367,1253,4607,893,16.236363636363638
PYM-10077,2025-11-11,Pyme,Quilicura,La Serena,0.008,5500,1965,1368,1146,4479,1021,18.563636363636363
PYM-10525,2025-05-25,Pyme,Santiago,La Serena,0.019,5500,2086,1369,1183,4638,862,15.672727272727272
PYM-10754,2025-07-13,Pyme,Pudahuel,La Serena,0.028,5500,2080,1369,1215,4664,836,15.2
PYM-10359,2025-02-04,Pyme,Lampa,La Serena,0.05,5500,2193,1370,1255,4818,682,12.4
PYM-12890,2025-06-19,Pyme,Maipú,La Serena,0.027,5500,2087,1370,1222,4679,821,14.927272727272728
PYM-11754,2025-12-07,Pyme,Lampa,La Serena,0.008,5500,1934,1371,1148,4453,1047,19.036363636363639
PYM-10363,2025-04-21,Pyme,Pudahuel,La Serena,0.023,5500,2093,1372,1179,4644,856,15.563636363636363
PYM-11067,2025-11-23,Pyme,Quilicura,La Serena,0.049,5500,1852,1372,1247,4471,1029,18.709090909090907
PYM-11615,2025-08-28,Pyme,Pudahuel,La Serena,0.005,5500,2064,1373,1178,4615,885,16.090909090909093
PYM-13036,2025-12-30,Pyme,Lampa,La Serena,0.018,5500,1944,1373,1225,4542,958,17.418181818181818
PYM-13058,2025-09-10,Pyme,San Bernardo,La Serena,0.028,5500,1924,1373,1197,4494,1006,18.290909090909089
PYM-13955,2025-07-29,Pyme,Pudahuel,La Serena,0.044,5500,2190,1373,1211,4774,726,13.200000000000001
PYM-10352,2025-12-20,Pyme,Quilicura,La Serena,0.031,5500,1972,1374,1209,4555,945,17.18181818181818
PYM-12399,2025-12-26,Pyme,Maipú,La Serena,0.023,5500,2141,1374,1211,4726,774,14.072727272727272
PYM-10999,2025-03-03,Pyme,San Bernardo,La Serena,0.028,5500,2152,1375,1153,4680,820,14.909090909090908
PYM-11148,2025-03-28,Pyme,Maipú,La Serena,0.044,5500,1929,1376,1143,4448,1052,19.127272727272725
PYM-12163,2025-11-15,Pyme,Providencia,La Serena,0.025,5500,2115,1376,1204,4695,805,14.636363636363637
PYM-11520,2025-11-06,Pyme,Lampa,La Serena,0.005,5500,2030,1379,1238,4647,853,15.509090909090908
PYM-13047,2025-01-09,Pyme,Pudahuel,La Serena,0.044,5500,1933,1379,1146,4458,1042,18.945454545454545
PYM-11205,2025-01-19,Pyme,Pudahuel,La Serena,0.037,5500,1950,1380,1146,4476,1024,18.618181818181817
PYM-12357,2025-08-25,Pyme,Lampa,La Serena,0.014,5500,2067,1380,1205,4652,848,15.418181818181816
PYM-12395,2025-05-12,Pyme,Providencia,La Serena,0.048,5500,2144,1380,1178,4702,798,14.50909090909091
PYM-12455,2025-03-22,Pyme,Maipú,La Serena,0.017,5500,1891,1380,1142,4413,1087,19.763636363636365
PYM-10358,2025-11-11,Pyme,San Bernardo,La Serena,0.018,5500,2134,1381,1184,4699,801,14.563636363636364
PYM-12600,2025-02-26,Pyme,Santiago,La Serena,0.024,5500,2053,1381,1228,4662,838,15.236363636363636
PYM-13790,2025-09-13,Pyme,San Bernardo,La Serena,0.048,5500,2069,1381,1200,4650,850,15.454545454545453
PYM-12914,2025-08-25,Pyme,Quilicura,La Serena,0.027,5500,2084,1382,1189,4655,845,15.363636363636363
PYM-13889,2025-06-15,Pyme,Lampa,La Serena,0.028,5500,2081,1383,1186,4650,850,15.454545454545453
PYM-12066,2025-07-14,Pyme,Quilicura,La Serena,0.014,5500,2166,1384,1211,4761,739,13.436363636363636
PYM-12347,2025-07-30,Pyme,Maipú,La Serena,0.027,5500,1910,1385,1221,4516,984,17.890909090909091
PYM-12256,2025-04-17,Pyme,Quilicura,La Serena,0.029,5500,2095,1386,1197,4678,822,14.945454545454545
PYM-13213,2025-04-22,Pyme,Lampa,La Serena,0.026,5500,2109,1386,1199,4694,806,14.654545454545453
PYM-13850,2025-08-09,Pyme,Lampa,La Serena,0.035,5500,1848,1387,1210,4445,1055,19.18181818181818
PYM-10663,2025-04-27,Pyme,Providencia,La Serena,0.028,5500,1927,1388,1248,4563,937,17.036363636363635
PYM-10158,2025-05-26,Pyme,Maipú,La Serena,0.017,5500,2195,1389,1186,4770,730,13.272727272727272
PYM-10666,2025-05-06,Pyme,Quilicura,La Serena,0.019,5500,2124,1390,1229,4743,757,13.763636363636364
PYM-12237,2025-12-12,Pyme,Quilicura,La Serena,0.036,5500,1962,1390,1256,4608,892,16.218181818181819
PYM-10194,2025-11-10,Pyme,Maipú,La Serena,0.034,5500,1865,1391,1226,4482,1018,18.509090909090908
PYM-10933,2025-09-05,Pyme,Quilicura,La Serena,0.03,5500,1970,1391,1220,4581,919,16.709090909090911
PYM-11030,2025-08-22,Pyme,Maipú,La Serena,0.034,5500,2018,1391,1229,4638,862,15.672727272727272
PYM-12977,2025-08-25,Pyme,Santiago,La Serena,0.03,5500,2122,1393,1241,4756,744,13.527272727272727
PYM-13535,2025-02-23,Pyme,Providencia,La Serena,0.033,5500,2062,1393,1214,4669,831,15.109090909090908
PYM-11696,2025-05-18,Pyme,Santiago,La Serena,0.007,5500,1844,1394,1223,4461,1039,18.890909090909091
PYM-12603,2025-04-18,Pyme,Providencia,La Serena,0.034,5500,1867,1394,1212,4473,1027,18.672727272727272
PYM-10824,2025-05-06,Pyme,Providencia,La Serena,0.042,5500,1970,1395,1251,4616,884,16.072727272727271
PYM-13015,2025-04-14,Pyme,Quilicura,La Serena,0.028,5500,2141,1395,1243,4779,721,13.109090909090909
PYM-13678,2025-06-16,Pyme,Santiago,La Serena,0.039,5500,2137,1395,1239,4771,729,13.254545454545456
PYM-12281,2025-06-04,Pyme,Pudahuel,La Serena,0.031,5500,1877,1396,1243,4516,984,17.890909090909091
PYM-11308,2025-09-23,Pyme,San Bernardo,La Serena,0.027,5500,2075,1397,1154,4626,874,15.890909090909092
PYM-11001,2025-05-07,Pyme,Pudahuel,La Serena,0.011,5500,1992,1400,1177,4569,931,16.927272727272726
PYM-13060,2025-01-22,Pyme,Providencia,La Serena,0.029,5500,2193,1400,1254,4847,653,11.872727272727273
PYM-13611,2025-05-31,Pyme,San Bernardo,La Serena,0.007,5500,2125,1400,1187,4712,788,14.327272727272728
PYM-10484,2025-12-02,Pyme,Santiago,La Serena,0.02,5500,2012,1401,1238,4651,849,15.436363636363637
PYM-10645,2025-12-06,Pyme,Lampa,La Serena,0.008,5500,2021,1402,1259,4682,818,14.872727272727273
PYM-13252,2025-10-31,Pyme,San Bernardo,La Serena,0.03,5500,2084,1403,1159,4646,854,15.527272727272729
PYM-13706,2025-01-24,Pyme,Pudahuel,La Serena,0.031,5500,2149,1403,1246,4798,702,12.763636363636364
PYM-13884,2025-02-12,Pyme,Quilicura,La Serena,0.02,5500,2077,1405,1258,4740,760,13.818181818181818
PYM-13353,2025-10-19,Pyme,Maipú,La Serena,0.008,5500,2031,1406,1180,4617,883,16.054545454545455
PYM-11524,2025-10-07,Pyme,Pudahuel,La Serena,0.009,5500,1876,1407,1170,4453,1047,19.036363636363639
PYM-13115,2025-11-24,Pyme,Pudahuel,La Serena,0.008,5500,1980,1408,1210,4598,902,16.400000000000002
PYM-10168,2025-03-22,Pyme,Pudahuel,La Serena,0.027,5500,2162,1409,1219,4790,710,12.909090909090908
PYM-12625,2025-01-06,Pyme,Santiago,La Serena,0.02,5500,1831,1409,1191,4431,1069,19.436363636363637
PYM-10035,2025-10-11,Pyme,Lampa,La Serena,0.014,5500,1999,1410,1232,4641,859,15.618181818181817
PYM-13582,2025-05-19,Pyme,Santiago,La Serena,0.043,5500,1827,1411,1212,4450,1050,19.090909090909093
PYM-12092,2025-03-18,Pyme,Santiago,La Serena,0.008,5500,2198,1414,1257,4869,631,11.472727272727273
PYM-13131,2025-10-15,Pyme,Lampa,La Serena,0.017,5500,2123,1415,1153,4691,809,14.709090909090907
PYM-10537,2025-07-06,Pyme,San Bernardo,La Serena,0.026,5500,2080,1416,1231,4727,773,14.054545454545456
PYM-11154,2025-11-12,Pyme,Pudahuel,La Serena,0.015,5500,2034,1417,1218,4669,831,15.109090909090908
PYM-12567,2025-09-05,Pyme,Maipú,La Serena,0.012,5500,2108,1417,1197,4722,778,14.145454545454545
PYM-13051,2025-01-25,Pyme,Quilicura,La Serena,0.049,5500,1984,1417,1185,4586,914,16.618181818181817
PYM-10829,2025-09-21,Pyme,Santiago,La Serena,0.014,5500,1901,1418,1142,4461,1039,18.890909090909091
PYM-12338,2025-11-26,Pyme,Providencia,La Serena,0.011,5500,2156,1418,1181,4755,745,13.545454545454547
PYM-11129,2025-11-29,Pyme,Santiago,La Serena,0.017,5500,2102,1419,1154,4675,825,15
PYM-11935,2025-10-07,Pyme,Santiago,La Serena,0.028,5500,1878,1421,1222,4521,979,17.8
PYM-13442,2025-04-16,Pyme,Quilicura,La Serena,0.013,5500,2127,1422,1215,4764,736,13.381818181818181
PYM-13952,2025-11-18,Pyme,Quilicura,La Serena,0.041,5500,1926,1422,1158,4506,994,18.072727272727274
PYM-11853,2025-01-11,Pyme,Quilicura,La Serena,0.04,5500,1964,1424,1234,4622,878,15.963636363636363
PYM-12218,2025-08-10,Pyme,Providencia,La Serena,0.021,5500,1962,1424,1227,4613,887,16.127272727272725
PYM-13715,2025-12-09,Pyme,Providencia,La Serena,0.05,5500,2010,1424,1227,4661,839,15.254545454545454
PYM-10280,2025-08-07,Pyme,Quilicura,Concepción,0.022,5500,2021,1425,1282,4728,772,14.036363636363635
PYM-10258,2025-05-29,Pyme,Pudahuel,Concepción,0.014,5500,1886,1426,1217,4529,971,17.654545454545453
PYM-11176,2025-09-01,Pyme,Lampa,La Serena,0.032,5500,1810,1426,1212,4448,1052,19.127272727272725
PYM-11040,2025-08-17,Pyme,Lampa,Concepción,0.04,5500,2002,1427,1304,4733,767,13.945454545454544
PYM-13484,2025-11-11,Pyme,Maipú,Concepción,0.017,5500,1972,1427,1268,4667,833,15.145454545454545
PYM-13732,2025-03-15,Pyme,Providencia,Concepción,0.03,5500,2139,1427,1202,4768,732,13.309090909090909
PYM-10875,2025-04-01,Pyme,Providencia,Concepción,0.045,5500,2003,1428,1238,4669,831,15.109090909090908
PYM-11592,2025-10-27,Pyme,Pudahuel,La Serena,0.019,5500,2166,1428,1226,4820,680,12.363636363636363
PYM-11832,2025-10-26,Pyme,Pudahuel,La Serena,0.04,5500,2018,1428,1252,4698,802,14.581818181818182
PYM-12058,2025-05-21,Pyme,Lampa,La Serena,0.029,5500,2140,1428,1150,4718,782,14.218181818181819
PYM-13224,2025-03-25,Pyme,Quilicura,La Serena,0.024,5500,2117,1428,1235,4780,720,13.090909090909092
PYM-10102,2025-04-28,Pyme,Providencia,La Serena,0.028,5500,2011,1429,1232,4672,828,15.054545454545455
PYM-10898,2025-09-30,Pyme,Santiago,La Serena,0.017,5500,1882,1429,1142,4453,1047,19.036363636363639
PYM-11446,2025-05-17,Pyme,Providencia,La Serena,0.006,5500,1995,1429,1244,4668,832,15.127272727272729
PYM-11785,2025-07-21,Pyme,Santiago,Concepción,0.035,5500,1847,1429,1201,4477,1023,18.6
PYM-12291,2025-08-05,Pyme,Lampa,La Serena,0.032,5500,2126,1429,1147,4702,798,14.50909090909091
PYM-10865,2025-01-27,Pyme,Maipú,La Serena,0.014,5500,1969,1430,1193,4592,908,16.509090909090908
PYM-10344,2025-01-08,Pyme,Santiago,Concepción,0.007,5500,2131,1431,1296,4858,642,11.672727272727272
PYM-10728,2025-10-25,Pyme,Quilicura,La Serena,0.039,5500,1924,1431,1235,4590,910,16.545454545454547
PYM-10161,2025-05-28,Pyme,San Bernardo,Concepción,0.032,5500,1848,1432,1235,4515,985,17.909090909090907
PYM-10475,2025-04-22,Pyme,Lampa,La Serena,0.038,5500,2087,1432,1201,4720,780,14.181818181818182
PYM-11088,2025-03-04,Pyme,Providencia,La Serena,0.029,5500,1877,1432,1158,4467,1033,18.781818181818181
PYM-12034,2025-02-02,Pyme,Santiago,Concepción,0.009,5500,2102,1432,1292,4826,674,12.254545454545454
PYM-12596,2025-08-10,Pyme,Lampa,La Serena,0.022,5500,2141,1432,1213,4786,714,12.981818181818181
PYM-12969,2025-10-08,Pyme,Maipú,La Serena,0.047,5500,1847,1432,1257,4536,964,17.527272727272727
PYM-13930,2025-12-30,Pyme,Quilicura,Concepción,0.005,5500,2087,1432,1285,4804,696,12.654545454545454
PYM-11798,2025-02-18,Pyme,Quilicura,Concepción,0.037,5500,2128,1433,1300,4861,639,11.618181818181817
PYM-13641,2025-09-23,Pyme,San Bernardo,La Serena,0.048,5500,2109,1433,1180,4722,778,14.145454545454545
PYM-10393,2025-11-25,Pyme,Maipú,La Serena,0.045,5500,2118,1435,1144,4697,803,14.6
PYM-11653,2025-01-24,Pyme,Lampa,La Serena,0.033,5500,2042,1435,1248,4725,775,14.09090909090909
PYM-13031,2025-09-13,Pyme,Pudahuel,Concepción,0.013,5500,2065,1435,1229,4729,771,14.018181818181819
PYM-12016,2025-07-06,Pyme,Providencia,La Serena,0.018,5500,2097,1436,1259,4792,708,12.872727272727271
PYM-13514,2025-05-04,Pyme,Lampa,La Serena,0.039,5500,2093,1436,1176,4705,795,14.454545454545453
PYM-13568,2025-08-28,Pyme,Quilicura,Concepción,0.025,5500,1871,1436,1292,4599,901,16.381818181818179
PYM-10721,2025-07-22,Pyme,Pudahuel,Concepción,0.021,5500,1954,1437,1205,4596,904,16.436363636363634
PYM-13963,2025-06-03,Pyme,Lampa,La Serena,0.018,5500,2065,1437,1211,4713,787,14.30909090909091
PYM-12811,2025-01-04,Pyme,San Bernardo,La Serena,0.047,5500,2179,1438,1255,4872,628,11.418181818181818
PYM-10054,2025-03-06,Pyme,Santiago,Concepción,0.014,5500,1827,1440,1189,4456,1044,18.981818181818184
PYM-11097,2025-03-09,Pyme,Pudahuel,Concepción,0.012,5500,1947,1440,1226,4613,887,16.127272727272725
PYM-10731,2025-12-14,Pyme,Maipú,Concepción,0.013,5500,1887,1441,1262,4590,910,16.545454545454547
PYM-11872,2025-04-25,Pyme,Maipú,Concepción,0.028,5500,2078,1442,1218,4738,762,13.854545454545455
PYM-13113,2025-09-02,Pyme,San Bernardo,Concepción,0.014,5500,1812,1442,1284,4538,962,17.490909090909092
PYM-12170,2025-03-10,Pyme,Santiago,La Serena,0.029,5500,1959,1443,1255,4657,843,15.327272727272728
PYM-12229,2025-09-13,Pyme,Maipú,La Serena,0.008,5500,1865,1443,1167,4475,1025,18.636363636363637
PYM-13995,2025-10-12,Pyme,Santiago,Concepción,0.015,5500,2046,1444,1219,4709,791,14.381818181818181
PYM-10857,2025-03-03,Pyme,Quilicura,Concepción,0.024,5500,2162,1445,1194,4801,699,12.709090909090909
PYM-13161,2025-07-12,Pyme,Maipú,Concepción,0.006,5500,1950,1445,1213,4608,892,16.218181818181819
PYM-11366,2025-05-26,Pyme,Lampa,La Serena,0.025,5500,2013,1446,1188,4647,853,15.509090909090908
PYM-12844,2025-05-11,Pyme,Maipú,Concepción,0.03,5500,1869,1446,1301,4616,884,16.072727272727271
PYM-11162,2025-12-30,Pyme,Pudahuel,La Serena,0.049,5500,1803,1447,1143,4393,1107,20.127272727272725
PYM-13251,2025-07-25,Pyme,Maipú,La Serena,0.029,5500,1889,1447,1197,4533,967,17.581818181818182
PYM-11234,2025-08-23,Pyme,Santiago,La Serena,0.007,5500,2199,1448,1183,4830,670,12.181818181818182
PYM-11558,2025-11-10,Pyme,Quilicura,Concepción,0.033,5500,1918,1448,1241,4607,893,16.236363636363638
PYM-11910,2025-02-03,Pyme,Providencia,La Serena,0.014,5500,1977,1448,1213,4638,862,15.672727272727272
PYM-12761,2025-12-22,Pyme,Providencia,La Serena,0.016,5500,1943,1448,1179,4570,930,16.90909090909091
PYM-11071,2025-08-10,Pyme,Quilicura,La Serena,0.029,5500,2124,1449,1249,4822,678,12.327272727272726
PYM-10680,2025-08-08,Pyme,Providencia,La Serena,0.03,5500,2143,1450,1231,4824,676,12.290909090909091
PYM-12478,2025-09-09,Pyme,Maipú,La Serena,0.021,5500,2019,1450,1201,4670,830,15.090909090909092
PYM-12555,2025-05-04,Pyme,Lampa,Concepción,0.032,5500,1823,1450,1286,4559,941,17.109090909090909
PYM-10140,2025-10-14,Pyme,Maipú,Concepción,0.016,5500,2066,1451,1301,4818,682,12.4
PYM-10629,2025-06-18,Pyme,Pudahuel,La Serena,0.032,5500,1844,1451,1175,4470,1030,18.72727272727273
PYM-10950,2025-04-02,Pyme,Maipú,La Serena,0.03,5500,2181,1452,1224,4857,643,11.690909090909091
PYM-11588,2025-07-21,Pyme,Pudahuel,Concepción,0.018,5500,2058,1452,1281,4791,709,12.890909090909092
PYM-13635,2025-02-04,Pyme,Lampa,La Serena,0.041,5500,2134,1452,1145,4731,769,13.981818181818181
PYM-10843,2025-10-03,Pyme,Pudahuel,Concepción,0.014,5500,1920,1453,1225,4598,902,16.400000000000002
PYM-11827,2025-09-19,Pyme,Pudahuel,La Serena,0.014,5500,2129,1453,1221,4803,697,12.672727272727272
PYM-11960,2025-05-01,Pyme,Pudahuel,La Serena,0.041,5500,2182,1453,1188,4823,677,12.309090909090909
PYM-12064,2025-02-16,Pyme,Maipú,Concepción,0.031,5500,2037,1453,1232,4722,778,14.145454545454545
PYM-12611,2025-01-29,Pyme,Quilicura,La Serena,0.04,5500,1940,1453,1254,4647,853,15.509090909090908
PYM-13287,2025-07-27,Pyme,Santiago,La Serena,0.011,5500,2169,1453,1225,4847,653,11.872727272727273
PYM-11510,2025-09-21,Pyme,Maipú,Concepción,0.026,5500,2116,1454,1220,4790,710,12.909090909090908
PYM-13843,2025-06-13,Pyme,Providencia,La Serena,0.016,5500,2164,1454,1160,4778,722,13.127272727272727
PYM-10059,2025-10-13,Pyme,Santiago,La Serena,0.027,5500,1928,1455,1186,4569,931,16.927272727272726
PYM-12867,2025-01-29,Pyme,Maipú,La Serena,0.022,5500,1831,1455,1249,4535,965,17.545454545454543
PYM-12293,2025-02-16,Pyme,Lampa,Concepción,0.046,5500,1882,1456,1206,4544,956,17.381818181818183
PYM-12204,2025-06-02,Pyme,Pudahuel,La Serena,0.02,5500,2060,1457,1240,4757,743,13.50909090909091
PYM-12297,2025-01-17,Pyme,Providencia,Concepción,0.041,5500,2010,1457,1287,4754,746,13.563636363636364
PYM-11678,2025-01-26,Pyme,Pudahuel,La Serena,0.008,5500,1973,1458,1194,4625,875,15.909090909090908
PYM-13813,2025-02-13,Pyme,Pudahuel,Concepción,0.006,5500,1901,1459,1295,4655,845,15.363636363636363
PYM-12100,2025-08-18,Pyme,Quilicura,La Serena,0.032,5500,2157,1460,1257,4874,626,11.381818181818183
PYM-12517,2025-07-01,Pyme,Maipú,La Serena,0.011,5500,1864,1460,1206,4530,970,17.636363636363637
PYM-13341,2025-11-23,Pyme,Pudahuel,Concepción,0.011,5500,2187,1460,1274,4921,579,10.527272727272727
PYM-13915,2025-07-02,Pyme,Pudahuel,La Serena,0.028,5500,1952,1460,1167,4579,921,16.745454545454546
PYM-11227,2025-07-14,Pyme,Lampa,La Serena,0.017,5500,2144,1462,1251,4857,643,11.690909090909091
PYM-11703,2025-07-05,Pyme,Lampa,La Serena,0.019,5500,2003,1462,1205,4670,830,15.090909090909092
PYM-13524,2025-11-29,Pyme,Lampa,Concepción,0.022,5500,1943,1463,1273,4679,821,14.927272727272728
PYM-10546,2025-10-20,Pyme,Quilicura,La Serena,0.021,5500,1912,1464,1141,4517,983,17.872727272727275
PYM-12650,2025-05-27,Pyme,Lampa,Concepción,0.041,5500,1971,1464,1282,4717,783,14.236363636363636
PYM-10300,2025-08-06,Pyme,San Bernardo,La Serena,0.026,5500,2178,1465,1161,4804,696,12.654545454545454
PYM-12361,2025-03-26,Pyme,Maipú,La Serena,0.028,5500,1957,1465,1208,4630,870,15.818181818181817
PYM-12362,2025-08-12,Pyme,Lampa,La Serena,0.037,5500,2100,1465,1255,4820,680,12.363636363636363
PYM-12447,2025-08-14,Pyme,Quilicura,Concepción,0.043,5500,2009,1465,1291,4765,735,13.363636363636363
PYM-13550,2025-06-02,Pyme,Santiago,Concepción,0.034,5500,1964,1465,1248,4677,823,14.963636363636363
PYM-11795,2025-03-02,Pyme,Providencia,Concepción,0.044,5500,1978,1466,1200,4644,856,15.563636363636363
PYM-10290,2025-03-16,Pyme,Lampa,La Serena,0.031,5500,2026,1467,1159,4652,848,15.418181818181816
PYM-13248,2025-11-12,Pyme,Lampa,La Serena,0.048,5500,2119,1467,1224,4810,690,12.545454545454545
PYM-12215,2025-07-30,Pyme,Maipú,La Serena,0.014,5500,2041,1468,1171,4680,820,14.909090909090908
PYM-12549,2025-03-09,Pyme,Providencia,Concepción,0.035,5500,1870,1468,1256,4594,906,16.472727272727273
PYM-12787,2025-03-11,Pyme,Providencia,La Serena,0.019,5500,1841,1468,1175,4484,1016,18.472727272727273
PYM-11890,2025-04-27,Pyme,San Bernardo,La Serena,0.018,5500,2002,1469,1161,4632,868,15.781818181818183
PYM-12463,2025-03-05,Pyme,Providencia,Concepción,0.009,5500,1897,1469,1259,4625,875,15.909090909090908
PYM-13674,2025-02-27,Pyme,Pudahuel,La Serena,0.025,5500,2107,1469,1170,4746,754,13.709090909090909
PYM-13882,2025-03-17,Pyme,Quilicura,La Serena,0.047,5500,2139,1469,1210,4818,682,12.4
PYM-10578,2025-01-03,Pyme,Santiago,Concepción,0.035,5500,1972,1470,1212,4654,846,15.381818181818183
PYM-13651,2025-09-12,Pyme,Providencia,Concepción,0.032,5500,1985,1470,1217,4672,828,15.054545454545455
PYM-13879,2025-08-07,Pyme,Maipú,Concepción,0.037,5500,1897,1471,1236,4604,896,16.290909090909093
PYM-10479,2025-01-19,Pyme,Quilicura,Concepción,0.037,5500,1881,1474,1255,4610,890,16.18181818181818
PYM-13294,2025-03-04,Pyme,Providencia,Concepción,0.025,5500,1922,1474,1196,4592,908,16.509090909090908
PYM-11869,2025-01-31,Pyme,San Bernardo,Concepción,0.03,5500,1820,1475,1281,4576,924,16.8
PYM-13796,2025-08-22,Pyme,Providencia,Concepción,0.02,5500,1982,1477,1307,4766,734,13.345454545454546
PYM-13032,2025-06-27,Pyme,Maipú,Concepción,0.034,5500,2011,1479,1187,4677,823,14.963636363636363
PYM-13949,2025-04-29,Pyme,Maipú,Concepción,0.017,5500,1867,1480,1258,4605,895,16.272727272727273
PYM-11953,2025-01-09,Pyme,Quilicura,Concepción,0.047,5500,1908,1482,1279,4669,831,15.109090909090908
PYM-10492,2025-07-11,Pyme,Providencia,Concepción,0.013,5500,1938,1483,1207,4628,872,15.854545454545455
PYM-11163,2025-02-10,Pyme,Quilicura,Concepción,0.044,5500,2061,1483,1268,4812,688,12.509090909090908
PYM-11683,2025-05-23,Pyme,San Bernardo,Concepción,0.027,5500,2002,1484,1202,4688,812,14.763636363636365
PYM-12668,2025-08-01,Pyme,Lampa,Concepción,0.046,5500,2079,1487,1277,4843,657,11.945454545454545
PYM-11906,2025-08-09,Pyme,Lampa,Concepción,0.037,5500,2175,1489,1232,4896,604,10.981818181818181
PYM-10820,2025-12-17,Pyme,Quilicura,Concepción,0.017,5500,1868,1490,1245,4603,897,16.309090909090909
PYM-10469,2025-07-21,Pyme,Providencia,Concepción,0.045,5500,2130,1491,1288,4909,591,10.745454545454546
PYM-11753,2025-05-15,Pyme,Maipú,Concepción,0.01,5500,2183,1491,1268,4942,558,10.145454545454545
PYM-11041,2025-03-30,Pyme,Quilicura,Concepción,0.006,5500,1854,1492,1291,4637,863,15.690909090909091
PYM-12333,2025-11-01,Pyme,San Bernardo,Concepción,0.033,5500,2027,1492,1241,4760,740,13.454545454545455
PYM-10852,2025-05-23,Pyme,Maipú,Concepción,0.006,5500,1919,1493,1199,4611,889,16.163636363636364
PYM-13786,2025-11-26,Pyme,San Bernardo,Concepción,0.013,5500,2001,1495,1286,4782,718,13.054545454545455
PYM-11225,2025-12-21,Pyme,San Bernardo,Concepción,0.006,5500,1808,1496,1251,4555,945,17.18181818181818
PYM-10727,2025-01-26,Pyme,Santiago,Concepción,0.017,5500,1977,1498,1231,4706,794,14.436363636363636
PYM-10697,2025-04-07,Pyme,Pudahuel,Concepción,0.015,5500,1847,1501,1231,4579,921,16.745454545454546
PYM-12825,2025-12-26,Pyme,Quilicura,Concepción,0.022,5500,2176,1502,1252,4930,570,10.363636363636363
PYM-13806,2025-09-28,Pyme,San Bernardo,Concepción,0.02,5500,1999,1503,1274,4776,724,13.163636363636364
PYM-11052,2025-08-19,Pyme,Pudahuel,Concepción,0.01,5500,1848,1505,1297,4650,850,15.454545454545453
PYM-10510,2025-05-13,Pyme,Lampa,Concepción,0.036,5500,1827,1508,1280,4615,885,16.090909090909093
PYM-10301,2025-06-10,Pyme,Pudahuel,Concepción,0.024,5500,2140,1509,1252,4901,599,10.890909090909091
PYM-10809,2025-08-04,Pyme,San Bernardo,Concepción,0.049,5500,1841,1510,1253,4604,896,16.290909090909093
PYM-13656,2025-08-04,Pyme,Maipú,Concepción,0.029,5500,2108,1510,1267,4885,615,11.181818181818182
PYM-12196,2025-11-26,Pyme,Maipú,Concepción,0.032,5500,1880,1511,1245,4636,864,15.709090909090909
PYM-10445,2025-10-10,Pyme,Providencia,Concepción,0.02,5500,2151,1515,1218,4884,616,11.200000000000001
PYM-10686,2025-10-25,Pyme,San Bernardo,Concepción,0.023,5500,2004,1515,1245,4764,736,13.381818181818181
PYM-10063,2025-08-09,Pyme,Quilicura,Concepción,0.049,5500,2104,1517,1200,4821,679,12.345454545454546
PYM-11299,2025-11-05,Pyme,Quilicura,Concepción,0.045,5500,2003,1519,1232,4754,746,13.563636363636364
PYM-12110,2025-03-06,Pyme,San Bernardo,Concepción,0.04,5500,1862,1522,1198,4582,918,16.690909090909088
PYM-12482,2025-07-06,Pyme,Providencia,Concepción,0.046,5500,2007,1522,1238,4767,733,13.327272727272726
PYM-11800,2025-05-08,Pyme,San Bernardo,Concepción,0.019,5500,1870,1523,1309,4702,798,14.50909090909091
PYM-12326,2025-11-27,Pyme,Santiago,Concepción,0.048,5500,2134,1524,1220,4878,622,11.309090909090909
PYM-12073,2025-04-23,Pyme,Lampa,Concepción,0.036,5500,1953,1525,1261,4739,761,13.836363636363636
PYM-13392,2025-08-15,Pyme,Quilicura,Concepción,0.009,5500,1850,1525,1187,4562,938,17.054545454545455
PYM-11106,2025-02-21,Pyme,Pudahuel,Concepción,0.009,5500,1961,1526,1240,4727,773,14.054545454545456
PYM-11120,2025-12-02,Pyme,Quilicura,Concepción,0.035,5500,2088,1526,1275,4889,611,11.109090909090909
PYM-12898,2025-09-16,Pyme,Lampa,Concepción,0.025,5500,2069,1527,1269,4865,635,11.545454545454545
PYM-13618,2025-09-21,Pyme,Quilicura,Concepción,0.048,5500,2178,1527,1213,4918,582,10.581818181818182
PYM-12080,2025-09-24,Pyme,Providencia,Concepción,0.049,5500,2158,1529,1279,4966,534,9.709090909090909
PYM-12335,2025-10-28,Pyme,Lampa,Concepción,0.045,5500,2071,1531,1304,4906,594,10.8
PYM-10934,2025-08-21,Pyme,Quilicura,Concepción,0.044,5500,1815,1532,1254,4601,899,16.345454545454547
PYM-13903,2025-04-01,Pyme,Providencia,Concepción,0.033,5500,1928,1532,1250,4710,790,14.363636363636365
PYM-10474,2025-11-09,Pyme,Lampa,Concepción,0.012,5500,1964,1533,1235,4732,768,13.963636363636365
PYM-11739,2025-11-16,Pyme,Maipú,Concepción,0.042,5500,2068,1534,1260,4862,638,11.600000000000001
PYM-11248,2025-07-26,Pyme,Santiago,Concepción,0.025,5500,2164,1535,1212,4911,589,10.709090909090909
PYM-11589,2025-02-22,Pyme,San Bernardo,Concepción,0.007,5500,2190,1535,1219,4944,556,10.109090909090909
PYM-11967,2025-10-28,Pyme,Lampa,Concepción,0.007,5500,1966,1536,1294,4796,704,12.8
PYM-10109,2025-10-23,Pyme,Lampa,Concepción,0.045,5500,1920,1537,1250,4707,793,14.418181818181818
PYM-13330,2025-12-23,Pyme,Maipú,Concepción,0.006,5500,2021,1538,1192,4751,749,13.618181818181817
PYM-12707,2025-12-21,Pyme,Santiago,Concepción,0.023,5500,2183,1540,1213,4936,564,10.254545454545456
PYM-12760,2025-09-05,Pyme,Quilicura,Concepción,0.036,5500,2141,1540,1230,4911,589,10.709090909090909
PYM-10712,2025-10-15,Pyme,Santiago,Concepción,0.012,5500,1960,1543,1215,4718,782,14.218181818181819
PYM-11681,2025-03-07,Pyme,Quilicura,Concepción,0.019,5500,2044,1543,1219,4806,694,12.618181818181817
PYM-13416,2025-07-01,Pyme,Lampa,Concepción,0.04,5500,1927,1543,1232,4702,798,14.50909090909091
PYM-13580,2025-12-25,Pyme,Lampa,Concepción,0.046,5500,2093,1543,1255,4891,609,11.072727272727272
PYM-13111,2025-05-16,Pyme,Santiago,Concepción,0.008,5500,2051,1544,1304,4899,601,10.927272727272728
PYM-13621,2025-05-01,Pyme,San Bernardo,Concepción,0.038,5500,1917,1544,1237,4698,802,14.581818181818182
PYM-13741,2025-05-04,Pyme,Maipú,Concepción,0.025,5500,1953,1545,1279,4777,723,13.145454545454546
PYM-11777,2025-07-25,Pyme,Quilicura,Concepción,0.038,5500,2193,1546,1207,4946,554,10.072727272727272
PYM-11680,2025-10-05,Pyme,Quilicura,Concepción,0.021,5500,1817,1547,1311,4675,825,15
PYM-12405,2025-02-18,Pyme,Pudahuel,Concepción,0.007,5500,1854,1547,1279,4680,820,14.909090909090908
PYM-10435,2025-08-29,Pyme,Santiago,Concepción,0.013,5500,2173,1549,1274,4996,504,9.163636363636364
PYM-12524,2025-03-28,Pyme,Pudahuel,Concepción,0.027,5500,1814,1549,1293,4656,844,15.345454545454546
PYM-10385,2025-12-15,Pyme,Pudahuel,Concepción,0.032,5500,1825,1550,1187,4562,938,17.054545454545455
PYM-13910,2025-04-13,Pyme,Pudahuel,Concepción,0.012,5500,2000,1550,1197,4747,753,13.69090909090909
PYM-10381,2025-02-22,Pyme,Quilicura,Concepción,0.011,5500,2087,1555,1244,4886,614,11.163636363636362
PYM-11104,2025-11-03,Pyme,Maipú,Concepción,0.018,5500,1815,1555,1251,4621,879,15.981818181818182
PYM-11738,2025-08-29,Pyme,Providencia,Concepción,0.037,5500,2148,1555,1259,4962,538,9.7818181818181813
PYM-13216,2025-06-12,Pyme,Santiago,Concepción,0.03,5500,2011,1555,1223,4789,711,12.927272727272726
PYM-12739,2025-06-30,Pyme,Lampa,Concepción,0.007,5500,1820,1557,1294,4671,829,15.072727272727274
PYM-13196,2025-01-02,Pyme,Maipú,Concepción,0.034,5500,1949,1557,1270,4776,724,13.163636363636364
PYM-13469,2025-03-21,Pyme,Pudahuel,Concepción,0.03,5500,1826,1558,1298,4682,818,14.872727272727273
PYM-13690,2025-06-27,Pyme,Santiago,Concepción,0.03,5500,2034,1558,1253,4845,655,11.90909090909091
PYM-11229,2025-01-09,Pyme,Maipú,Concepción,0.014,5500,1850,1560,1295,4705,795,14.454545454545453
PYM-12758,2025-03-27,Pyme,Quilicura,Concepción,0.041,5500,1950,1560,1222,4732,768,13.963636363636365
PYM-12781,2025-07-07,Pyme,San Bernardo,Concepción,0.038,5500,2016,1560,1192,4768,732,13.309090909090909
PYM-10698,2025-06-20,Pyme,Quilicura,Concepción,0.037,5500,2099,1562,1201,4862,638,11.600000000000001
PYM-13686,2025-09-30,Pyme,Maipú,Concepción,0.012,5500,2139,1563,1254,4956,544,9.89090909090909
PYM-11134,2025-06-03,Pyme,Pudahuel,Concepción,0.048,5500,1906,1564,1209,4679,821,14.927272727272728
PYM-11151,2025-02-02,Pyme,Providencia,Concepción,0.047,5500,1800,1565,1208,4573,927,16.854545454545455
PYM-10249,2025-09-27,Pyme,Santiago,Concepción,0.039,5500,1927,1567,1290,4784,716,13.018181818181818
PYM-10837,2025-04-13,Pyme,Providencia,Concepción,0.019,5500,1813,1568,1213,4594,906,16.472727272727273
PYM-12420,2025-01-31,Pyme,Maipú,Concepción,0.013,5500,1849,1569,1222,4640,860,15.636363636363637
PYM-13534,2025-12-17,Pyme,Lampa,Concepción,0.046,5500,2100,1569,1241,4910,590,10.727272727272727
PYM-13896,2025-01-16,Pyme,San Bernardo,Concepción,0.032,5500,1958,1569,1258,4785,715,13
PYM-10951,2025-10-05,Pyme,Quilicura,Concepción,0.014,5500,2015,1570,1248,4833,667,12.127272727272727
PYM-11256,2025-08-09,Pyme,Quilicura,Concepción,0.005,5500,1944,1570,1302,4816,684,12.436363636363636
PYM-10124,2025-03-04,Pyme,Quilicura,Concepción,0.006,5500,2006,1571,1244,4821,679,12.345454545454546
PYM-10356,2025-11-17,Pyme,Lampa,Concepción,0.011,5500,1891,1571,1253,4715,785,14.272727272727273
PYM-11275,2025-10-02,Pyme,Maipú,Concepción,0.015,5500,2017,1571,1288,4876,624,11.345454545454546
PYM-10228,2025-09-20,Pyme,Maipú,La Serena,0.007,5700,1844,1330,1216,4390,1310,22.982456140350877
PYM-11038,2025-05-21,Pyme,Lampa,La Serena,0.007,5700,2046,1330,1141,4517,1183,20.754385964912281
PYM-13613,2025-04-30,Pyme,Pudahuel,La Serena,0.031,5700,2038,1330,1144,4512,1188,20.842105263157894
PYM-11105,2025-02-15,Pyme,Santiago,La Serena,0.035,5700,2017,1331,1151,4499,1201,21.070175438596493
PYM-11478,2025-01-22,Pyme,Providencia,La Serena,0.027,5700,2001,1331,1140,4472,1228,21.543859649122808
PYM-10671,2025-09-04,Pyme,San Bernardo,La Serena,0.035,5700,2126,1332,1228,4686,1014,17.789473684210527
PYM-10811,2025-11-23,Pyme,San Bernardo,La Serena,0.033,5700,1977,1333,1193,4503,1197,21
PYM-13630,2025-03-18,Pyme,San Bernardo,La Serena,0.045,5700,1935,1334,1158,4427,1273,22.333333333333332
PYM-10191,2025-07-13,Pyme,Maipú,La Serena,0.036,5700,2128,1335,1220,4683,1017,17.842105263157894
PYM-13920,2025-02-25,Pyme,San Bernardo,La Serena,0.037,5700,1851,1335,1247,4433,1267,22.228070175438596
PYM-13273,2025-01-10,Pyme,Santiago,La Serena,0.037,5700,1936,1336,1243,4515,1185,20.789473684210527
PYM-10550,2025-05-22,Pyme,San Bernardo,La Serena,0.028,5700,1802,1338,1248,4388,1312,23.017543859649123
PYM-11995,2025-01-10,Pyme,San Bernardo,La Serena,0.044,5700,2149,1338,1178,4665,1035,18.157894736842106
PYM-12087,2025-10-09,Pyme,San Bernardo,La Serena,0.028,5700,2036,1338,1256,4630,1070,18.771929824561404
PYM-11295,2025-01-21,Pyme,Maipú,La Serena,0.045,5700,2036,1339,1143,4518,1182,20.736842105263158
PYM-12963,2025-07-12,Pyme,Providencia,La Serena,0.024,5700,2152,1339,1175,4666,1034,18.140350877192983
PYM-10141,2025-07-09,Pyme,Pudahuel,La Serena,0.021,5700,2095,1341,1212,4648,1052,18.456140350877192
PYM-10190,2025-12-19,Pyme,Pudahuel,La Serena,0.045,5700,1813,1341,1187,4341,1359,23.842105263157894
PYM-10755,2025-08-17,Pyme,Maipú,La Serena,0.039,5700,1867,1343,1190,4400,1300,22.807017543859647
PYM-11389,2025-04-01,Pyme,Quilicura,La Serena,0.019,5700,1805,1343,1175,4323,1377,24.157894736842106
PYM-11581,2025-11-14,Pyme,Maipú,La Serena,0.033,5700,2091,1343,1219,4653,1047,18.368421052631579
PYM-10749,2025-02-26,Pyme,Maipú,La Serena,0.026,5700,1829,1344,1240,4413,1287,22.578947368421055
PYM-10948,2025-05-02,Pyme,Providencia,La Serena,0.008,5700,2034,1344,1227,4605,1095,19.210526315789473
PYM-11717,2025-02-01,Pyme,Maipú,La Serena,0.045,5700,1907,1344,1182,4433,1267,22.228070175438596
PYM-12673,2025-11-02,Pyme,Lampa,La Serena,0.045,5700,2049,1345,1177,4571,1129,19.807017543859647
PYM-12200,2025-02-03,Pyme,Pudahuel,La Serena,0.028,5700,2020,1346,1253,4619,1081,18.964912280701753
PYM-12071,2025-09-14,Pyme,Maipú,La Serena,0.044,5700,2009,1348,1143,4500,1200,21.052631578947366
PYM-11831,2025-06-29,Pyme,Providencia,La Serena,0.017,5700,2188,1349,1152,4689,1011,17.736842105263158
PYM-11837,2025-02-05,Pyme,Lampa,La Serena,0.031,5700,1920,1350,1167,4437,1263,22.157894736842103
PYM-12310,2025-02-18,Pyme,Lampa,La Serena,0.032,5700,1878,1350,1143,4371,1329,23.315789473684209
PYM-10144,2025-05-28,Pyme,Quilicura,La Serena,0.007,5700,2182,1351,1214,4747,953,16.719298245614034
PYM-13679,2025-01-30,Pyme,Pudahuel,La Serena,0.017,5700,1847,1352,1203,4402,1298,22.771929824561404
PYM-10696,2025-11-18,Pyme,Santiago,La Serena,0.028,5700,2096,1353,1154,4603,1097,19.245614035087719
PYM-12627,2025-09-11,Pyme,Maipú,La Serena,0.023,5700,1851,1354,1160,4365,1335,23.421052631578949
PYM-12896,2025-11-03,Pyme,San Bernardo,La Serena,0.048,5700,2098,1354,1212,4664,1036,18.17543859649123
PYM-12986,2025-12-26,Pyme,Providencia,La Serena,0.015,5700,2129,1355,1186,4670,1030,18.070175438596493
PYM-13005,2025-08-22,Pyme,Santiago,La Serena,0.042,5700,1960,1356,1194,4510,1190,20.87719298245614
PYM-10946,2025-06-15,Pyme,Maipú,La Serena,0.047,5700,1883,1358,1162,4403,1297,22.754385964912281
PYM-10467,2025-09-17,Pyme,Maipú,La Serena,0.008,5700,1811,1359,1173,4343,1357,23.807017543859647
PYM-11891,2025-07-26,Pyme,Providencia,La Serena,0.028,5700,2045,1359,1174,4578,1122,19.684210526315791
PYM-13604,2025-08-03,Pyme,Maipú,La Serena,0.013,5700,2090,1359,1213,4662,1038,18.210526315789473
PYM-10303,2025-07-17,Pyme,Pudahuel,La Serena,0.012,5700,2065,1360,1151,4576,1124,19.719298245614038
PYM-13415,2025-05-31,Pyme,Providencia,La Serena,0.01,5700,2029,1361,1188,4578,1122,19.684210526315791
PYM-10876,2025-01-24,Pyme,Quilicura,La Serena,0.05,5700,1884,1363,1173,4420,1280,22.456140350877192
PYM-11198,2025-02-11,Pyme,Santiago,La Serena,0.02,5700,2092,1363,1160,4615,1085,19.035087719298247
PYM-13764,2025-03-31,Pyme,Quilicura,La Serena,0.016,5700,2010,1363,1164,4537,1163,20.403508771929822
PYM-10848,2025-09-01,Pyme,Maipú,La Serena,0.036,5700,2074,1364,1235,4673,1027,18.017543859649123
PYM-12597,2025-02-21,Pyme,Lampa,La Serena,0.021,5700,2148,1365,1242,4755,945,16.578947368421051
PYM-11166,2025-06-22,Pyme,Maipú,La Serena,0.045,5700,1996,1366,1246,4608,1092,19.157894736842103
PYM-13587,2025-12-30,Pyme,Santiago,La Serena,0.025,5700,2126,1366,1239,4731,969,17
PYM-10577,2025-08-02,Pyme,Maipú,La Serena,0.011,5700,2113,1367,1258,4738,962,16.87719298245614
PYM-11675,2025-01-09,Pyme,San Bernardo,La Serena,0.038,5700,1801,1368,1211,4380,1320,23.157894736842106
PYM-13044,2025-12-23,Pyme,Pudahuel,La Serena,0.026,5700,1837,1368,1164,4369,1331,23.350877192982455
PYM-10291,2025-04-17,Pyme,Santiago,La Serena,0.031,5700,2007,1371,1252,4630,1070,18.771929824561404
PYM-11808,2025-06-07,Pyme,Santiago,La Serena,0.019,5700,2182,1371,1258,4811,889,15.596491228070175
PYM-13956,2025-07-17,Pyme,Pudahuel,La Serena,0.014,5700,1985,1371,1223,4579,1121,19.666666666666664
PYM-10724,2025-07-02,Pyme,San Bernardo,La Serena,0.029,5700,2091,1372,1211,4674,1026,18
PYM-12696,2025-06-03,Pyme,Providencia,La Serena,0.037,5700,1963,1372,1149,4484,1216,21.333333333333336
PYM-13584,2025-03-05,Pyme,Maipú,La Serena,0.022,5700,2002,1372,1227,4601,1099,19.280701754385966
PYM-10543,2025-08-09,Pyme,San Bernardo,La Serena,0.047,5700,1946,1374,1229,4549,1151,20.192982456140353
PYM-11265,2025-04-30,Pyme,Providencia,La Serena,0.029,5700,1995,1374,1164,4533,1167,20.473684210526315
PYM-13970,2025-03-07,Pyme,Providencia,La Serena,0.02,5700,2021,1374,1233,4628,1072,18.807017543859651
PYM-11474,2025-05-27,Pyme,Maipú,La Serena,0.02,5700,2070,1375,1149,4594,1106,19.403508771929825
PYM-13458,2025-06-17,Pyme,Pudahuel,La Serena,0.039,5700,1966,1375,1211,4552,1148,20.140350877192983
PYM-10089,2025-01-01,Pyme,San Bernardo,La Serena,0.014,5700,1851,1376,1178,4405,1295,22.719298245614038
PYM-12587,2025-11-01,Pyme,Santiago,La Serena,0.03,5700,1819,1376,1223,4418,1282,22.491228070175438
PYM-11184,2025-01-31,Pyme,Maipú,La Serena,0.045,5700,1899,1377,1210,4486,1214,21.298245614035089
PYM-13038,2025-05-30,Pyme,Santiago,La Serena,0.049,5700,1889,1377,1166,4432,1268,22.245614035087719
PYM-10756,2025-01-18,Pyme,Santiago,La Serena,0.012,5700,1899,1378,1242,4519,1181,20.719298245614034
PYM-12149,2025-08-22,Pyme,Lampa,La Serena,0.042,5700,1874,1378,1221,4473,1227,21.526315789473685
PYM-10987,2025-06-12,Pyme,Quilicura,La Serena,0.029,5700,1949,1379,1205,4533,1167,20.473684210526315
PYM-12442,2025-12-08,Pyme,San Bernardo,La Serena,0.039,5700,2194,1381,1203,4778,922,16.17543859649123
PYM-13268,2025-12-28,Pyme,Lampa,La Serena,0.018,5700,1850,1382,1210,4442,1258,22.07017543859649
PYM-10612,2025-09-08,Pyme,Providencia,La Serena,0.028,5700,2124,1383,1219,4726,974,17.087719298245613
PYM-12443,2025-02-11,Pyme,Santiago,La Serena,0.02,5700,1863,1383,1158,4404,1296,22.736842105263158
PYM-12871,2025-09-10,Pyme,Lampa,La Serena,0.031,5700,2058,1384,1162,4604,1096,19.228070175438596
PYM-12966,2025-01-10,Pyme,Lampa,La Serena,0.047,5700,2091,1387,1215,4693,1007,17.666666666666668
PYM-11050,2025-12-01,Pyme,Lampa,La Serena,0.035,5700,2152,1388,1226,4766,934,16.385964912280702
PYM-13968,2025-05-03,Pyme,Lampa,La Serena,0.046,5700,2180,1388,1245,4813,887,15.561403508771928
PYM-11141,2025-09-14,Pyme,Maipú,La Serena,0.047,5700,1838,1389,1252,4479,1221,21.421052631578945
PYM-11168,2025-08-03,Pyme,Providencia,La Serena,0.045,5700,2092,1390,1221,4703,997,17.491228070175438
PYM-10282,2025-08-11,Pyme,Lampa,La Serena,0.028,5700,1947,1392,1226,4565,1135,19.912280701754387
PYM-11776,2025-03-08,Pyme,Maipú,La Serena,0.014,5700,2057,1394,1235,4686,1014,17.789473684210527
PYM-13557,2025-09-25,Pyme,Maipú,La Serena,0.015,5700,1899,1395,1255,4549,1151,20.192982456140353
PYM-11666,2025-12-04,Pyme,Pudahuel,La Serena,0.037,5700,2161,1396,1166,4723,977,17.140350877192983
PYM-10563,2025-09-30,Pyme,Santiago,La Serena,0.012,5700,1986,1397,1240,4623,1077,18.894736842105264
PYM-10636,2025-01-19,Pyme,San Bernardo,La Serena,0.05,5700,2068,1397,1237,4702,998,17.508771929824562
PYM-12536,2025-11-29,Pyme,Pudahuel,La Serena,0.019,5700,1949,1397,1163,4509,1191,20.894736842105264
PYM-10711,2025-03-19,Pyme,Lampa,La Serena,0.037,5700,1924,1400,1235,4559,1141,20.017543859649123
PYM-12132,2025-11-19,Pyme,Pudahuel,La Serena,0.029,5700,1857,1400,1216,4473,1227,21.526315789473685
PYM-11424,2025-06-27,Pyme,Quilicura,La Serena,0.028,5700,1837,1401,1159,4397,1303,22.859649122807017
PYM-12540,2025-05-26,Pyme,Santiago,La Serena,0.033,5700,2009,1402,1196,4607,1093,19.17543859649123
PYM-10428,2025-09-05,Pyme,Providencia,La Serena,0.007,5700,2018,1404,1210,4632,1068,18.736842105263158
PYM-13560,2025-08-25,Pyme,Maipú,La Serena,0.05,5700,1909,1404,1147,4460,1240,21.754385964912281
PYM-12198,2025-01-13,Pyme,Providencia,La Serena,0.045,5700,1827,1405,1159,4391,1309,22.964912280701753
PYM-10830,2025-09-05,Pyme,Providencia,La Serena,0.032,5700,1936,1406,1150,4492,1208,21.192982456140349
PYM-11372,2025-01-04,Pyme,Providencia,La Serena,0.033,5700,2004,1406,1204,4614,1086,19.05263157894737
PYM-12305,2025-02-26,Pyme,Pudahuel,La Serena,0.05,5700,1923,1406,1224,4553,1147,20.12280701754386
PYM-13054,2025-12-23,Pyme,Providencia,La Serena,0.043,5700,2132,1406,1179,4717,983,17.245614035087719
PYM-10530,2025-03-18,Pyme,Santiago,La Serena,0.044,5700,1891,1407,1184,4482,1218,21.368421052631579
PYM-11488,2025-06-11,Pyme,Quilicura,La Serena,0.017,5700,2035,1407,1218,4660,1040,18.245614035087719
PYM-13754,2025-11-11,Pyme,Providencia,La Serena,0.036,5700,1962,1407,1170,4539,1161,20.368421052631579
PYM-13972,2025-09-07,Pyme,Quilicura,La Serena,0.01,5700,1960,1408,1161,4529,1171,20.543859649122805
PYM-10443,2025-01-22,Pyme,Quilicura,La Serena,0.008,5700,2049,1410,1239,4698,1002,17.578947368421051
PYM-12350,2025-06-13,Pyme,Santiago,La Serena,0.02,5700,1905,1410,1238,4553,1147,20.12280701754386
PYM-13444,2025-07-10,Pyme,Pudahuel,La Serena,0.023,5700,1821,1410,1248,4479,1221,21.421052631578945
PYM-13186,2025-04-14,Pyme,Providencia,La Serena,0.044,5700,2059,1411,1162,4632,1068,18.736842105263158
PYM-10285,2025-08-17,Pyme,Pudahuel,La Serena,0.03,5700,1994,1413,1212,4619,1081,18.964912280701753
PYM-10461,2025-10-17,Pyme,Quilicura,La Serena,0.038,5700,2038,1413,1184,4635,1065,18.684210526315788
PYM-12294,2025-03-05,Pyme,Lampa,La Serena,0.032,5700,2078,1413,1198,4689,1011,17.736842105263158
PYM-13014,2025-08-26,Pyme,Lampa,La Serena,0.024,5700,2123,1413,1205,4741,959,16.824561403508774
PYM-11867,2025-03-30,Pyme,San Bernardo,La Serena,0.016,5700,1906,1414,1220,4540,1160,20.350877192982455
PYM-12513,2025-09-30,Pyme,San Bernardo,La Serena,0.006,5700,1843,1414,1236,4493,1207,21.17543859649123
PYM-11782,2025-11-14,Pyme,Pudahuel,La Serena,0.035,5700,2032,1417,1146,4595,1105,19.385964912280702
PYM-12276,2025-02-05,Pyme,Maipú,La Serena,0.021,5700,2116,1417,1193,4726,974,17.087719298245613
PYM-10640,2025-07-15,Pyme,Santiago,La Serena,0.008,5700,2130,1418,1234,4782,918,16.105263157894736
PYM-10200,2025-04-27,Pyme,Pudahuel,La Serena,0.044,5700,2117,1421,1259,4797,903,15.842105263157894
PYM-11078,2025-03-30,Pyme,Santiago,La Serena,0.012,5700,2158,1421,1181,4760,940,16.491228070175438
PYM-10213,2025-09-21,Pyme,San Bernardo,La Serena,0.044,5700,1902,1422,1257,4581,1119,19.631578947368421
PYM-10238,2025-10-27,Pyme,San Bernardo,La Serena,0.014,5700,2197,1422,1206,4825,875,15.350877192982457
PYM-10569,2025-02-19,Pyme,Santiago,La Serena,0.039,5700,2070,1422,1148,4640,1060,18.596491228070175
PYM-12069,2025-05-13,Pyme,San Bernardo,La Serena,0.029,5700,1939,1422,1141,4502,1198,21.017543859649123
PYM-12731,2025-10-06,Pyme,Maipú,La Serena,0.045,5700,1959,1423,1256,4638,1062,18.631578947368421
PYM-10210,2025-06-28,Pyme,Maipú,Concepción,0.023,5700,2186,1425,1306,4917,783,13.736842105263158
PYM-10903,2025-11-16,Pyme,Providencia,Concepción,0.029,5700,1845,1425,1312,4582,1118,19.614035087719298
PYM-10908,2025-07-10,Pyme,Providencia,La Serena,0.007,5700,2002,1425,1164,4591,1109,19.456140350877192
PYM-10970,2025-05-29,Pyme,San Bernardo,Concepción,0.02,5700,2024,1425,1197,4646,1054,18.491228070175438
PYM-11433,2025-04-26,Pyme,Providencia,Concepción,0.046,5700,1869,1425,1243,4537,1163,20.403508771929822
PYM-13116,2025-05-13,Pyme,Lampa,Concepción,0.015,5700,1829,1425,1206,4460,1240,21.754385964912281
PYM-12573,2025-05-20,Pyme,Quilicura,Concepción,0.019,5700,1859,1428,1311,4598,1102,19.333333333333332
PYM-13669,2025-08-26,Pyme,Providencia,La Serena,0.049,5700,2141,1428,1236,4805,895,15.701754385964911
PYM-11149,2025-04-11,Pyme,Lampa,Concepción,0.025,5700,1982,1429,1297,4708,992,17.403508771929825
PYM-11385,2025-10-09,Pyme,Providencia,Concepción,0.023,5700,1822,1429,1209,4460,1240,21.754385964912281
PYM-13027,2025-11-16,Pyme,Pudahuel,Concepción,0.013,5700,1901,1429,1252,4582,1118,19.614035087719298
PYM-12510,2025-11-07,Pyme,Quilicura,Concepción,0.045,5700,1802,1430,1270,4502,1198,21.017543859649123
PYM-12643,2025-06-11,Pyme,Pudahuel,La Serena,0.022,5700,2045,1430,1245,4720,980,17.192982456140353
PYM-10176,2025-01-12,Pyme,Maipú,Concepción,0.026,5700,2048,1431,1296,4775,925,16.228070175438596
PYM-10853,2025-08-19,Pyme,Quilicura,Concepción,0.023,5700,1869,1431,1259,4559,1141,20.017543859649123
PYM-11638,2025-04-20,Pyme,San Bernardo,Concepción,0.05,5700,1828,1431,1231,4490,1210,21.228070175438596
PYM-11954,2025-06-26,Pyme,Santiago,La Serena,0.005,5700,2080,1431,1220,4731,969,17
PYM-10048,2025-09-29,Pyme,San Bernardo,Concepción,0.03,5700,2092,1432,1258,4782,918,16.105263157894736
PYM-11580,2025-08-08,Pyme,Lampa,Concepción,0.022,5700,1808,1432,1220,4460,1240,21.754385964912281
PYM-13091,2025-01-05,Pyme,Quilicura,La Serena,0.05,5700,2066,1432,1172,4670,1030,18.070175438596493
PYM-11135,2025-08-16,Pyme,Quilicura,La Serena,0.038,5700,2107,1434,1177,4718,982,17.2280701754386
PYM-12780,2025-05-22,Pyme,Lampa,Concepción,0.037,5700,1905,1434,1252,4591,1109,19.456140350877192
PYM-10775,2025-07-14,Pyme,Maipú,Concepción,0.044,5700,1992,1435,1256,4683,1017,17.842105263157894
PYM-11130,2025-02-18,Pyme,Santiago,Concepción,0.04,5700,1858,1435,1289,4582,1118,19.614035087719298
PYM-11390,2025-12-22,Pyme,San Bernardo,La Serena,0.009,5700,2068,1435,1153,4656,1044,18.315789473684209
PYM-13811,2025-10-10,Pyme,Providencia,Concepción,0.029,5700,1958,1435,1282,4675,1025,17.982456140350877
PYM-10782,2025-10-23,Pyme,Maipú,La Serena,0.018,5700,1804,1436,1247,4487,1213,21.280701754385962
PYM-10892,2025-08-15,Pyme,Pudahuel,Concepción,0.039,5700,2032,1436,1211,4679,1021,17.912280701754383
PYM-11300,2025-01-20,Pyme,Pudahuel,La Serena,0.027,5700,1990,1436,1170,4596,1104,19.368421052631579
PYM-12211,2025-07-09,Pyme,Lampa,La Serena,0.029,5700,1949,1436,1194,4579,1121,19.666666666666664
PYM-13352,2025-03-21,Pyme,Lampa,Concepción,0.031,5700,1821,1436,1218,4475,1225,21.491228070175438
PYM-12325,2025-06-06,Pyme,Quilicura,Concepción,0.008,5700,1888,1437,1239,4564,1136,19.929824561403507
PYM-13483,2025-04-15,Pyme,Providencia,La Serena,0.018,5700,1832,1437,1194,4463,1237,21.701754385964911
PYM-10922,2025-10-31,Pyme,Quilicura,Concepción,0.013,5700,1804,1438,1257,4499,1201,21.070175438596493
PYM-11349,2025-07-28,Pyme,Santiago,La Serena,0.036,5700,1907,1438,1206,4551,1149,20.157894736842106
PYM-13172,2025-09-07,Pyme,San Bernardo,La Serena,0.048,5700,2067,1439,1227,4733,967,16.964912280701753
PYM-13954,2025-12-06,Pyme,San Bernardo,La Serena,0.013,5700,1866,1439,1239,4544,1156,20.280701754385966
PYM-10835,2025-03-14,Pyme,San Bernardo,Concepción,0.008,5700,1873,1440,1289,4602,1098,19.263157894736842
PYM-12483,2025-02-23,Pyme,Providencia,La Serena,0.042,5700,1839,1440,1222,4501,1199,21.035087719298247
PYM-10540,2025-06-29,Pyme,Maipú,La Serena,0.025,5700,2198,1441,1230,4869,831,14.578947368421053
PYM-11252,2025-12-19,Pyme,Pudahuel,Concepción,0.048,5700,1996,1441,1239,4676,1024,17.964912280701753
PYM-11316,2025-03-25,Pyme,Pudahuel,Concepción,0.033,5700,2074,1441,1205,4720,980,17.192982456140353
PYM-11697,2025-12-29,Pyme,Providencia,Concepción,0.02,5700,1942,1441,1306,4689,1011,17.736842105263158
PYM-11909,2025-08-08,Pyme,Santiago,Concepción,0.006,5700,1882,1441,1291,4614,1086,19.05263157894737
PYM-12342,2025-10-27,Pyme,Maipú,La Serena,0.009,5700,1975,1441,1151,4567,1133,19.87719298245614
PYM-13247,2025-01-15,Pyme,Maipú,La Serena,0.045,5700,1990,1441,1215,4646,1054,18.491228070175438
PYM-11042,2025-04-15,Pyme,Quilicura,La Serena,0.017,5700,1847,1442,1169,4458,1242,21.789473684210524
PYM-11942,2025-04-22,Pyme,Maipú,La Serena,0.029,5700,2017,1442,1204,4663,1037,18.192982456140349
PYM-12937,2025-04-09,Pyme,San Bernardo,Concepción,0.007,5700,1839,1442,1280,4561,1139,19.982456140350877
PYM-13673,2025-07-30,Pyme,San Bernardo,Concepción,0.016,5700,2023,1442,1191,4656,1044,18.315789473684209
PYM-11761,2025-03-31,Pyme,Pudahuel,Concepción,0.045,5700,1836,1444,1217,4497,1203,21.10526315789474
PYM-10828,2025-05-29,Pyme,Pudahuel,Concepción,0.042,5700,2029,1445,1304,4778,922,16.17543859649123
PYM-12501,2025-01-27,Pyme,San Bernardo,Concepción,0.007,5700,2179,1445,1283,4907,793,13.912280701754387
PYM-10064,2025-01-07,Pyme,Maipú,Concepción,0.008,5700,2156,1446,1251,4853,847,14.859649122807017
PYM-10339,2025-11-08,Pyme,Santiago,La Serena,0.005,5700,1819,1446,1241,4506,1194,20.94736842105263
PYM-11048,2025-05-08,Pyme,Providencia,La Serena,0.007,5700,2036,1446,1145,4627,1073,18.82456140350877
PYM-13229,2025-06-04,Pyme,Maipú,Concepción,0.048,5700,2184,1447,1254,4885,815,14.298245614035087
PYM-10310,2025-03-26,Pyme,Lampa,Concepción,0.014,5700,2013,1448,1274,4735,965,16.92982456140351
PYM-11371,2025-11-22,Pyme,San Bernardo,La Serena,0.042,5700,1835,1448,1227,4510,1190,20.87719298245614
PYM-12052,2025-11-19,Pyme,Pudahuel,La Serena,0.036,5700,1892,1448,1156,4496,1204,21.12280701754386
PYM-12473,2025-08-18,Pyme,Maipú,Concepción,0.014,5700,1995,1448,1217,4660,1040,18.245614035087719
PYM-13371,2025-06-28,Pyme,Santiago,Concepción,0.042,5700,2015,1448,1246,4709,991,17.385964912280702
PYM-12377,2025-06-04,Pyme,Quilicura,La Serena,0.018,5700,1988,1449,1217,4654,1046,18.350877192982455
PYM-12947,2025-06-08,Pyme,San Bernardo,Concepción,0.009,5700,2161,1449,1198,4808,892,15.649122807017543
PYM-10248,2025-07-25,Pyme,Providencia,La Serena,0.047,5700,1853,1450,1250,4553,1147,20.12280701754386
PYM-12702,2025-07-18,Pyme,Quilicura,Concepción,0.03,5700,1875,1450,1296,4621,1079,18.929824561403507
PYM-12800,2025-03-29,Pyme,Quilicura,Concepción,0.039,5700,1964,1450,1190,4604,1096,19.228070175438596
PYM-11054,2025-03-31,Pyme,Maipú,La Serena,0.039,5700,2095,1451,1215,4761,939,16.473684210526315
PYM-10684,2025-04-19,Pyme,Santiago,La Serena,0.009,5700,1900,1452,1160,4512,1188,20.842105263157894
PYM-13120,2025-07-22,Pyme,Pudahuel,Concepción,0.012,5700,2157,1452,1192,4801,899,15.771929824561404
PYM-10685,2025-04-14,Pyme,Lampa,Concepción,0.026,5700,1835,1454,1290,4579,1121,19.666666666666664
PYM-11884,2025-03-12,Pyme,Santiago,Concepción,0.013,5700,1937,1454,1212,4603,1097,19.245614035087719
PYM-10459,2025-09-05,Pyme,Providencia,Concepción,0.034,5700,2080,1455,1269,4804,896,15.719298245614036
PYM-13072,2025-08-28,Pyme,Providencia,Concepción,0.027,5700,1839,1455,1187,4481,1219,21.385964912280702
PYM-13810,2025-05-30,Pyme,Maipú,La Serena,0.015,5700,2190,1455,1164,4809,891,15.631578947368421
PYM-11636,2025-07-26,Pyme,Maipú,La Serena,0.022,5700,1956,1456,1207,4619,1081,18.964912280701753
PYM-10783,2025-08-09,Pyme,Quilicura,La Serena,0.026,5700,2003,1457,1234,4694,1006,17.649122807017545
PYM-10818,2025-10-28,Pyme,Providencia,Concepción,0.008,5700,2048,1457,1243,4748,952,16.701754385964911
PYM-11462,2025-11-03,Pyme,Providencia,La Serena,0.046,5700,2185,1457,1215,4857,843,14.789473684210527
PYM-11521,2025-09-04,Pyme,Providencia,La Serena,0.012,5700,2138,1457,1238,4833,867,15.210526315789474
PYM-13599,2025-02-08,Pyme,Santiago,Concepción,0.035,5700,1810,1457,1242,4509,1191,20.894736842105264
PYM-13838,2025-01-22,Pyme,Providencia,La Serena,0.049,5700,2004,1457,1201,4662,1038,18.210526315789473
PYM-11426,2025-01-10,Pyme,Lampa,La Serena,0.03,5700,2160,1458,1251,4869,831,14.578947368421053
PYM-12445,2025-04-06,Pyme,Pudahuel,La Serena,0.046,5700,2095,1458,1145,4698,1002,17.578947368421051
PYM-11084,2025-08-25,Pyme,Quilicura,La Serena,0.021,5700,2113,1459,1163,4735,965,16.92982456140351
PYM-11528,2025-04-04,Pyme,Santiago,Concepción,0.046,5700,2149,1459,1188,4796,904,15.859649122807017
PYM-13507,2025-07-09,Pyme,Maipú,Concepción,0.044,5700,1835,1459,1215,4509,1191,20.894736842105264
PYM-13242,2025-08-02,Pyme,Providencia,Concepción,0.033,5700,2073,1461,1263,4797,903,15.842105263157894
PYM-12280,2025-03-25,Pyme,San Bernardo,La Serena,0.02,5700,2183,1462,1141,4786,914,16.035087719298247
PYM-13939,2025-10-11,Pyme,Pudahuel,Concepción,0.032,5700,1976,1462,1203,4641,1059,18.578947368421055
PYM-11929,2025-08-16,Pyme,San Bernardo,Concepción,0.042,5700,2077,1463,1232,4772,928,16.280701754385966
PYM-13746,2025-05-02,Pyme,San Bernardo,La Serena,0.048,5700,1967,1463,1247,4677,1023,17.94736842105263
PYM-13816,2025-12-12,Pyme,Lampa,La Serena,0.017,5700,2031,1463,1167,4661,1039,18.228070175438596
PYM-10046,2025-05-25,Pyme,Lampa,La Serena,0.038,5700,1810,1464,1240,4514,1186,20.807017543859647
PYM-10441,2025-12-05,Pyme,San Bernardo,La Serena,0.037,5700,1847,1464,1225,4536,1164,20.421052631578949
PYM-12136,2025-07-07,Pyme,Pudahuel,Concepción,0.008,5700,2189,1464,1214,4867,833,14.614035087719298
PYM-12605,2025-01-19,Pyme,Maipú,La Serena,0.012,5700,1841,1464,1242,4547,1153,20.2280701754386
PYM-12303,2025-12-11,Pyme,Santiago,La Serena,0.035,5700,1936,1465,1211,4612,1088,19.087719298245613
PYM-10547,2025-10-15,Pyme,Santiago,Concepción,0.033,5700,2117,1466,1205,4788,912,16
PYM-12812,2025-07-31,Pyme,Providencia,La Serena,0.011,5700,2178,1466,1254,4898,802,14.070175438596491
PYM-13253,2025-09-14,Pyme,San Bernardo,La Serena,0.038,5700,2190,1466,1155,4811,889,15.596491228070175
PYM-12952,2025-02-20,Pyme,Quilicura,La Serena,0.046,5700,1863,1467,1202,4532,1168,20.491228070175438
PYM-10761,2025-12-07,Pyme,Maipú,La Serena,0.015,5700,2177,1469,1194,4840,860,15.087719298245613
PYM-12489,2025-08-31,Pyme,Santiago,Concepción,0.021,5700,1978,1471,1221,4670,1030,18.070175438596493
PYM-13124,2025-09-28,Pyme,Santiago,Concepción,0.02,5700,1996,1473,1295,4764,936,16.421052631578949
PYM-10748,2025-05-25,Pyme,Quilicura,Concepción,0.027,5700,2069,1475,1209,4753,947,16.614035087719298
PYM-11417,2025-10-01,Pyme,Santiago,Concepción,0.012,5700,1999,1476,1217,4692,1008,17.684210526315788
PYM-12464,2025-07-11,Pyme,Santiago,Concepción,0.019,5700,1893,1476,1211,4580,1120,19.649122807017545
PYM-11816,2025-12-18,Pyme,Providencia,Concepción,0.006,5700,2071,1477,1226,4774,926,16.245614035087719
PYM-12000,2025-11-12,Pyme,San Bernardo,Concepción,0.007,5700,1825,1478,1262,4565,1135,19.912280701754387
PYM-13837,2025-06-17,Pyme,Lampa,Concepción,0.005,5700,1813,1481,1274,4568,1132,19.859649122807017
PYM-12954,2025-08-23,Pyme,Quilicura,Concepción,0.015,5700,2064,1483,1196,4743,957,16.789473684210527
PYM-12059,2025-02-02,Pyme,San Bernardo,Concepción,0.008,5700,1831,1485,1268,4584,1116,19.578947368421051
PYM-13578,2025-10-23,Pyme,Santiago,Concepción,0.031,5700,2153,1485,1221,4859,841,14.754385964912281
PYM-13846,2025-07-05,Pyme,Lampa,Concepción,0.045,5700,2024,1485,1219,4728,972,17.05263157894737
PYM-11594,2025-03-05,Pyme,San Bernardo,Concepción,0.035,5700,1936,1486,1231,4653,1047,18.368421052631579
PYM-12344,2025-05-06,Pyme,Maipú,Concepción,0.029,5700,1929,1487,1272,4688,1012,17.754385964912281
PYM-11759,2025-08-10,Pyme,Maipú,Concepción,0.025,5700,1808,1494,1217,4519,1181,20.719298245614034
PYM-13000,2025-11-27,Pyme,Maipú,Concepción,0.028,5700,2079,1495,1211,4785,915,16.05263157894737
PYM-13779,2025-07-23,Pyme,Pudahuel,Concepción,0.043,5700,1839,1496,1289,4624,1076,18.87719298245614
PYM-12813,2025-01-30,Pyme,Lampa,Concepción,0.017,5700,2177,1497,1311,4985,715,12.543859649122806
PYM-12013,2025-08-23,Pyme,Providencia,Concepción,0.033,5700,1935,1499,1271,4705,995,17.456140350877192
PYM-11411,2025-10-13,Pyme,Maipú,Concepción,0.042,5700,1910,1501,1285,4696,1004,17.614035087719298
PYM-12752,2025-04-19,Pyme,Maipú,Concepción,0.027,5700,2063,1501,1191,4755,945,16.578947368421051
PYM-13453,2025-10-26,Pyme,Quilicura,Concepción,0.045,5700,1980,1501,1253,4734,966,16.94736842105263
PYM-11391,2025-01-29,Pyme,San Bernardo,Concepción,0.04,5700,2011,1502,1303,4816,884,15.508771929824562
PYM-13916,2025-06-06,Pyme,Lampa,Concepción,0.04,5700,1955,1502,1245,4702,998,17.508771929824562
PYM-10534,2025-07-09,Pyme,Providencia,Concepción,0.015,5700,2008,1503,1261,4772,928,16.280701754385966
PYM-11704,2025-04-13,Pyme,Lampa,Concepción,0.042,5700,2104,1503,1215,4822,878,15.403508771929825
PYM-13098,2025-06-29,Pyme,Maipú,Concepción,0.027,5700,2058,1503,1252,4813,887,15.561403508771928
PYM-13926,2025-01-12,Pyme,Providencia,Concepción,0.008,5700,1815,1504,1258,4577,1123,19.701754385964911
PYM-10649,2025-05-14,Pyme,Lampa,Concepción,0.007,5700,1952,1508,1197,4657,1043,18.298245614035089
PYM-11430,2025-04-05,Pyme,Lampa,Concepción,0.008,5700,2127,1508,1243,4878,822,14.421052631578949
PYM-11230,2025-12-25,Pyme,Lampa,Concepción,0.033,5700,1850,1509,1237,4596,1104,19.368421052631579
PYM-11278,2025-09-07,Pyme,Providencia,Concepción,0.04,5700,1891,1512,1233,4636,1064,18.666666666666668
PYM-12261,2025-05-12,Pyme,Santiago,Concepción,0.006,5700,2102,1512,1285,4899,801,14.05263157894737
PYM-10717,2025-03-02,Pyme,Maipú,Concepción,0.047,5700,1859,1514,1289,4662,1038,18.210526315789473
PYM-13592,2025-01-18,Pyme,Providencia,Concepción,0.026,5700,2098,1514,1234,4846,854,14.982456140350878
PYM-11343,2025-12-18,Pyme,Quilicura,Concepción,0.024,5700,1840,1515,1296,4651,1049,18.403508771929825
PYM-12466,2025-11-17,Pyme,Maipú,Concepción,0.038,5700,2189,1515,1247,4951,749,13.140350877192983
PYM-11876,2025-02-20,Pyme,San Bernardo,Concepción,0.037,5700,2134,1516,1209,4859,841,14.754385964912281
PYM-12874,2025-02-20,Pyme,Lampa,Concepción,0.02,5700,2086,1516,1294,4896,804,14.105263157894738
PYM-13405,2025-01-06,Pyme,Maipú,Concepción,0.047,5700,2104,1516,1264,4884,816,14.315789473684209
PYM-11012,2025-12-25,Pyme,Santiago,Concepción,0.032,5700,1930,1519,1221,4670,1030,18.070175438596493
PYM-10017,2025-11-23,Pyme,Quilicura,Concepción,0.045,5700,2123,1520,1296,4939,761,13.350877192982455
PYM-11320,2025-05-21,Pyme,Providencia,Concepción,0.01,5700,2043,1521,1198,4762,938,16.456140350877195
PYM-12266,2025-02-11,Pyme,Quilicura,Concepción,0.025,5700,1995,1521,1302,4818,882,15.473684210526315
PYM-10314,2025-01-21,Pyme,Maipú,Concepción,0.012,5700,2191,1523,1203,4917,783,13.736842105263158
PYM-10740,2025-06-03,Pyme,San Bernardo,Concepción,0.043,5700,2143,1525,1241,4909,791,13.87719298245614
PYM-11439,2025-06-21,Pyme,Lampa,Concepción,0.017,5700,1939,1525,1267,4731,969,17
PYM-11791,2025-10-28,Pyme,Santiago,Concepción,0.01,5700,2184,1525,1209,4918,782,13.719298245614034
PYM-10272,2025-05-04,Pyme,Pudahuel,Concepción,0.047,5700,2171,1526,1249,4946,754,13.228070175438598
PYM-10281,2025-02-23,Pyme,Providencia,Concepción,0.014,5700,2103,1526,1282,4911,789,13.842105263157894
PYM-13114,2025-02-24,Pyme,Quilicura,Concepción,0.014,5700,2055,1528,1194,4777,923,16.192982456140349
PYM-13240,2025-07-24,Pyme,Quilicura,Concepción,0.046,5700,1911,1528,1266,4705,995,17.456140350877192
PYM-11058,2025-03-14,Pyme,San Bernardo,Concepción,0.008,5700,2051,1529,1276,4856,844,14.807017543859649
PYM-13609,2025-10-20,Pyme,Maipú,Concepción,0.02,5700,1900,1529,1288,4717,983,17.245614035087719
PYM-10149,2025-09-25,Pyme,Lampa,Concepción,0.007,5700,1815,1530,1303,4648,1052,18.456140350877192
PYM-13359,2025-06-09,Pyme,Lampa,Concepción,0.046,5700,1965,1530,1272,4767,933,16.368421052631579
PYM-13126,2025-02-21,Pyme,Pudahuel,Concepción,0.024,5700,2080,1531,1252,4863,837,14.684210526315788
PYM-13595,2025-06-04,Pyme,Pudahuel,Concepción,0.006,5700,1827,1532,1190,4549,1151,20.192982456140353
PYM-10002,2025-03-29,Pyme,San Bernardo,Concepción,0.037,5700,1822,1533,1304,4659,1041,18.263157894736842
PYM-11289,2025-12-10,Pyme,San Bernardo,Concepción,0.038,5700,2146,1533,1237,4916,784,13.754385964912281
PYM-11741,2025-12-16,Pyme,Lampa,Concepción,0.045,5700,1845,1533,1193,4571,1129,19.807017543859647
PYM-11155,2025-08-23,Pyme,Quilicura,Concepción,0.048,5700,1964,1534,1243,4741,959,16.824561403508774
PYM-11192,2025-10-09,Pyme,Pudahuel,Concepción,0.042,5700,2022,1534,1254,4810,890,15.6140350877193
PYM-13864,2025-11-10,Pyme,Quilicura,Concepción,0.037,5700,2158,1534,1206,4898,802,14.070175438596491
PYM-11652,2025-10-31,Pyme,Providencia,Concepción,0.011,5700,2027,1535,1285,4847,853,14.964912280701753
PYM-12703,2025-04-19,Pyme,Lampa,Concepción,0.028,5700,2005,1535,1224,4764,936,16.421052631578949
PYM-11414,2025-03-06,Pyme,Lampa,Concepción,0.021,5700,2087,1536,1193,4816,884,15.508771929824562
PYM-13029,2025-04-25,Pyme,Quilicura,Concepción,0.013,5700,1852,1539,1289,4680,1020,17.894736842105264
PYM-13935,2025-04-06,Pyme,Pudahuel,Concepción,0.022,5700,2182,1539,1308,5029,671,11.771929824561402
PYM-10101,2025-03-03,Pyme,Santiago,Concepción,0.029,5700,1911,1540,1210,4661,1039,18.228070175438596
PYM-11007,2025-10-08,Pyme,Quilicura,Concepción,0.027,5700,2172,1540,1280,4992,708,12.421052631578949
PYM-12221,2025-03-07,Pyme,Santiago,Concepción,0.039,5700,2148,1541,1197,4886,814,14.280701754385966
PYM-11508,2025-02-18,Pyme,Maipú,Concepción,0.045,5700,2162,1542,1265,4969,731,12.824561403508772
PYM-11345,2025-04-09,Pyme,Lampa,Concepción,0.011,5700,2172,1544,1241,4957,743,13.035087719298247
PYM-10836,2025-05-05,Pyme,Pudahuel,Concepción,0.04,5700,2064,1546,1271,4881,819,14.368421052631581
PYM-12123,2025-01-11,Pyme,Santiago,Concepción,0.021,5700,2110,1546,1258,4914,786,13.789473684210526
PYM-11013,2025-04-14,Pyme,Quilicura,Concepción,0.008,5700,2149,1547,1216,4912,788,13.824561403508772
PYM-10113,2025-07-15,Pyme,Maipú,Concepción,0.027,5700,1936,1548,1201,4685,1015,17.807017543859651
PYM-10382,2025-02-23,Pyme,Providencia,Concepción,0.029,5700,2085,1548,1287,4920,780,13.684210526315791
PYM-10348,2025-01-28,Pyme,Quilicura,Concepción,0.01,5700,2011,1549,1311,4871,829,14.543859649122806
PYM-12462,2025-09-29,Pyme,Lampa,Concepción,0.02,5700,1868,1549,1256,4673,1027,18.017543859649123
PYM-13659,2025-07-09,Pyme,San Bernardo,Concepción,0.043,5700,2173,1549,1311,5033,667,11.701754385964911
PYM-13410,2025-05-31,Pyme,Providencia,Concepción,0.026,5700,2145,1553,1306,5004,696,12.210526315789473
PYM-10027,2025-12-04,Pyme,Santiago,Concepción,0.038,5700,2169,1556,1219,4944,756,13.263157894736842
PYM-13528,2025-08-04,Pyme,Maipú,Concepción,0.013,5700,2188,1556,1202,4946,754,13.228070175438598
PYM-11574,2025-08-22,Pyme,Pudahuel,Concepción,0.042,5700,1819,1557,1243,4619,1081,18.964912280701753
PYM-12584,2025-09-12,Pyme,Santiago,Concepción,0.027,5700,2127,1557,1293,4977,723,12.684210526315789
PYM-12207,2025-03-09,Pyme,Lampa,Concepción,0.024,5700,2086,1558,1291,4935,765,13.421052631578947
PYM-13319,2025-11-11,Pyme,Santiago,Concepción,0.041,5700,2118,1560,1271,4949,751,13.17543859649123
PYM-12283,2025-10-30,Pyme,San Bernardo,Concepción,0.045,5700,2044,1561,1286,4891,809,14.192982456140351
PYM-11517,2025-04-04,Pyme,Providencia,Concepción,0.04,5700,1835,1563,1247,4645,1055,18.508771929824562
PYM-11810,2025-10-30,Pyme,Pudahuel,Concepción,0.031,5700,1831,1564,1275,4670,1030,18.070175438596493
PYM-12072,2025-01-29,Pyme,Pudahuel,Concepción,0.008,5700,1840,1565,1201,4606,1094,19.192982456140349
PYM-10074,2025-07-31,Pyme,San Bernardo,Concepción,0.012,5700,1830,1566,1239,4635,1065,18.684210526315788
PYM-11373,2025-10-04,Pyme,Lampa,Concepción,0.033,5700,2120,1566,1199,4885,815,14.298245614035087
PYM-13093,2025-12-12,Pyme,Santiago,Concepción,0.017,5700,2078,1566,1227,4871,829,14.543859649122806
PYM-12930,2025-04-02,Pyme,Providencia,Concepción,0.007,5700,1974,1567,1232,4773,927,16.263157894736842
PYM-12664,2025-08-09,Pyme,Maipú,Concepción,0.03,5700,1943,1568,1311,4822,878,15.403508771929825
PYM-12766,2025-04-10,Pyme,Quilicura,Concepción,0.047,5700,1933,1568,1196,4697,1003,17.596491228070175
PYM-12855,2025-07-20,Pyme,Santiago,Concepción,0.038,5700,2075,1570,1251,4896,804,14.105263157894738
PYM-10160,2025-11-15,Pyme,Maipú,Concepción,0.046,5700,1866,1573,1216,4655,1045,18.333333333333332
PYM-13937,2025-10-03,Pyme,Santiago,Concepción,0.035,5700,1959,1573,1193,4725,975,17.105263157894736
PYM-11438,2025-01-18,Pyme,Lampa,La Serena,0.033,5900,2055,1331,1143,4529,1371,23.237288135593221
PYM-12409,2025-03-03,Pyme,Maipú,La Serena,0.024,5900,1998,1331,1254,4583,1317,22.322033898305087
PYM-13608,2025-09-09,Pyme,San Bernardo,La Serena,0.046,5900,1958,1331,1220,4509,1391,23.576271186440678
PYM-11750,2025-02-01,Pyme,San Bernardo,La Serena,0.049,5900,1832,1332,1215,4379,1521,25.779661016949152
PYM-12419,2025-06-29,Pyme,Pudahuel,La Serena,0.016,5900,1938,1332,1170,4440,1460,24.745762711864408
PYM-10952,2025-10-14,Pyme,Quilicura,La Serena,0.043,5900,1837,1334,1199,4370,1530,25.932203389830512
PYM-13802,2025-05-25,Pyme,San Bernardo,La Serena,0.037,5900,2152,1334,1239,4725,1175,19.915254237288135
PYM-13281,2025-12-24,Pyme,Providencia,La Serena,0.01,5900,2063,1336,1225,4624,1276,21.627118644067796
PYM-11999,2025-02-25,Pyme,San Bernardo,La Serena,0.042,5900,2158,1337,1157,4652,1248,21.152542372881356
PYM-13069,2025-05-01,Pyme,Quilicura,La Serena,0.04,5900,2148,1337,1233,4718,1182,20.033898305084747
PYM-10584,2025-08-27,Pyme,Pudahuel,La Serena,0.023,5900,1802,1338,1204,4344,1556,26.372881355932204
PYM-10350,2025-08-01,Pyme,Maipú,La Serena,0.02,5900,2126,1339,1186,4651,1249,21.169491525423727
PYM-11552,2025-03-01,Pyme,Santiago,La Serena,0.025,5900,2055,1339,1170,4564,1336,22.64406779661017
PYM-12202,2025-11-13,Pyme,Santiago,La Serena,0.038,5900,2030,1339,1169,4538,1362,23.084745762711865
PYM-13193,2025-12-10,Pyme,Quilicura,La Serena,0.031,5900,1908,1339,1141,4388,1512,25.6271186440678
PYM-10197,2025-12-18,Pyme,Santiago,La Serena,0.009,5900,2072,1340,1143,4555,1345,22.796610169491522
PYM-10404,2025-04-29,Pyme,San Bernardo,La Serena,0.034,5900,2185,1340,1183,4708,1192,20.203389830508474
PYM-10567,2025-02-13,Pyme,Lampa,La Serena,0.04,5900,2064,1340,1182,4586,1314,22.271186440677969
PYM-12571,2025-06-25,Pyme,Providencia,La Serena,0.022,5900,1892,1340,1250,4482,1418,24.033898305084747
PYM-13719,2025-09-18,Pyme,Providencia,La Serena,0.007,5900,2053,1340,1152,4545,1355,22.966101694915253
PYM-10068,2025-01-01,Pyme,Quilicura,La Serena,0.048,5900,1991,1341,1203,4535,1365,23.135593220338983
PYM-12801,2025-02-12,Pyme,Providencia,La Serena,0.027,5900,2104,1341,1219,4664,1236,20.949152542372882
PYM-13108,2025-10-27,Pyme,Quilicura,La Serena,0.043,5900,1905,1341,1257,4503,1397,23.677966101694913
PYM-12711,2025-09-06,Pyme,San Bernardo,La Serena,0.035,5900,1943,1344,1178,4465,1435,24.322033898305083
PYM-12938,2025-04-14,Pyme,San Bernardo,La Serena,0.017,5900,1886,1344,1155,4385,1515,25.677966101694917
PYM-10528,2025-11-29,Pyme,Santiago,La Serena,0.027,5900,2063,1346,1235,4644,1256,21.288135593220339
PYM-13773,2025-01-05,Pyme,Santiago,La Serena,0.023,5900,2128,1346,1220,4694,1206,20.440677966101696
PYM-10086,2025-05-06,Pyme,Quilicura,La Serena,0.02,5900,1851,1347,1158,4356,1544,26.169491525423727
PYM-11764,2025-11-04,Pyme,San Bernardo,La Serena,0.046,5900,1863,1349,1210,4422,1478,25.050847457627118
PYM-12557,2025-03-03,Pyme,Lampa,La Serena,0.032,5900,2079,1350,1141,4570,1330,22.542372881355931
PYM-10241,2025-05-16,Pyme,Providencia,La Serena,0.022,5900,1959,1351,1259,4569,1331,22.559322033898304
PYM-10886,2025-11-19,Pyme,Santiago,La Serena,0.044,5900,2045,1352,1255,4652,1248,21.152542372881356
PYM-12244,2025-11-24,Pyme,Maipú,La Serena,0.025,5900,1891,1352,1213,4456,1444,24.474576271186439
PYM-13366,2025-04-14,Pyme,San Bernardo,La Serena,0.008,5900,1979,1352,1151,4482,1418,24.033898305084747
PYM-13440,2025-08-15,Pyme,Santiago,La Serena,0.037,5900,1856,1352,1251,4459,1441,24.423728813559322
PYM-11329,2025-06-28,Pyme,San Bernardo,La Serena,0.033,5900,2005,1353,1257,4615,1285,21.779661016949152
PYM-12585,2025-07-04,Pyme,Lampa,La Serena,0.031,5900,2077,1354,1242,4673,1227,20.796610169491526
PYM-12608,2025-12-04,Pyme,Pudahuel,La Serena,0.025,5900,2142,1354,1243,4739,1161,19.677966101694917
PYM-10715,2025-10-21,Pyme,Lampa,La Serena,0.027,5900,2051,1356,1157,4564,1336,22.64406779661017
PYM-12535,2025-04-11,Pyme,Lampa,La Serena,0.025,5900,1801,1356,1140,4297,1603,27.169491525423727
PYM-12894,2025-02-01,Pyme,Lampa,La Serena,0.012,5900,2077,1358,1147,4582,1318,22.338983050847457
PYM-12911,2025-05-04,Pyme,San Bernardo,La Serena,0.026,5900,2166,1359,1204,4729,1171,19.847457627118644
PYM-10329,2025-11-16,Pyme,Santiago,La Serena,0.019,5900,1829,1361,1227,4417,1483,25.135593220338983
PYM-12224,2025-02-02,Pyme,Pudahuel,La Serena,0.021,5900,2173,1361,1213,4747,1153,19.542372881355931
PYM-10798,2025-07-23,Pyme,Pudahuel,La Serena,0.036,5900,1847,1362,1152,4361,1539,26.084745762711865
PYM-11607,2025-10-21,Pyme,Providencia,La Serena,0.036,5900,2057,1362,1227,4646,1254,21.254237288135595
PYM-12190,2025-07-14,Pyme,Quilicura,La Serena,0.045,5900,1943,1362,1209,4514,1386,23.491525423728813
PYM-11509,2025-08-17,Pyme,Providencia,La Serena,0.009,5900,1913,1363,1245,4521,1379,23.372881355932204
PYM-12499,2025-08-28,Pyme,Santiago,La Serena,0.047,5900,2191,1363,1160,4714,1186,20.101694915254235
PYM-11257,2025-02-20,Pyme,Pudahuel,La Serena,0.044,5900,1927,1365,1254,4546,1354,22.949152542372879
PYM-12931,2025-04-19,Pyme,Pudahuel,La Serena,0.007,5900,2011,1368,1235,4614,1286,21.796610169491526
PYM-13324,2025-06-04,Pyme,Lampa,La Serena,0.014,5900,1842,1368,1188,4398,1502,25.457627118644066
PYM-13857,2025-08-26,Pyme,Quilicura,La Serena,0.036,5900,2149,1369,1151,4669,1231,20.864406779661017
PYM-10150,2025-10-09,Pyme,San Bernardo,La Serena,0.019,5900,2078,1371,1250,4699,1201,20.35593220338983
PYM-11515,2025-11-08,Pyme,Maipú,La Serena,0.044,5900,1908,1372,1201,4481,1419,24.050847457627121
PYM-12433,2025-07-06,Pyme,Lampa,La Serena,0.022,5900,2089,1372,1140,4601,1299,22.016949152542374
PYM-11492,2025-07-09,Pyme,Maipú,La Serena,0.02,5900,2004,1374,1160,4538,1362,23.084745762711865
PYM-12394,2025-02-10,Pyme,San Bernardo,La Serena,0.016,5900,1971,1375,1217,4563,1337,22.661016949152543
PYM-13919,2025-08-23,Pyme,Santiago,La Serena,0.033,5900,2137,1375,1244,4756,1144,19.389830508474574
PYM-11254,2025-03-02,Pyme,Santiago,La Serena,0.047,5900,1915,1376,1191,4482,1418,24.033898305084747
PYM-12888,2025-12-24,Pyme,San Bernardo,La Serena,0.035,5900,2098,1377,1182,4657,1243,21.067796610169491
PYM-12691,2025-01-21,Pyme,Quilicura,La Serena,0.038,5900,1858,1378,1166,4402,1498,25.389830508474574
PYM-12856,2025-12-26,Pyme,Pudahuel,La Serena,0.027,5900,1802,1378,1212,4392,1508,25.559322033898308
PYM-12970,2025-04-26,Pyme,San Bernardo,La Serena,0.008,5900,1831,1380,1223,4434,1466,24.847457627118644
PYM-13147,2025-12-04,Pyme,Santiago,La Serena,0.048,5900,1925,1380,1255,4560,1340,22.711864406779661
PYM-11937,2025-05-26,Pyme,Lampa,La Serena,0.037,5900,2139,1382,1208,4729,1171,19.847457627118644
PYM-12714,2025-05-15,Pyme,Providencia,La Serena,0.009,5900,2013,1382,1231,4626,1274,21.593220338983052
PYM-12981,2025-12-23,Pyme,Lampa,La Serena,0.006,5900,2066,1382,1236,4684,1216,20.610169491525422
PYM-11760,2025-02-04,Pyme,Santiago,La Serena,0.008,5900,1976,1383,1232,4591,1309,22.1864406779661
PYM-10383,2025-01-22,Pyme,Maipú,La Serena,0.011,5900,2088,1386,1159,4633,1267,21.474576271186439
PYM-10229,2025-10-04,Pyme,Maipú,La Serena,0.041,5900,2044,1387,1240,4671,1229,20.83050847457627
PYM-13601,2025-05-16,Pyme,Quilicura,La Serena,0.04,5900,2190,1387,1170,4747,1153,19.542372881355931
PYM-13899,2025-09-03,Pyme,San Bernardo,La Serena,0.041,5900,1994,1387,1151,4532,1368,23.186440677966104
PYM-10992,2025-01-07,Pyme,San Bernardo,La Serena,0.045,5900,2131,1389,1211,4731,1169,19.8135593220339
PYM-11886,2025-07-15,Pyme,San Bernardo,La Serena,0.041,5900,2078,1390,1222,4690,1210,20.508474576271183
PYM-11888,2025-05-09,Pyme,San Bernardo,La Serena,0.035,5900,1897,1390,1196,4483,1417,24.01694915254237
PYM-13218,2025-11-02,Pyme,Pudahuel,La Serena,0.033,5900,2039,1390,1195,4624,1276,21.627118644067796
PYM-10944,2025-12-03,Pyme,Pudahuel,La Serena,0.03,5900,1931,1391,1242,4564,1336,22.64406779661017
PYM-12467,2025-01-15,Pyme,Quilicura,La Serena,0.046,5900,2170,1393,1171,4734,1166,19.762711864406779
PYM-13360,2025-07-11,Pyme,Quilicura,La Serena,0.017,5900,1974,1393,1188,4555,1345,22.796610169491522
PYM-10614,2025-02-23,Pyme,Quilicura,La Serena,0.044,5900,2156,1394,1178,4728,1172,19.864406779661017
PYM-11996,2025-11-14,Pyme,San Bernardo,La Serena,0.011,5900,1921,1394,1170,4485,1415,23.983050847457626
PYM-10042,2025-05-23,Pyme,Providencia,La Serena,0.025,5900,1814,1395,1205,4414,1486,25.186440677966104
PYM-13063,2025-07-17,Pyme,Lampa,La Serena,0.036,5900,1961,1395,1247,4603,1297,21.983050847457626
PYM-11686,2025-10-12,Pyme,Lampa,La Serena,0.032,5900,1803,1396,1163,4362,1538,26.067796610169491
PYM-13704,2025-04-28,Pyme,Pudahuel,La Serena,0.01,5900,2052,1396,1181,4629,1271,21.542372881355931
PYM-13941,2025-11-29,Pyme,Quilicura,La Serena,0.043,5900,2007,1396,1165,4568,1332,22.576271186440678
PYM-12438,2025-04-10,Pyme,Pudahuel,La Serena,0.026,5900,2018,1397,1250,4665,1235,20.932203389830509
PYM-12273,2025-03-15,Pyme,Santiago,La Serena,0.036,5900,1846,1399,1235,4480,1420,24.067796610169491
PYM-12913,2025-05-08,Pyme,Maipú,La Serena,0.041,5900,1987,1399,1192,4578,1322,22.406779661016948
PYM-11948,2025-07-28,Pyme,Lampa,La Serena,0.009,5900,2129,1400,1249,4778,1122,19.016949152542374
PYM-12677,2025-05-13,Pyme,Pudahuel,La Serena,0.04,5900,1964,1400,1184,4548,1352,22.915254237288135
PYM-10335,2025-01-21,Pyme,Quilicura,La Serena,0.04,5900,1894,1401,1152,4447,1453,24.627118644067796
PYM-10368,2025-08-16,Pyme,Maipú,La Serena,0.03,5900,1954,1401,1199,4554,1346,22.8135593220339
PYM-10433,2025-02-28,Pyme,Lampa,La Serena,0.037,5900,1907,1402,1172,4481,1419,24.050847457627121
PYM-10372,2025-07-27,Pyme,Pudahuel,La Serena,0.036,5900,2148,1403,1215,4766,1134,19.220338983050848
PYM-11076,2025-08-27,Pyme,Santiago,La Serena,0.007,5900,2152,1403,1238,4793,1107,18.762711864406782
PYM-11985,2025-06-09,Pyme,San Bernardo,La Serena,0.042,5900,2017,1403,1175,4595,1305,22.118644067796613
PYM-11855,2025-01-08,Pyme,Quilicura,La Serena,0.012,5900,1813,1405,1186,4404,1496,25.35593220338983
PYM-13662,2025-04-19,Pyme,Maipú,La Serena,0.035,5900,1841,1406,1176,4423,1477,25.033898305084744
PYM-11296,2025-03-26,Pyme,Maipú,La Serena,0.046,5900,1905,1407,1189,4501,1399,23.711864406779661
PYM-11725,2025-12-25,Pyme,San Bernardo,La Serena,0.047,5900,2188,1407,1196,4791,1109,18.796610169491526
PYM-12228,2025-10-09,Pyme,Maipú,La Serena,0.011,5900,1921,1408,1220,4549,1351,22.898305084745761
PYM-13948,2025-11-30,Pyme,Quilicura,La Serena,0.04,5900,1950,1409,1193,4552,1348,22.847457627118644
PYM-10894,2025-03-18,Pyme,Pudahuel,La Serena,0.043,5900,2021,1412,1252,4685,1215,20.593220338983052
PYM-11217,2025-11-18,Pyme,San Bernardo,La Serena,0.036,5900,1886,1412,1249,4547,1353,22.932203389830509
PYM-11291,2025-11-25,Pyme,Lampa,La Serena,0.025,5900,1835,1412,1211,4458,1442,24.440677966101696
PYM-12550,2025-04-26,Pyme,Quilicura,La Serena,0.027,5900,2137,1412,1184,4733,1167,19.779661016949152
PYM-11136,2025-10-23,Pyme,Santiago,La Serena,0.038,5900,1902,1413,1252,4567,1333,22.593220338983048
PYM-11359,2025-06-25,Pyme,Quilicura,La Serena,0.024,5900,1977,1413,1197,4587,1313,22.254237288135592
PYM-10338,2025-12-28,Pyme,Santiago,La Serena,0.026,5900,1878,1415,1173,4466,1434,24.305084745762713
PYM-11651,2025-07-30,Pyme,Lampa,La Serena,0.046,5900,2056,1415,1158,4629,1271,21.542372881355931
PYM-12208,2025-03-19,Pyme,Pudahuel,La Serena,0.04,5900,2175,1415,1159,4749,1151,19.508474576271187
PYM-11292,2025-01-23,Pyme,Maipú,La Serena,0.007,5900,1812,1416,1231,4459,1441,24.423728813559322
PYM-10926,2025-09-15,Pyme,San Bernardo,La Serena,0.032,5900,2110,1417,1212,4739,1161,19.677966101694917
PYM-10391,2025-10-31,Pyme,Lampa,La Serena,0.024,5900,1844,1418,1232,4494,1406,23.83050847457627
PYM-11019,2025-05-08,Pyme,Pudahuel,La Serena,0.015,5900,2143,1418,1231,4792,1108,18.779661016949152
PYM-11089,2025-05-17,Pyme,San Bernardo,La Serena,0.01,5900,2069,1418,1151,4638,1262,21.389830508474574
PYM-11921,2025-07-11,Pyme,San Bernardo,La Serena,0.044,5900,2023,1418,1169,4610,1290,21.864406779661017
PYM-10223,2025-12-30,Pyme,Quilicura,La Serena,0.042,5900,1803,1420,1247,4470,1430,24.237288135593221
PYM-11641,2025-11-09,Pyme,San Bernardo,La Serena,0.039,5900,1947,1420,1144,4511,1389,23.542372881355934
PYM-13471,2025-01-17,Pyme,San Bernardo,La Serena,0.044,5900,2009,1420,1204,4633,1267,21.474576271186439
PYM-12562,2025-08-15,Pyme,Santiago,La Serena,0.034,5900,2088,1421,1158,4667,1233,20.898305084745765
PYM-11735,2025-09-03,Pyme,Quilicura,La Serena,0.016,5900,1979,1422,1224,4625,1275,21.610169491525426
PYM-12011,2025-05-16,Pyme,Maipú,La Serena,0.006,5900,2064,1422,1241,4727,1173,19.881355932203391
PYM-13245,2025-02-12,Pyme,Santiago,La Serena,0.019,5900,2080,1422,1185,4687,1213,20.559322033898304
PYM-11158,2025-07-25,Pyme,Santiago,La Serena,0.025,5900,1852,1425,1241,4518,1382,23.423728813559322
PYM-12062,2025-05-26,Pyme,Santiago,Concepción,0.023,5900,1932,1426,1212,4570,1330,22.542372881355931
PYM-12099,2025-02-24,Pyme,Quilicura,Concepción,0.044,5900,2007,1426,1187,4620,1280,21.694915254237287
PYM-10163,2025-01-20,Pyme,Pudahuel,La Serena,0.017,5900,2103,1427,1158,4688,1212,20.542372881355934
PYM-11428,2025-02-13,Pyme,Quilicura,La Serena,0.023,5900,1982,1427,1186,4595,1305,22.118644067796613
PYM-12560,2025-12-17,Pyme,Maipú,Concepción,0.013,5900,1879,1427,1279,4585,1315,22.288135593220339
PYM-13173,2025-02-13,Pyme,Maipú,Concepción,0.036,5900,2155,1427,1239,4821,1079,18.288135593220339
PYM-13234,2025-08-29,Pyme,San Bernardo,La Serena,0.016,5900,1821,1427,1192,4440,1460,24.745762711864408
PYM-12098,2025-12-24,Pyme,Maipú,La Serena,0.033,5900,1995,1428,1258,4681,1219,20.66101694915254
PYM-12366,2025-04-06,Pyme,Pudahuel,La Serena,0.005,5900,2002,1428,1229,4659,1241,21.033898305084744
PYM-13880,2025-11-23,Pyme,Quilicura,Concepción,0.027,5900,2143,1428,1218,4789,1111,18.83050847457627
PYM-13148,2025-07-31,Pyme,San Bernardo,La Serena,0.049,5900,1813,1429,1254,4496,1404,23.796610169491526
PYM-13775,2025-07-08,Pyme,Santiago,Concepción,0.029,5900,1822,1429,1206,4457,1443,24.457627118644069
PYM-12532,2025-04-12,Pyme,Maipú,La Serena,0.026,5900,1951,1430,1183,4564,1336,22.64406779661017
PYM-12784,2025-02-02,Pyme,Pudahuel,La Serena,0.022,5900,1813,1430,1170,4413,1487,25.203389830508478
PYM-13934,2025-12-18,Pyme,Providencia,Concepción,0.024,5900,2194,1430,1192,4816,1084,18.3728813559322
PYM-10131,2025-02-20,Pyme,Santiago,La Serena,0.037,5900,1897,1431,1242,4570,1330,22.542372881355931
PYM-12907,2025-04-09,Pyme,Lampa,Concepción,0.049,5900,1826,1431,1238,4495,1405,23.813559322033896
PYM-13130,2025-03-26,Pyme,Pudahuel,La Serena,0.013,5900,2079,1431,1160,4670,1230,20.847457627118644
PYM-13188,2025-09-27,Pyme,Santiago,La Serena,0.029,5900,2146,1431,1149,4726,1174,19.898305084745761
PYM-13914,2025-12-03,Pyme,Quilicura,Concepción,0.03,5900,1953,1431,1246,4630,1270,21.525423728813557
PYM-12497,2025-11-28,Pyme,Providencia,Concepción,0.047,5900,2006,1432,1196,4634,1266,21.457627118644069
PYM-12848,2025-02-02,Pyme,Santiago,La Serena,0.041,5900,2149,1432,1229,4810,1090,18.474576271186439
PYM-13466,2025-01-28,Pyme,Quilicura,La Serena,0.021,5900,2084,1432,1192,4708,1192,20.203389830508474
PYM-11421,2025-10-07,Pyme,Lampa,La Serena,0.018,5900,1955,1433,1186,4574,1326,22.474576271186443
PYM-11723,2025-12-17,Pyme,Santiago,Concepción,0.018,5900,1985,1433,1278,4696,1204,20.406779661016948
PYM-11673,2025-05-25,Pyme,Providencia,La Serena,0.019,5900,2036,1434,1250,4720,1180,20
PYM-11908,2025-06-27,Pyme,Quilicura,Concepción,0.037,5900,2048,1434,1253,4735,1165,19.745762711864405
PYM-12318,2025-01-27,Pyme,Maipú,Concepción,0.027,5900,2079,1435,1304,4818,1082,18.338983050847457
PYM-13456,2025-05-15,Pyme,San Bernardo,Concepción,0.05,5900,1966,1435,1240,4641,1259,21.338983050847457
PYM-10322,2025-01-04,Pyme,Pudahuel,La Serena,0.019,5900,1827,1436,1188,4451,1449,24.559322033898304
PYM-10451,2025-10-07,Pyme,Pudahuel,Concepción,0.011,5900,1830,1436,1306,4572,1328,22.508474576271187
PYM-11242,2025-02-07,Pyme,Quilicura,La Serena,0.049,5900,2108,1436,1254,4798,1102,18.677966101694913
PYM-10193,2025-07-23,Pyme,Pudahuel,Concepción,0.04,5900,2125,1437,1299,4861,1039,17.610169491525422
PYM-10611,2025-12-19,Pyme,San Bernardo,Concepción,0.021,5900,1859,1438,1289,4586,1314,22.271186440677969
PYM-10813,2025-02-08,Pyme,Santiago,La Serena,0.012,5900,1842,1438,1236,4516,1384,23.457627118644066
PYM-11768,2025-09-03,Pyme,San Bernardo,La Serena,0.049,5900,1870,1438,1253,4561,1339,22.694915254237287
PYM-11437,2025-09-19,Pyme,Providencia,La Serena,0.017,5900,1987,1439,1229,4655,1245,21.101694915254239
PYM-11064,2025-02-07,Pyme,Pudahuel,Concepción,0.034,5900,2007,1441,1304,4752,1148,19.457627118644069
PYM-11169,2025-02-18,Pyme,Santiago,Concepción,0.01,5900,2057,1441,1242,4740,1160,19.661016949152543
PYM-11258,2025-12-04,Pyme,Quilicura,La Serena,0.043,5900,1995,1441,1219,4655,1245,21.101694915254239
PYM-11268,2025-09-13,Pyme,Lampa,La Serena,0.026,5900,2110,1441,1204,4755,1145,19.406779661016948
PYM-11838,2025-05-23,Pyme,Maipú,La Serena,0.018,5900,2170,1441,1217,4828,1072,18.169491525423727
PYM-12307,2025-04-22,Pyme,Providencia,Concepción,0.02,5900,2153,1441,1241,4835,1065,18.050847457627121
PYM-13139,2025-03-10,Pyme,Santiago,Concepción,0.009,5900,2032,1442,1275,4749,1151,19.508474576271187
PYM-11747,2025-12-01,Pyme,Lampa,La Serena,0.021,5900,2161,1443,1177,4781,1119,18.966101694915256
PYM-10386,2025-11-21,Pyme,Providencia,Concepción,0.019,5900,2130,1444,1258,4832,1068,18.101694915254239
PYM-11598,2025-07-11,Pyme,Providencia,Concepción,0.011,5900,2181,1444,1274,4899,1001,16.966101694915253
PYM-13683,2025-12-23,Pyme,Pudahuel,Concepción,0.015,5900,1862,1444,1208,4514,1386,23.491525423728813
PYM-13701,2025-08-13,Pyme,Quilicura,La Serena,0.033,5900,1820,1444,1172,4436,1464,24.8135593220339
PYM-10179,2025-10-12,Pyme,Providencia,La Serena,0.025,5900,2010,1445,1175,4630,1270,21.525423728813557
PYM-11729,2025-11-19,Pyme,Providencia,La Serena,0.031,5900,1877,1445,1207,4529,1371,23.237288135593221
PYM-12823,2025-01-31,Pyme,San Bernardo,La Serena,0.043,5900,2115,1445,1221,4781,1119,18.966101694915256
PYM-10139,2025-01-17,Pyme,San Bernardo,Concepción,0.042,5900,1842,1446,1220,4508,1392,23.593220338983052
PYM-13052,2025-06-05,Pyme,Quilicura,Concepción,0.013,5900,2139,1447,1233,4819,1081,18.322033898305083
PYM-10198,2025-12-19,Pyme,Lampa,La Serena,0.044,5900,1966,1448,1215,4629,1271,21.542372881355931
PYM-13042,2025-12-29,Pyme,Lampa,Concepción,0.006,5900,1956,1448,1287,4691,1209,20.491525423728813
PYM-13421,2025-01-29,Pyme,Quilicura,La Serena,0.049,5900,2047,1448,1142,4637,1263,21.406779661016952
PYM-10353,2025-11-09,Pyme,Maipú,Concepción,0.036,5900,2004,1449,1268,4721,1179,19.98305084745763
PYM-10414,2025-04-17,Pyme,Quilicura,La Serena,0.049,5900,1957,1449,1232,4638,1262,21.389830508474574
PYM-10436,2025-04-06,Pyme,Lampa,La Serena,0.046,5900,1850,1449,1181,4480,1420,24.067796610169491
PYM-11698,2025-09-07,Pyme,Santiago,La Serena,0.033,5900,2039,1449,1185,4673,1227,20.796610169491526
PYM-12750,2025-08-27,Pyme,Providencia,Concepción,0.025,5900,1994,1449,1292,4735,1165,19.745762711864405
PYM-13581,2025-06-22,Pyme,Quilicura,Concepción,0.007,5900,1809,1449,1305,4563,1337,22.661016949152543
PYM-13661,2025-02-28,Pyme,Pudahuel,La Serena,0.03,5900,2153,1449,1211,4813,1087,18.423728813559322
PYM-10473,2025-02-08,Pyme,Maipú,La Serena,0.041,5900,2135,1450,1229,4814,1086,18.406779661016952
PYM-12268,2025-10-19,Pyme,Santiago,La Serena,0.049,5900,1804,1450,1194,4448,1452,24.610169491525426
PYM-10505,2025-07-02,Pyme,Lampa,La Serena,0.005,5900,2049,1451,1210,4710,1190,20.16949152542373
PYM-11239,2025-06-28,Pyme,Maipú,Concepción,0.009,5900,2098,1451,1195,4744,1156,19.593220338983048
PYM-11228,2025-11-07,Pyme,Santiago,Concepción,0.044,5900,1842,1452,1230,4524,1376,23.322033898305083
PYM-12880,2025-12-22,Pyme,Quilicura,La Serena,0.033,5900,2172,1452,1196,4820,1080,18.305084745762713
PYM-12887,2025-01-18,Pyme,Providencia,La Serena,0.037,5900,1804,1453,1193,4450,1450,24.576271186440678
PYM-12680,2025-05-27,Pyme,Maipú,Concepción,0.045,5900,1922,1454,1303,4679,1221,20.694915254237291
PYM-13932,2025-01-18,Pyme,Lampa,La Serena,0.01,5900,1880,1454,1221,4555,1345,22.796610169491522
PYM-11341,2025-11-16,Pyme,Lampa,Concepción,0.029,5900,2089,1455,1229,4773,1127,19.101694915254235
PYM-10066,2025-09-09,Pyme,Lampa,La Serena,0.022,5900,1969,1456,1153,4578,1322,22.406779661016948
PYM-10094,2025-01-15,Pyme,Santiago,Concepción,0.013,5900,1928,1456,1228,4612,1288,21.83050847457627
PYM-11707,2025-02-27,Pyme,Lampa,La Serena,0.009,5900,1814,1456,1155,4425,1475,25
PYM-12701,2025-01-17,Pyme,San Bernardo,La Serena,0.022,5900,2004,1456,1149,4609,1291,21.881355932203387
PYM-13991,2025-11-09,Pyme,Lampa,La Serena,0.02,5900,2109,1456,1212,4777,1123,19.033898305084744
PYM-10387,2025-06-11,Pyme,Providencia,La Serena,0.046,5900,1973,1457,1185,4615,1285,21.779661016949152
PYM-13632,2025-03-31,Pyme,Quilicura,La Serena,0.013,5900,2005,1457,1170,4632,1268,21.491525423728813
PYM-11877,2025-08-28,Pyme,Santiago,Concepción,0.047,5900,1848,1458,1228,4534,1366,23.152542372881356
PYM-12248,2025-08-02,Pyme,San Bernardo,La Serena,0.024,5900,2047,1458,1195,4700,1200,20.33898305084746
PYM-13422,2025-05-01,Pyme,Quilicura,La Serena,0.038,5900,2104,1458,1166,4728,1172,19.864406779661017
PYM-13718,2025-01-26,Pyme,San Bernardo,La Serena,0.005,5900,2188,1458,1164,4810,1090,18.474576271186439
PYM-10840,2025-09-06,Pyme,Pudahuel,La Serena,0.039,5900,2164,1459,1159,4782,1118,18.949152542372882
PYM-13317,2025-07-06,Pyme,San Bernardo,Concepción,0.049,5900,1924,1459,1241,4624,1276,21.627118644067796
PYM-12093,2025-10-13,Pyme,Pudahuel,La Serena,0.025,5900,1893,1460,1244,4597,1303,22.084745762711862
PYM-13117,2025-12-06,Pyme,Quilicura,Concepción,0.011,5900,1964,1460,1251,4675,1225,20.762711864406779
PYM-10166,2025-01-09,Pyme,Lampa,Concepción,0.03,5900,1912,1462,1188,4562,1338,22.677966101694917
PYM-11624,2025-11-09,Pyme,Providencia,La Serena,0.028,5900,1820,1462,1216,4498,1402,23.762711864406779
PYM-12101,2025-09-23,Pyme,Quilicura,La Serena,0.013,5900,1883,1462,1245,4590,1310,22.203389830508474
PYM-11422,2025-06-12,Pyme,Quilicura,La Serena,0.044,5900,2197,1463,1241,4901,999,16.932203389830509
PYM-12299,2025-06-15,Pyme,Lampa,La Serena,0.045,5900,2063,1464,1152,4679,1221,20.694915254237291
PYM-12828,2025-10-31,Pyme,Maipú,Concepción,0.029,5900,2183,1464,1224,4871,1029,17.440677966101696
PYM-10452,2025-02-10,Pyme,Maipú,Concepción,0.026,5900,2059,1465,1189,4713,1187,20.118644067796609
PYM-12912,2025-01-21,Pyme,Providencia,La Serena,0.025,5900,1931,1465,1160,4556,1344,22.779661016949152
PYM-10619,2025-10-26,Pyme,San Bernardo,La Serena,0.009,5900,2132,1466,1196,4794,1106,18.745762711864405
PYM-13602,2025-08-04,Pyme,Maipú,Concepción,0.014,5900,2117,1466,1251,4834,1066,18.067796610169491
PYM-14000,2025-03-13,Pyme,Pudahuel,La Serena,0.042,5900,2175,1466,1259,4900,1000,16.949152542372879
PYM-12606,2025-03-24,Pyme,Providencia,Concepción,0.021,5900,2122,1467,1277,4866,1034,17.525423728813561
PYM-13516,2025-02-04,Pyme,San Bernardo,La Serena,0.033,5900,2104,1467,1191,4762,1138,19.288135593220339
PYM-10187,2025-10-04,Pyme,Pudahuel,Concepción,0.023,5900,2040,1468,1274,4782,1118,18.949152542372882
PYM-10847,2025-03-31,Pyme,San Bernardo,La Serena,0.028,5900,2132,1468,1159,4759,1141,19.338983050847457
PYM-11448,2025-08-05,Pyme,Providencia,La Serena,0.019,5900,2050,1468,1204,4722,1178,19.966101694915253
PYM-13046,2025-02-14,Pyme,San Bernardo,Concepción,0.043,5900,2103,1468,1220,4791,1109,18.796610169491526
PYM-10157,2025-12-25,Pyme,Providencia,Concepción,0.016,5900,1986,1469,1294,4749,1151,19.508474576271187
PYM-10791,2025-07-23,Pyme,Providencia,Concepción,0.015,5900,1841,1469,1198,4508,1392,23.593220338983052
PYM-10963,2025-07-15,Pyme,Quilicura,La Serena,0.048,5900,1826,1469,1142,4437,1463,24.796610169491526
PYM-12008,2025-06-18,Pyme,Quilicura,La Serena,0.045,5900,2196,1469,1204,4869,1031,17.474576271186439
PYM-12793,2025-08-31,Pyme,Pudahuel,La Serena,0.01,5900,1997,1469,1194,4660,1240,21.01694915254237
PYM-10826,2025-08-06,Pyme,San Bernardo,Concepción,0.036,5900,1907,1472,1203,4582,1318,22.338983050847457
PYM-12345,2025-05-16,Pyme,Santiago,Concepción,0.045,5900,2001,1472,1210,4683,1217,20.627118644067796
PYM-11302,2025-02-03,Pyme,Providencia,Concepción,0.032,5900,2138,1476,1269,4883,1017,17.237288135593221
PYM-13199,2025-07-28,Pyme,Quilicura,Concepción,0.015,5900,2021,1477,1298,4796,1104,18.711864406779661
PYM-11977,2025-02-19,Pyme,Lampa,Concepción,0.023,5900,2063,1479,1246,4788,1112,18.847457627118644
PYM-12838,2025-02-25,Pyme,Maipú,Concepción,0.012,5900,1815,1479,1293,4587,1313,22.254237288135592
PYM-11814,2025-03-08,Pyme,Pudahuel,Concepción,0.027,5900,1838,1482,1305,4625,1275,21.610169491525426
PYM-12832,2025-03-01,Pyme,San Bernardo,Concepción,0.029,5900,2158,1482,1237,4877,1023,17.338983050847457
PYM-13346,2025-12-13,Pyme,Pudahuel,Concepción,0.038,5900,2025,1485,1248,4758,1142,19.35593220338983
PYM-10289,2025-06-10,Pyme,Santiago,Concepción,0.027,5900,1847,1486,1292,4625,1275,21.610169491525426
PYM-10624,2025-04-26,Pyme,Maipú,Concepción,0.047,5900,1981,1486,1304,4771,1129,19.135593220338983
PYM-11098,2025-06-24,Pyme,Pudahuel,Concepción,0.018,5900,1873,1489,1289,4651,1249,21.169491525423727
PYM-13122,2025-04-21,Pyme,Santiago,Concepción,0.047,5900,1813,1489,1288,4590,1310,22.203389830508474
PYM-13862,2025-07-01,Pyme,Quilicura,Concepción,0.014,5900,1828,1489,1301,4618,1282,21.728813559322031
PYM-10868,2025-08-30,Pyme,San Bernardo,Concepción,0.021,5900,2002,1491,1203,4696,1204,20.406779661016948
PYM-12613,2025-07-31,Pyme,Maipú,Concepción,0.011,5900,2062,1494,1206,4762,1138,19.288135593220339
PYM-13788,2025-02-06,Pyme,Quilicura,Concepción,0.049,5900,1860,1494,1279,4633,1267,21.474576271186439
PYM-11497,2025-12-10,Pyme,Providencia,Concepción,0.008,5900,1812,1495,1303,4610,1290,21.864406779661017
PYM-13237,2025-03-30,Pyme,Providencia,Concepción,0.045,5900,2165,1496,1302,4963,937,15.881355932203389
PYM-13818,2025-01-02,Pyme,San Bernardo,Concepción,0.032,5900,2095,1498,1197,4790,1110,18.8135593220339
PYM-12424,2025-01-27,Pyme,Providencia,Concepción,0.021,5900,2179,1499,1238,4916,984,16.677966101694917
PYM-11602,2025-03-21,Pyme,Lampa,Concepción,0.035,5900,1821,1500,1234,4555,1345,22.796610169491522
PYM-10539,2025-05-29,Pyme,Lampa,Concepción,0.015,5900,2164,1501,1250,4915,985,16.694915254237287
PYM-12414,2025-03-06,Pyme,Pudahuel,Concepción,0.028,5900,2183,1502,1310,4995,905,15.338983050847457
PYM-13510,2025-04-03,Pyme,Santiago,Concepción,0.037,5900,1863,1504,1208,4575,1325,22.457627118644069
PYM-12002,2025-08-24,Pyme,Pudahuel,Concepción,0.033,5900,2010,1505,1285,4800,1100,18.64406779661017
PYM-13087,2025-02-12,Pyme,San Bernardo,Concepción,0.006,5900,2100,1505,1229,4834,1066,18.067796610169491
PYM-13845,2025-04-21,Pyme,Lampa,Concepción,0.034,5900,1822,1505,1233,4560,1340,22.711864406779661
PYM-12526,2025-01-14,Pyme,Pudahuel,Concepción,0.033,5900,1944,1508,1277,4729,1171,19.847457627118644
PYM-11627,2025-08-03,Pyme,Lampa,Concepción,0.008,5900,1984,1509,1206,4699,1201,20.35593220338983
PYM-13151,2025-11-05,Pyme,Santiago,Concepción,0.042,5900,1815,1509,1298,4622,1278,21.661016949152543
PYM-13579,2025-02-11,Pyme,San Bernardo,Concepción,0.045,5900,1842,1509,1228,4579,1321,22.389830508474574
PYM-11864,2025-08-10,Pyme,Pudahuel,Concepción,0.041,5900,2085,1510,1309,4904,996,16.881355932203391
PYM-12682,2025-06-16,Pyme,San Bernardo,Concepción,0.034,5900,2193,1510,1212,4915,985,16.694915254237287
PYM-10349,2025-09-15,Pyme,Santiago,Concepción,0.029,5900,1994,1511,1192,4697,1203,20.389830508474578
PYM-12794,2025-12-30,Pyme,Lampa,Concepción,0.007,5900,1877,1514,1281,4672,1228,20.813559322033896
PYM-13016,2025-08-17,Pyme,San Bernardo,Concepción,0.02,5900,2043,1516,1224,4783,1117,18.932203389830509
PYM-11611,2025-11-27,Pyme,San Bernardo,Concepción,0.014,5900,1901,1517,1254,4672,1228,20.813559322033896
PYM-10942,2025-05-21,Pyme,Providencia,Concepción,0.034,5900,1983,1519,1257,4759,1141,19.338983050847457
PYM-13791,2025-07-02,Pyme,Lampa,Concepción,0.039,5900,2088,1519,1273,4880,1020,17.288135593220339
PYM-11483,2025-11-24,Pyme,Quilicura,Concepción,0.015,5900,1810,1521,1299,4630,1270,21.525423728813557
PYM-11376,2025-10-25,Pyme,Providencia,Concepción,0.027,5900,1947,1522,1278,4747,1153,19.542372881355931
PYM-11465,2025-06-17,Pyme,Santiago,Concepción,0.029,5900,2031,1522,1273,4826,1074,18.203389830508474
PYM-13629,2025-02-17,Pyme,Providencia,Concepción,0.028,5900,1847,1522,1195,4564,1336,22.64406779661017
PYM-11246,2025-09-12,Pyme,Quilicura,Concepción,0.008,5900,1882,1523,1239,4644,1256,21.288135593220339
PYM-11854,2025-11-04,Pyme,Maipú,Concepción,0.008,5900,1852,1523,1255,4630,1270,21.525423728813557
PYM-12027,2025-06-07,Pyme,Pudahuel,Concepción,0.04,5900,2062,1523,1199,4784,1116,18.915254237288135
PYM-13739,2025-02-16,Pyme,Quilicura,Concepción,0.015,5900,1937,1524,1304,4765,1135,19.237288135593218
PYM-10700,2025-08-17,Pyme,Quilicura,Concepción,0.028,5900,2109,1525,1191,4825,1075,18.220338983050848
PYM-12178,2025-05-06,Pyme,San Bernardo,Concepción,0.038,5900,1909,1526,1192,4627,1273,21.576271186440678
PYM-10996,2025-11-17,Pyme,Pudahuel,Concepción,0.008,5900,2199,1533,1201,4933,967,16.389830508474574
PYM-13425,2025-07-08,Pyme,Maipú,Concepción,0.012,5900,1803,1535,1203,4541,1359,23.033898305084747
PYM-13994,2025-08-07,Pyme,San Bernardo,Concepción,0.027,5900,2103,1536,1189,4828,1072,18.169491525423727
PYM-11576,2025-03-14,Pyme,Quilicura,Concepción,0.008,5900,1805,1540,1296,4641,1259,21.338983050847457
PYM-11807,2025-05-09,Pyme,Lampa,Concepción,0.005,5900,2067,1541,1284,4892,1008,17.084745762711865
PYM-12108,2025-03-29,Pyme,Pudahuel,Concepción,0.029,5900,2143,1541,1218,4902,998,16.915254237288135
PYM-10252,2025-02-12,Pyme,Maipú,Concepción,0.021,5900,1824,1542,1244,4610,1290,21.864406779661017
PYM-13849,2025-06-17,Pyme,Maipú,Concepción,0.011,5900,1920,1542,1253,4715,1185,20.084745762711865
PYM-13734,2025-06-25,Pyme,Pudahuel,Concepción,0.046,5900,2096,1543,1209,4848,1052,17.83050847457627
PYM-10936,2025-09-25,Pyme,Quilicura,Concepción,0.034,5900,2122,1548,1296,4966,934,15.830508474576272
PYM-12790,2025-05-09,Pyme,Maipú,Concepción,0.034,5900,2104,1548,1271,4923,977,16.559322033898304
PYM-13866,2025-12-20,Pyme,San Bernardo,Concepción,0.012,5900,2044,1548,1210,4802,1098,18.610169491525426
PYM-12504,2025-05-13,Pyme,Maipú,Concepción,0.031,5900,2064,1549,1273,4886,1014,17.186440677966104
PYM-13709,2025-08-16,Pyme,Providencia,Concepción,0.044,5900,2011,1551,1306,4868,1032,17.491525423728813
PYM-13327,2025-04-28,Pyme,Quilicura,Concepción,0.027,5900,1982,1552,1290,4824,1076,18.237288135593221
PYM-11382,2025-12-12,Pyme,Providencia,Concepción,0.028,5900,1865,1553,1273,4691,1209,20.491525423728813
PYM-13439,2025-09-16,Pyme,Providencia,Concepción,0.024,5900,2141,1556,1270,4967,933,15.8135593220339
PYM-13301,2025-12-09,Pyme,Santiago,Concepción,0.008,5900,1837,1557,1255,4649,1251,21.203389830508474
PYM-10083,2025-08-14,Pyme,Maipú,Concepción,0.034,5900,1974,1560,1231,4765,1135,19.237288135593218
PYM-11386,2025-05-17,Pyme,Lampa,Concepción,0.033,5900,2150,1561,1220,4931,969,16.423728813559322
PYM-12401,2025-02-09,Pyme,Quilicura,Concepción,0.019,5900,2114,1563,1262,4939,961,16.288135593220339
PYM-13906,2025-09-01,Pyme,Providencia,Concepción,0.007,5900,2057,1563,1249,4869,1031,17.474576271186439
PYM-10051,2025-01-10,Pyme,Maipú,Concepción,0.007,5900,1806,1565,1250,4621,1279,21.677966101694913
PYM-10772,2025-05-30,Pyme,Providencia,Concepción,0.023,5900,1902,1565,1203,4670,1230,20.847457627118644
PYM-10265,2025-03-28,Pyme,Quilicura,Concepción,0.041,5900,1804,1568,1279,4651,1249,21.169491525423727
PYM-10195,2025-01-12,Pyme,Lampa,Concepción,0.027,5900,1887,1571,1229,4687,1213,20.559322033898304
PYM-10598,2025-07-18,Pyme,Pudahuel,Concepción,0.028,5900,1850,1571,1271,4692,1208,20.474576271186439
PYM-10906,2025-11-02,Pyme,Maipú,Concepción,0.041,5900,1988,1572,1280,4840,1060,17.966101694915253
PYM-11616,2025-06-26,Pyme,Pudahuel,Concepción,0.008,5900,2162,1572,1231,4965,935,15.847457627118644
PYM-10154,2025-06-10,Pyme,San Bernardo,Concepción,0.015,5900,1984,1573,1187,4744,1156,19.593220338983048
PYM-13227,2025-10-07,Pyme,Providencia,Concepción,0.046,5900,2008,1573,1251,4832,1068,18.101694915254239
PYM-11047,2025-06-01,Pyme,San Bernardo,Concepción,0.033,5900,1815,1574,1247,4636,1264,21.423728813559322
PYM-13767,2025-10-23,Pyme,Quilicura,La Serena,0.034,6100,1905,1330,1161,4396,1704,27.934426229508198
PYM-10846,2025-06-18,Pyme,Pudahuel,La Serena,0.035,6100,1821,1332,1152,4305,1795,29.426229508196723
PYM-10376,2025-07-10,Pyme,Lampa,La Serena,0.008,6100,2074,1333,1176,4583,1517,24.868852459016395
PYM-11445,2025-04-19,Pyme,Santiago,La Serena,0.04,6100,2058,1334,1140,4532,1568,25.704918032786882
PYM-12770,2025-06-24,Pyme,San Bernardo,La Serena,0.035,6100,2095,1334,1177,4606,1494,24.491803278688526
PYM-10410,2025-08-11,Pyme,Maipú,La Serena,0.044,6100,1883,1336,1241,4460,1640,26.885245901639344
PYM-12604,2025-06-14,Pyme,San Bernardo,La Serena,0.026,6100,1836,1336,1242,4414,1686,27.639344262295083
PYM-10486,2025-08-12,Pyme,Maipú,La Serena,0.013,6100,2187,1339,1217,4743,1357,22.245901639344261
PYM-10978,2025-09-03,Pyme,Quilicura,La Serena,0.042,6100,1914,1339,1181,4434,1666,27.311475409836067
PYM-13475,2025-12-23,Pyme,Quilicura,La Serena,0.049,6100,1960,1339,1211,4510,1590,26.065573770491802
PYM-11406,2025-04-26,Pyme,Pudahuel,La Serena,0.048,6100,2068,1340,1195,4603,1497,24.540983606557376
PYM-12253,2025-03-25,Pyme,San Bernardo,La Serena,0.034,6100,1862,1340,1228,4430,1670,27.377049180327866
PYM-11384,2025-02-22,Pyme,Pudahuel,La Serena,0.04,6100,2145,1341,1233,4719,1381,22.639344262295083
PYM-11770,2025-11-16,Pyme,Lampa,La Serena,0.008,6100,2061,1341,1169,4571,1529,25.065573770491806
PYM-12028,2025-06-15,Pyme,Providencia,La Serena,0.044,6100,1885,1341,1173,4399,1701,27.885245901639344
PYM-12915,2025-02-16,Pyme,Providencia,La Serena,0.045,6100,1845,1341,1241,4427,1673,27.42622950819672
PYM-11604,2025-10-05,Pyme,Pudahuel,La Serena,0.01,6100,2002,1342,1256,4600,1500,24.590163934426229
PYM-13667,2025-11-12,Pyme,Providencia,La Serena,0.02,6100,1803,1342,1220,4365,1735,28.442622950819676
PYM-11964,2025-09-10,Pyme,Providencia,La Serena,0.013,6100,1891,1343,1192,4426,1674,27.442622950819672
PYM-11066,2025-01-23,Pyme,San Bernardo,La Serena,0.012,6100,1841,1345,1152,4338,1762,28.885245901639344
PYM-11939,2025-04-19,Pyme,Lampa,La Serena,0.02,6100,1836,1345,1227,4408,1692,27.737704918032787
PYM-11432,2025-11-02,Pyme,Maipú,La Serena,0.03,6100,2009,1346,1188,4543,1557,25.524590163934423
PYM-11261,2025-11-20,Pyme,San Bernardo,La Serena,0.045,6100,2126,1347,1243,4716,1384,22.688524590163933
PYM-13702,2025-03-08,Pyme,Providencia,La Serena,0.014,6100,2106,1348,1177,4631,1469,24.081967213114755
PYM-10491,2025-11-10,Pyme,San Bernardo,La Serena,0.021,6100,2007,1349,1220,4576,1524,24.983606557377051
PYM-13278,2025-10-28,Pyme,Maipú,La Serena,0.039,6100,1925,1349,1229,4503,1597,26.180327868852459
PYM-11475,2025-12-16,Pyme,Santiago,La Serena,0.042,6100,2134,1350,1224,4708,1392,22.819672131147541
PYM-11947,2025-06-21,Pyme,San Bernardo,La Serena,0.043,6100,2186,1351,1229,4766,1334,21.868852459016395
PYM-11507,2025-02-20,Pyme,Pudahuel,La Serena,0.048,6100,2115,1353,1143,4611,1489,24.409836065573771
PYM-10850,2025-01-12,Pyme,Quilicura,La Serena,0.009,6100,2176,1354,1244,4774,1326,21.737704918032787
PYM-11374,2025-02-05,Pyme,Santiago,La Serena,0.043,6100,1825,1355,1231,4411,1689,27.688524590163933
PYM-11924,2025-02-02,Pyme,Providencia,La Serena,0.034,6100,1946,1359,1249,4554,1546,25.344262295081965
PYM-10980,2025-07-20,Pyme,Lampa,La Serena,0.009,6100,2071,1361,1212,4644,1456,23.868852459016392
PYM-12452,2025-12-14,Pyme,Quilicura,La Serena,0.045,6100,2010,1362,1145,4517,1583,25.950819672131146
PYM-13343,2025-11-14,Pyme,Santiago,La Serena,0.028,6100,1939,1362,1258,4559,1541,25.262295081967213
PYM-11303,2025-10-27,Pyme,Providencia,La Serena,0.021,6100,1983,1363,1215,4561,1539,25.229508196721312
PYM-13650,2025-06-05,Pyme,Lampa,La Serena,0.016,6100,1915,1363,1155,4433,1667,27.327868852459012
PYM-12226,2025-02-10,Pyme,Lampa,La Serena,0.044,6100,1847,1364,1152,4363,1737,28.475409836065573
PYM-13233,2025-09-12,Pyme,Lampa,La Serena,0.048,6100,1927,1364,1181,4472,1628,26.688524590163937
PYM-12934,2025-05-18,Pyme,Lampa,La Serena,0.043,6100,1973,1366,1160,4499,1601,26.245901639344261
PYM-13517,2025-06-24,Pyme,Lampa,La Serena,0.007,6100,1894,1366,1167,4427,1673,27.42622950819672
PYM-10398,2025-08-16,Pyme,Pudahuel,La Serena,0.035,6100,1981,1367,1166,4514,1586,26
PYM-13506,2025-03-27,Pyme,Providencia,La Serena,0.027,6100,1894,1367,1259,4520,1580,25.901639344262296
PYM-13109,2025-12-06,Pyme,Pudahuel,La Serena,0.031,6100,2187,1368,1225,4780,1320,21.639344262295083
PYM-10423,2025-07-16,Pyme,Quilicura,La Serena,0.024,6100,2103,1369,1182,4654,1446,23.704918032786885
PYM-13200,2025-02-05,Pyme,San Bernardo,La Serena,0.04,6100,2133,1369,1214,4716,1384,22.688524590163933
PYM-13372,2025-04-16,Pyme,Santiago,La Serena,0.02,6100,1812,1370,1213,4395,1705,27.95081967213115
PYM-10037,2025-12-15,Pyme,Santiago,La Serena,0.031,6100,2141,1371,1186,4698,1402,22.983606557377048
PYM-10340,2025-12-19,Pyme,Pudahuel,La Serena,0.025,6100,2005,1371,1251,4627,1473,24.147540983606557
PYM-10647,2025-04-23,Pyme,San Bernardo,La Serena,0.02,6100,2136,1371,1149,4656,1444,23.672131147540984
PYM-12075,2025-11-02,Pyme,Providencia,La Serena,0.026,6100,2158,1371,1161,4690,1410,23.114754098360656
PYM-10043,2025-05-05,Pyme,Maipú,La Serena,0.006,6100,1815,1372,1204,4391,1709,28.016393442622949
PYM-10760,2025-05-23,Pyme,Pudahuel,La Serena,0.035,6100,2070,1372,1162,4604,1496,24.524590163934427
PYM-11181,2025-12-02,Pyme,Quilicura,La Serena,0.046,6100,2094,1372,1181,4647,1453,23.819672131147541
PYM-11679,2025-02-15,Pyme,Quilicura,La Serena,0.015,6100,1953,1373,1185,4511,1589,26.049180327868854
PYM-13883,2025-10-13,Pyme,Lampa,La Serena,0.039,6100,1981,1374,1174,4529,1571,25.754098360655735
PYM-12641,2025-04-17,Pyme,Pudahuel,La Serena,0.019,6100,2110,1375,1150,4635,1465,24.016393442622952
PYM-13745,2025-06-12,Pyme,Providencia,La Serena,0.05,6100,1878,1376,1192,4446,1654,27.114754098360656
PYM-11142,2025-04-17,Pyme,Providencia,La Serena,0.011,6100,1954,1377,1244,4575,1525,25
PYM-11965,2025-05-17,Pyme,Lampa,La Serena,0.038,6100,2072,1377,1208,4657,1443,23.655737704918035
PYM-12047,2025-09-03,Pyme,Maipú,La Serena,0.015,6100,2006,1378,1220,4604,1496,24.524590163934427
PYM-12708,2025-04-25,Pyme,Pudahuel,La Serena,0.033,6100,2124,1378,1251,4753,1347,22.081967213114755
PYM-10859,2025-04-20,Pyme,San Bernardo,La Serena,0.037,6100,2193,1380,1230,4803,1297,21.262295081967213
PYM-11859,2025-02-02,Pyme,Quilicura,La Serena,0.026,6100,1850,1383,1203,4436,1664,27.278688524590166
PYM-13061,2025-07-21,Pyme,Providencia,La Serena,0.025,6100,2090,1383,1202,4675,1425,23.360655737704921
PYM-10308,2025-04-07,Pyme,Pudahuel,La Serena,0.01,6100,1980,1385,1151,4516,1584,25.967213114754102
PYM-10677,2025-07-05,Pyme,Quilicura,La Serena,0.034,6100,2054,1385,1140,4579,1521,24.934426229508198
PYM-10831,2025-06-03,Pyme,Pudahuel,La Serena,0.013,6100,1875,1386,1253,4514,1586,26
PYM-11503,2025-06-27,Pyme,Lampa,La Serena,0.033,6100,1978,1387,1204,4569,1531,25.098360655737707
PYM-11241,2025-02-14,Pyme,San Bernardo,La Serena,0.025,6100,2140,1389,1147,4676,1424,23.344262295081965
PYM-13207,2025-02-08,Pyme,San Bernardo,La Serena,0.034,6100,1893,1390,1257,4540,1560,25.573770491803277
PYM-11606,2025-03-24,Pyme,San Bernardo,La Serena,0.01,6100,1832,1391,1206,4429,1671,27.393442622950818
PYM-13782,2025-04-10,Pyme,Santiago,La Serena,0.019,6100,1905,1391,1217,4513,1587,26.016393442622949
PYM-10867,2025-06-26,Pyme,Pudahuel,La Serena,0.038,6100,2067,1392,1198,4657,1443,23.655737704918035
PYM-11765,2025-07-06,Pyme,San Bernardo,La Serena,0.044,6100,2047,1392,1169,4608,1492,24.459016393442624
PYM-12870,2025-06-10,Pyme,Lampa,La Serena,0.011,6100,2109,1392,1143,4644,1456,23.868852459016392
PYM-13079,2025-11-23,Pyme,Santiago,La Serena,0.047,6100,1911,1392,1191,4494,1606,26.327868852459019
PYM-11702,2025-09-17,Pyme,Providencia,La Serena,0.032,6100,1935,1393,1152,4480,1620,26.557377049180324
PYM-13255,2025-12-27,Pyme,Quilicura,La Serena,0.046,6100,2087,1394,1193,4674,1426,23.377049180327869
PYM-10719,2025-07-27,Pyme,Santiago,La Serena,0.039,6100,1881,1395,1236,4512,1588,26.0327868852459
PYM-10364,2025-06-01,Pyme,Pudahuel,La Serena,0.038,6100,1815,1396,1205,4416,1684,27.606557377049178
PYM-13781,2025-11-07,Pyme,Providencia,La Serena,0.024,6100,2001,1396,1177,4574,1526,25.016393442622952
PYM-11279,2025-09-10,Pyme,Providencia,La Serena,0.014,6100,2181,1397,1256,4834,1266,20.754098360655739
PYM-10332,2025-02-19,Pyme,San Bernardo,La Serena,0.008,6100,1888,1398,1228,4514,1586,26
PYM-10367,2025-01-17,Pyme,Quilicura,La Serena,0.049,6100,2101,1398,1176,4675,1425,23.360655737704921
PYM-12306,2025-07-21,Pyme,Pudahuel,La Serena,0.024,6100,2170,1398,1241,4809,1291,21.16393442622951
PYM-11486,2025-08-07,Pyme,Lampa,La Serena,0.016,6100,2100,1400,1247,4747,1353,22.180327868852459
PYM-11778,2025-10-23,Pyme,Pudahuel,La Serena,0.045,6100,2099,1401,1237,4737,1363,22.344262295081968
PYM-10744,2025-05-05,Pyme,Quilicura,La Serena,0.006,6100,1995,1404,1180,4579,1521,24.934426229508198
PYM-13631,2025-04-04,Pyme,Lampa,La Serena,0.015,6100,1910,1404,1215,4529,1571,25.754098360655735
PYM-10493,2025-08-03,Pyme,Lampa,La Serena,0.034,6100,2141,1405,1230,4776,1324,21.704918032786885
PYM-12717,2025-11-22,Pyme,Providencia,La Serena,0.049,6100,2141,1408,1217,4766,1334,21.868852459016395
PYM-11911,2025-12-30,Pyme,Santiago,La Serena,0.037,6100,2090,1409,1204,4703,1397,22.901639344262296
PYM-12031,2025-01-31,Pyme,San Bernardo,La Serena,0.006,6100,1876,1409,1237,4522,1578,25.868852459016395
PYM-13946,2025-07-31,Pyme,Quilicura,La Serena,0.038,6100,2053,1409,1179,4641,1459,23.918032786885245
PYM-11818,2025-01-02,Pyme,Maipú,La Serena,0.014,6100,1909,1410,1224,4543,1557,25.524590163934423
PYM-12713,2025-10-30,Pyme,Providencia,La Serena,0.019,6100,2132,1412,1219,4763,1337,21.918032786885249
PYM-13179,2025-01-21,Pyme,Santiago,La Serena,0.007,6100,2195,1412,1166,4773,1327,21.754098360655739
PYM-12991,2025-06-28,Pyme,Providencia,La Serena,0.028,6100,2080,1413,1250,4743,1357,22.245901639344261
PYM-11143,2025-09-02,Pyme,San Bernardo,La Serena,0.038,6100,1831,1414,1159,4404,1696,27.803278688524593
PYM-10085,2025-05-18,Pyme,Santiago,La Serena,0.017,6100,1818,1416,1181,4415,1685,27.622950819672131
PYM-10595,2025-12-05,Pyme,Lampa,La Serena,0.033,6100,1978,1416,1219,4613,1487,24.377049180327869
PYM-12127,2025-01-29,Pyme,Lampa,La Serena,0.008,6100,2093,1416,1256,4765,1335,21.885245901639344
PYM-13382,2025-08-10,Pyme,San Bernardo,La Serena,0.038,6100,1912,1416,1149,4477,1623,26.606557377049178
PYM-13645,2025-04-14,Pyme,Santiago,La Serena,0.031,6100,2089,1418,1235,4742,1358,22.262295081967213
PYM-11027,2025-08-12,Pyme,Quilicura,La Serena,0.005,6100,2155,1419,1189,4763,1337,21.918032786885249
PYM-12111,2025-09-29,Pyme,Pudahuel,La Serena,0.034,6100,2122,1419,1246,4787,1313,21.524590163934427
PYM-10072,2025-08-12,Pyme,Maipú,La Serena,0.033,6100,1867,1420,1186,4473,1627,26.672131147540984
PYM-10817,2025-04-08,Pyme,Providencia,La Serena,0.035,6100,1842,1420,1244,4506,1594,26.131147540983608
PYM-12655,2025-02-02,Pyme,Quilicura,La Serena,0.041,6100,1832,1421,1156,4409,1691,27.721311475409838
PYM-12474,2025-06-11,Pyme,Lampa,La Serena,0.028,6100,2099,1422,1192,4713,1387,22.737704918032787
PYM-12706,2025-02-28,Pyme,Lampa,La Serena,0.013,6100,1925,1422,1184,4531,1569,25.721311475409834
PYM-13012,2025-04-21,Pyme,Maipú,La Serena,0.046,6100,1944,1422,1179,4545,1555,25.491803278688526
PYM-10897,2025-09-29,Pyme,Quilicura,La Serena,0.03,6100,1919,1424,1179,4522,1578,25.868852459016395
PYM-11223,2025-08-19,Pyme,Maipú,La Serena,0.043,6100,2161,1424,1247,4832,1268,20.78688524590164
PYM-11459,2025-04-14,Pyme,Pudahuel,La Serena,0.048,6100,1821,1424,1246,4491,1609,26.377049180327866
PYM-12658,2025-12-15,Pyme,San Bernardo,Concepción,0.042,6100,2004,1425,1256,4685,1415,23.196721311475411
PYM-11918,2025-05-17,Pyme,Lampa,Concepción,0.041,6100,1947,1426,1273,4646,1454,23.836065573770494
PYM-12084,2025-10-18,Pyme,San Bernardo,La Serena,0.011,6100,2091,1426,1153,4670,1430,23.442622950819672
PYM-10401,2025-01-12,Pyme,Quilicura,Concepción,0.03,6100,2138,1428,1299,4865,1235,20.245901639344265
PYM-11115,2025-08-09,Pyme,Maipú,La Serena,0.016,6100,2131,1428,1253,4812,1288,21.114754098360656
PYM-11335,2025-09-22,Pyme,San Bernardo,La Serena,0.037,6100,2030,1428,1216,4674,1426,23.377049180327869
PYM-11620,2025-04-06,Pyme,Pudahuel,La Serena,0.047,6100,1926,1428,1170,4524,1576,25.83606557377049
PYM-11975,2025-12-24,Pyme,Quilicura,La Serena,0.019,6100,2150,1428,1218,4796,1304,21.377049180327869
PYM-10927,2025-01-06,Pyme,Providencia,La Serena,0.041,6100,2104,1429,1164,4697,1403,23
PYM-11559,2025-11-14,Pyme,Lampa,La Serena,0.039,6100,1951,1429,1142,4522,1578,25.868852459016395
PYM-10196,2025-08-09,Pyme,Lampa,La Serena,0.007,6100,2022,1430,1167,4619,1481,24.278688524590166
PYM-10758,2025-09-15,Pyme,Lampa,Concepción,0.047,6100,1938,1430,1280,4648,1452,23.803278688524589
PYM-11526,2025-05-29,Pyme,Pudahuel,Concepción,0.031,6100,1933,1430,1205,4568,1532,25.114754098360653
PYM-13962,2025-03-06,Pyme,Providencia,La Serena,0.018,6100,1941,1430,1238,4609,1491,24.442622950819672
PYM-11456,2025-12-23,Pyme,Santiago,La Serena,0.047,6100,2191,1431,1217,4839,1261,20.672131147540984
PYM-12481,2025-02-15,Pyme,Providencia,La Serena,0.042,6100,2180,1431,1148,4759,1341,21.983606557377051
PYM-12958,2025-04-15,Pyme,Pudahuel,Concepción,0.015,6100,2157,1431,1212,4800,1300,21.311475409836063
PYM-11543,2025-05-16,Pyme,Maipú,Concepción,0.023,6100,2178,1432,1187,4797,1303,21.360655737704917
PYM-10403,2025-06-06,Pyme,Pudahuel,Concepción,0.026,6100,1989,1433,1307,4729,1371,22.475409836065573
PYM-10630,2025-08-24,Pyme,San Bernardo,Concepción,0.007,6100,1883,1433,1256,4572,1528,25.049180327868854
PYM-11557,2025-05-26,Pyme,Santiago,La Serena,0.042,6100,2044,1433,1232,4709,1391,22.803278688524589
PYM-12883,2025-12-21,Pyme,Santiago,Concepción,0.024,6100,1880,1433,1264,4577,1523,24.9672131147541
PYM-13865,2025-03-02,Pyme,Providencia,Concepción,0.032,6100,2060,1433,1288,4781,1319,21.622950819672131
PYM-13980,2025-10-01,Pyme,Providencia,La Serena,0.036,6100,2092,1433,1166,4691,1409,23.098360655737704
PYM-10235,2025-10-29,Pyme,Quilicura,Concepción,0.02,6100,1909,1436,1198,4543,1557,25.524590163934423
PYM-13509,2025-03-02,Pyme,Quilicura,La Serena,0.036,6100,1944,1436,1241,4621,1479,24.245901639344261
PYM-10156,2025-11-14,Pyme,San Bernardo,La Serena,0.031,6100,2193,1437,1190,4820,1280,20.983606557377048
PYM-10222,2025-05-13,Pyme,Pudahuel,La Serena,0.016,6100,2043,1437,1237,4717,1383,22.672131147540984
PYM-10267,2025-09-18,Pyme,San Bernardo,Concepción,0.039,6100,1969,1437,1251,4657,1443,23.655737704918035
PYM-11224,2025-03-26,Pyme,Pudahuel,La Serena,0.04,6100,1875,1437,1240,4552,1548,25.377049180327869
PYM-11505,2025-12-27,Pyme,San Bernardo,Concepción,0.019,6100,2071,1437,1245,4753,1347,22.081967213114755
PYM-12049,2025-04-22,Pyme,Providencia,La Serena,0.007,6100,2073,1437,1240,4750,1350,22.131147540983605
PYM-13977,2025-03-15,Pyme,Quilicura,La Serena,0.014,6100,2092,1437,1237,4766,1334,21.868852459016395
PYM-10189,2025-02-15,Pyme,Lampa,La Serena,0.033,6100,1938,1438,1252,4628,1472,24.131147540983608
PYM-10415,2025-04-04,Pyme,Santiago,La Serena,0.04,6100,2026,1438,1199,4663,1437,23.557377049180328
PYM-11146,2025-12-11,Pyme,San Bernardo,Concepción,0.03,6100,2045,1438,1236,4719,1381,22.639344262295083
PYM-10135,2025-08-10,Pyme,Santiago,La Serena,0.018,6100,2189,1439,1153,4781,1319,21.622950819672131
PYM-11519,2025-01-26,Pyme,Providencia,Concepción,0.05,6100,1971,1439,1264,4674,1426,23.377049180327869
PYM-12048,2025-08-02,Pyme,Quilicura,La Serena,0.026,6100,2066,1440,1225,4731,1369,22.442622950819672
PYM-13407,2025-09-03,Pyme,Providencia,La Serena,0.038,6100,1818,1440,1166,4424,1676,27.475409836065573
PYM-10214,2025-04-24,Pyme,Pudahuel,Concepción,0.044,6100,2107,1441,1286,4834,1266,20.754098360655739
PYM-10304,2025-05-24,Pyme,Quilicura,Concepción,0.03,6100,2114,1441,1231,4786,1314,21.540983606557376
PYM-13225,2025-12-31,Pyme,Providencia,Concepción,0.008,6100,1994,1441,1223,4658,1442,23.639344262295083
PYM-13976,2025-06-27,Pyme,Lampa,Concepción,0.04,6100,1817,1441,1187,4445,1655,27.131147540983608
PYM-10345,2025-05-26,Pyme,Pudahuel,Concepción,0.041,6100,1947,1443,1239,4629,1471,24.114754098360656
PYM-11821,2025-07-30,Pyme,Santiago,Concepción,0.026,6100,2060,1443,1188,4691,1409,23.098360655737704
PYM-10096,2025-08-16,Pyme,Lampa,Concepción,0.03,6100,1972,1444,1222,4638,1462,23.9672131147541
PYM-11529,2025-10-14,Pyme,Pudahuel,La Serena,0.014,6100,1842,1444,1192,4478,1622,26.590163934426229
PYM-11757,2025-07-23,Pyme,San Bernardo,Concepción,0.014,6100,2046,1444,1201,4691,1409,23.098360655737704
PYM-10621,2025-08-18,Pyme,Santiago,Concepción,0.045,6100,2017,1445,1299,4761,1339,21.950819672131146
PYM-12589,2025-03-01,Pyme,Santiago,Concepción,0.034,6100,2158,1445,1293,4896,1204,19.737704918032787
PYM-13013,2025-06-05,Pyme,Maipú,Concepción,0.028,6100,2116,1445,1232,4793,1307,21.42622950819672
PYM-13459,2025-12-26,Pyme,Santiago,La Serena,0.038,6100,2188,1445,1256,4889,1211,19.852459016393443
PYM-10997,2025-11-16,Pyme,Santiago,La Serena,0.013,6100,1979,1447,1208,4634,1466,24.0327868852459
PYM-12924,2025-03-03,Pyme,Santiago,La Serena,0.016,6100,1941,1447,1203,4591,1509,24.737704918032787
PYM-13390,2025-09-19,Pyme,Lampa,La Serena,0.037,6100,1959,1447,1192,4598,1502,24.622950819672131
PYM-11000,2025-01-28,Pyme,Providencia,Concepción,0.012,6100,2122,1448,1189,4759,1341,21.983606557377051
PYM-13347,2025-05-13,Pyme,San Bernardo,Concepción,0.021,6100,2149,1448,1290,4887,1213,19.885245901639344
PYM-13028,2025-01-13,Pyme,Providencia,Concepción,0.032,6100,2143,1449,1274,4866,1234,20.229508196721309
PYM-13010,2025-08-23,Pyme,San Bernardo,La Serena,0.038,6100,1908,1450,1144,4502,1598,26.196721311475407
PYM-10183,2025-10-01,Pyme,Lampa,La Serena,0.029,6100,1874,1451,1233,4558,1542,25.278688524590166
PYM-10366,2025-09-03,Pyme,Quilicura,La Serena,0.008,6100,1910,1452,1253,4615,1485,24.344262295081968
PYM-13095,2025-10-25,Pyme,Lampa,La Serena,0.033,6100,1837,1452,1143,4432,1668,27.344262295081968
PYM-13494,2025-01-28,Pyme,San Bernardo,La Serena,0.038,6100,1990,1452,1145,4587,1513,24.803278688524593
PYM-10152,2025-09-30,Pyme,Maipú,La Serena,0.015,6100,1992,1453,1203,4648,1452,23.803278688524589
PYM-12968,2025-12-09,Pyme,Pudahuel,La Serena,0.032,6100,1852,1453,1239,4544,1556,25.508196721311478
PYM-12983,2025-07-18,Pyme,Quilicura,Concepción,0.016,6100,2039,1453,1215,4707,1393,22.83606557377049
PYM-12676,2025-06-18,Pyme,Providencia,Concepción,0.021,6100,2006,1454,1263,4723,1377,22.57377049180328
PYM-13523,2025-04-05,Pyme,Providencia,Concepción,0.031,6100,1958,1454,1262,4674,1426,23.377049180327869
PYM-13820,2025-05-31,Pyme,Providencia,La Serena,0.038,6100,1812,1454,1206,4472,1628,26.688524590163937
PYM-13892,2025-10-31,Pyme,San Bernardo,Concepción,0.022,6100,1931,1455,1222,4608,1492,24.459016393442624
PYM-12186,2025-09-27,Pyme,Quilicura,La Serena,0.016,6100,1954,1456,1175,4585,1515,24.83606557377049
PYM-11083,2025-08-02,Pyme,Pudahuel,Concepción,0.016,6100,2029,1457,1295,4781,1319,21.622950819672131
PYM-11989,2025-04-05,Pyme,Quilicura,Concepción,0.009,6100,1844,1457,1222,4523,1577,25.852459016393443
PYM-12974,2025-04-28,Pyme,Pudahuel,Concepción,0.034,6100,2053,1457,1202,4712,1388,22.754098360655739
PYM-13984,2025-03-05,Pyme,Quilicura,La Serena,0.021,6100,1810,1457,1176,4443,1657,27.16393442622951
PYM-10090,2025-10-09,Pyme,Santiago,La Serena,0.036,6100,2149,1458,1147,4754,1346,22.065573770491802
PYM-11381,2025-05-09,Pyme,Santiago,Concepción,0.044,6100,2024,1459,1290,4773,1327,21.754098360655739
PYM-13454,2025-06-06,Pyme,Santiago,La Serena,0.015,6100,2047,1459,1194,4700,1400,22.950819672131146
PYM-12358,2025-09-15,Pyme,Quilicura,La Serena,0.016,6100,1802,1460,1201,4463,1637,26.83606557377049
PYM-11247,2025-07-08,Pyme,Providencia,Concepción,0.03,6100,1923,1461,1222,4606,1494,24.491803278688526
PYM-12927,2025-01-28,Pyme,Santiago,La Serena,0.026,6100,2064,1461,1162,4687,1413,23.163934426229506
PYM-12500,2025-07-20,Pyme,Providencia,Concepción,0.026,6100,1981,1462,1219,4662,1438,23.573770491803277
PYM-12697,2025-08-09,Pyme,San Bernardo,La Serena,0.04,6100,1850,1462,1243,4555,1545,25.327868852459019
PYM-13654,2025-11-29,Pyme,Quilicura,Concepción,0.044,6100,1918,1462,1276,4656,1444,23.672131147540984
PYM-10239,2025-12-20,Pyme,Lampa,La Serena,0.008,6100,1835,1464,1216,4515,1585,25.983606557377048
PYM-12383,2025-12-17,Pyme,Quilicura,La Serena,0.034,6100,1969,1464,1189,4622,1478,24.229508196721312
PYM-12147,2025-02-15,Pyme,Quilicura,La Serena,0.034,6100,2164,1465,1218,4847,1253,20.540983606557379
PYM-10674,2025-03-14,Pyme,Providencia,La Serena,0.036,6100,1883,1466,1217,4566,1534,25.147540983606557
PYM-13315,2025-02-09,Pyme,Lampa,Concepción,0.049,6100,1859,1466,1268,4593,1507,24.704918032786885
PYM-10186,2025-11-15,Pyme,Maipú,La Serena,0.017,6100,1973,1467,1157,4597,1503,24.639344262295083
PYM-12774,2025-08-07,Pyme,Pudahuel,La Serena,0.042,6100,2173,1468,1192,4833,1267,20.770491803278688
PYM-11669,2025-02-18,Pyme,Providencia,Concepción,0.008,6100,2094,1469,1194,4757,1343,22.016393442622949
PYM-12531,2025-08-20,Pyme,Providencia,Concepción,0.043,6100,1916,1470,1191,4577,1523,24.9672131147541
PYM-13527,2025-03-18,Pyme,Lampa,Concepción,0.005,6100,1824,1471,1204,4499,1601,26.245901639344261
PYM-13839,2025-08-17,Pyme,Lampa,Concepción,0.032,6100,2047,1471,1222,4740,1360,22.295081967213115
PYM-10320,2025-09-28,Pyme,Quilicura,Concepción,0.011,6100,1842,1472,1187,4501,1599,26.21311475409836
PYM-12689,2025-09-12,Pyme,Pudahuel,Concepción,0.041,6100,2075,1473,1264,4812,1288,21.114754098360656
PYM-10097,2025-01-06,Pyme,Providencia,Concepción,0.031,6100,1999,1474,1304,4777,1323,21.688524590163937
PYM-11086,2025-08-15,Pyme,Santiago,Concepción,0.035,6100,2176,1474,1192,4842,1258,20.622950819672131
PYM-13979,2025-08-27,Pyme,Pudahuel,Concepción,0.031,6100,1879,1477,1282,4638,1462,23.9672131147541
PYM-11862,2025-09-22,Pyme,Providencia,Concepción,0.024,6100,1896,1478,1301,4675,1425,23.360655737704921
PYM-11570,2025-11-08,Pyme,Maipú,Concepción,0.023,6100,1947,1479,1307,4733,1367,22.409836065573771
PYM-12282,2025-12-11,Pyme,Lampa,Concepción,0.03,6100,2107,1481,1301,4889,1211,19.852459016393443
PYM-10438,2025-02-18,Pyme,Providencia,Concepción,0.025,6100,1998,1482,1207,4687,1413,23.163934426229506
PYM-12476,2025-02-28,Pyme,Providencia,Concepción,0.009,6100,2019,1482,1268,4769,1331,21.819672131147541
PYM-12720,2025-07-05,Pyme,Maipú,Concepción,0.045,6100,1888,1484,1262,4634,1466,24.0327868852459
PYM-13297,2025-08-24,Pyme,Santiago,Concepción,0.007,6100,1950,1484,1244,4678,1422,23.311475409836067
PYM-12619,2025-05-04,Pyme,Maipú,Concepción,0.031,6100,1921,1486,1190,4597,1503,24.639344262295083
PYM-11824,2025-05-07,Pyme,Santiago,Concepción,0.012,6100,2124,1488,1283,4895,1205,19.754098360655735
PYM-12189,2025-12-20,Pyme,Pudahuel,Concepción,0.017,6100,2080,1490,1239,4809,1291,21.16393442622951
PYM-13276,2025-02-11,Pyme,Santiago,Concepción,0.01,6100,1964,1491,1296,4751,1349,22.114754098360656
PYM-12139,2025-11-21,Pyme,San Bernardo,Concepción,0.048,6100,1938,1492,1281,4711,1389,22.770491803278688
PYM-11731,2025-09-17,Pyme,San Bernardo,Concepción,0.034,6100,2171,1493,1283,4947,1153,18.901639344262293
PYM-13420,2025-02-16,Pyme,Lampa,Concepción,0.019,6100,2084,1493,1228,4805,1295,21.229508196721312
PYM-11630,2025-07-06,Pyme,Pudahuel,Concepción,0.047,6100,2176,1494,1226,4896,1204,19.737704918032787
PYM-11484,2025-03-18,Pyme,Providencia,Concepción,0.026,6100,2009,1496,1243,4748,1352,22.16393442622951
PYM-13441,2025-03-16,Pyme,Santiago,Concepción,0.03,6100,2155,1498,1255,4908,1192,19.540983606557376
PYM-10465,2025-12-07,Pyme,Pudahuel,Concepción,0.016,6100,2133,1499,1254,4886,1214,19.901639344262296
PYM-12427,2025-04-13,Pyme,Providencia,Concepción,0.023,6100,1828,1499,1296,4623,1477,24.21311475409836
PYM-11111,2025-02-11,Pyme,Providencia,Concepción,0.04,6100,1947,1500,1257,4704,1396,22.885245901639344
PYM-11328,2025-09-13,Pyme,Providencia,Concepción,0.022,6100,2075,1501,1244,4820,1280,20.983606557377048
PYM-10045,2025-12-16,Pyme,Lampa,Concepción,0.011,6100,2190,1502,1227,4919,1181,19.360655737704917
PYM-13293,2025-11-17,Pyme,Santiago,Concepción,0.039,6100,1849,1502,1310,4661,1439,23.590163934426229
PYM-11185,2025-12-27,Pyme,Providencia,Concepción,0.015,6100,1891,1503,1288,4682,1418,23.245901639344265
PYM-10496,2025-12-12,Pyme,Lampa,Concepción,0.041,6100,2019,1504,1267,4790,1310,21.475409836065573
PYM-10741,2025-01-14,Pyme,Lampa,Concepción,0.047,6100,1837,1504,1290,4631,1469,24.081967213114755
PYM-11755,2025-01-04,Pyme,Quilicura,Concepción,0.01,6100,2065,1504,1199,4768,1332,21.83606557377049
PYM-12426,2025-01-09,Pyme,San Bernardo,Concepción,0.041,6100,2036,1505,1304,4845,1255,20.573770491803277
PYM-13851,2025-02-04,Pyme,Maipú,Concepción,0.023,6100,1941,1506,1204,4651,1449,23.754098360655735
PYM-13933,2025-07-20,Pyme,Quilicura,Concepción,0.038,6100,2150,1507,1259,4916,1184,19.409836065573771
PYM-11145,2025-09-06,Pyme,Providencia,Concepción,0.011,6100,2007,1509,1271,4787,1313,21.524590163934427
PYM-13894,2025-04-15,Pyme,Lampa,Concepción,0.015,6100,2036,1509,1267,4812,1288,21.114754098360656
PYM-12683,2025-05-16,Pyme,Providencia,Concepción,0.047,6100,2075,1510,1241,4826,1274,20.885245901639344
PYM-10138,2025-04-08,Pyme,Lampa,Concepción,0.042,6100,1847,1511,1221,4579,1521,24.934426229508198
PYM-10561,2025-02-21,Pyme,Santiago,Concepción,0.026,6100,2195,1511,1204,4910,1190,19.508196721311474
PYM-11119,2025-07-03,Pyme,Maipú,Concepción,0.018,6100,1867,1512,1276,4655,1445,23.688524590163933
PYM-10638,2025-04-27,Pyme,Lampa,Concepción,0.006,6100,1821,1514,1300,4635,1465,24.016393442622952
PYM-13295,2025-08-13,Pyme,Providencia,Concepción,0.034,6100,2026,1517,1250,4793,1307,21.42622950819672
PYM-12468,2025-04-25,Pyme,Santiago,Concepción,0.043,6100,1949,1518,1282,4749,1351,22.147540983606557
PYM-12985,2025-12-24,Pyme,Pudahuel,Concepción,0.01,6100,2144,1518,1289,4951,1149,18.83606557377049
PYM-10689,2025-03-11,Pyme,Quilicura,Concepción,0.033,6100,2078,1519,1295,4892,1208,19.803278688524589
PYM-12451,2025-03-04,Pyme,Maipú,Concepción,0.048,6100,1885,1519,1213,4617,1483,24.311475409836067
PYM-13703,2025-05-24,Pyme,Lampa,Concepción,0.041,6100,1812,1519,1306,4637,1463,23.983606557377048
PYM-10033,2025-05-15,Pyme,Quilicura,Concepción,0.031,6100,2003,1520,1218,4741,1359,22.278688524590166
PYM-12637,2025-08-26,Pyme,Maipú,Concepción,0.023,6100,2176,1520,1294,4990,1110,18.196721311475411
PYM-12816,2025-03-21,Pyme,Pudahuel,Concepción,0.009,6100,1971,1521,1304,4796,1304,21.377049180327869
PYM-13953,2025-02-19,Pyme,Pudahuel,Concepción,0.034,6100,2023,1521,1227,4771,1329,21.786885245901637
PYM-13554,2025-02-11,Pyme,Lampa,Concepción,0.014,6100,2111,1522,1203,4836,1264,20.721311475409838
PYM-10030,2025-04-30,Pyme,Santiago,Concepción,0.009,6100,2114,1525,1260,4899,1201,19.688524590163933
PYM-11183,2025-05-10,Pyme,Santiago,Concepción,0.043,6100,1888,1526,1284,4698,1402,22.983606557377048
PYM-13803,2025-10-25,Pyme,Maipú,Concepción,0.022,6100,2085,1526,1259,4870,1230,20.163934426229506
PYM-13766,2025-07-14,Pyme,Pudahuel,Concepción,0.044,6100,2032,1527,1272,4831,1269,20.803278688524589
PYM-11201,2025-07-16,Pyme,Providencia,Concepción,0.008,6100,2046,1528,1238,4812,1288,21.114754098360656
PYM-13945,2025-10-26,Pyme,Pudahuel,Concepción,0.022,6100,1952,1528,1269,4749,1351,22.147540983606557
PYM-10834,2025-08-03,Pyme,San Bernardo,Concepción,0.014,6100,1913,1529,1225,4667,1433,23.491803278688526
PYM-12575,2025-04-06,Pyme,Quilicura,Concepción,0.048,6100,2013,1529,1299,4841,1259,20.639344262295083
PYM-10687,2025-02-17,Pyme,Quilicura,Concepción,0.01,6100,1987,1530,1302,4819,1281,21
PYM-13398,2025-08-21,Pyme,Santiago,Concepción,0.005,6100,2028,1531,1283,4842,1258,20.622950819672131
PYM-10343,2025-11-28,Pyme,San Bernardo,Concepción,0.032,6100,1918,1532,1306,4756,1344,22.032786885245905
PYM-13652,2025-04-18,Pyme,Lampa,Concepción,0.02,6100,1870,1533,1275,4678,1422,23.311475409836067
PYM-10571,2025-12-18,Pyme,San Bernardo,Concepción,0.009,6100,2000,1534,1307,4841,1259,20.639344262295083
PYM-13322,2025-11-16,Pyme,San Bernardo,Concepción,0.035,6100,2197,1535,1236,4968,1132,18.557377049180328
PYM-11461,2025-09-29,Pyme,San Bernardo,Concepción,0.036,6100,2144,1536,1239,4919,1181,19.360655737704917
PYM-11826,2025-07-09,Pyme,Providencia,Concepción,0.029,6100,1805,1537,1198,4540,1560,25.573770491803277
PYM-10616,2025-07-07,Pyme,Quilicura,Concepción,0.01,6100,2080,1538,1296,4914,1186,19.442622950819672
PYM-10707,2025-10-05,Pyme,Quilicura,Concepción,0.011,6100,1808,1539,1192,4539,1561,25.590163934426229
PYM-11267,2025-09-02,Pyme,Pudahuel,Concepción,0.018,6100,1907,1540,1298,4745,1355,22.213114754098363
PYM-13181,2025-02-27,Pyme,Lampa,Concepción,0.03,6100,2132,1540,1308,4980,1120,18.360655737704917
PYM-11235,2025-03-21,Pyme,Maipú,Concepción,0.037,6100,1978,1543,1264,4785,1315,21.557377049180328
PYM-12522,2025-10-25,Pyme,San Bernardo,Concepción,0.038,6100,2112,1544,1219,4875,1225,20.081967213114755
PYM-10917,2025-04-28,Pyme,San Bernardo,Concepción,0.016,6100,2109,1545,1206,4860,1240,20.327868852459016
PYM-12622,2025-08-11,Pyme,Maipú,Concepción,0.006,6100,2056,1547,1231,4834,1266,20.754098360655739
PYM-13931,2025-03-25,Pyme,Santiago,Concepción,0.048,6100,1906,1549,1290,4745,1355,22.213114754098363
PYM-10207,2025-10-11,Pyme,Santiago,Concepción,0.021,6100,1989,1551,1288,4828,1272,20.852459016393443
PYM-10319,2025-12-04,Pyme,Pudahuel,Concepción,0.025,6100,1940,1551,1246,4737,1363,22.344262295081968
PYM-11147,2025-07-07,Pyme,San Bernardo,Concepción,0.033,6100,2115,1551,1268,4934,1166,19.114754098360656
PYM-11642,2025-12-29,Pyme,Maipú,Concepción,0.034,6100,1979,1552,1284,4815,1285,21.065573770491802
PYM-11498,2025-06-21,Pyme,San Bernardo,Concepción,0.04,6100,2155,1553,1293,5001,1099,18.016393442622952
PYM-11274,2025-09-16,Pyme,Quilicura,Concepción,0.043,6100,1910,1554,1222,4686,1414,23.180327868852459
PYM-11724,2025-04-13,Pyme,Maipú,Concepción,0.018,6100,1914,1554,1298,4766,1334,21.868852459016395
PYM-12277,2025-10-22,Pyme,Providencia,Concepción,0.012,6100,1827,1554,1223,4604,1496,24.524590163934427
PYM-13463,2025-07-08,Pyme,Lampa,Concepción,0.022,6100,1828,1555,1244,4627,1473,24.147540983606557
PYM-11625,2025-03-08,Pyme,Maipú,Concepción,0.021,6100,1896,1556,1236,4688,1412,23.147540983606557
PYM-11861,2025-05-18,Pyme,Santiago,Concepción,0.009,6100,2030,1556,1277,4863,1237,20.278688524590162
PYM-13572,2025-03-27,Pyme,Quilicura,Concepción,0.038,6100,2021,1556,1278,4855,1245,20.409836065573771
PYM-10237,2025-11-12,Pyme,Pudahuel,Concepción,0.008,6100,2016,1557,1268,4841,1259,20.639344262295083
PYM-10665,2025-01-19,Pyme,Pudahuel,Concepción,0.021,6100,2008,1559,1212,4779,1321,21.655737704918032
PYM-11885,2025-08-22,Pyme,San Bernardo,Concepción,0.014,6100,2072,1559,1204,4835,1265,20.737704918032787
PYM-10845,2025-08-04,Pyme,Quilicura,Concepción,0.043,6100,1866,1563,1290,4719,1381,22.639344262295083
PYM-10746,2025-08-28,Pyme,Maipú,Concepción,0.041,6100,1938,1564,1302,4804,1296,21.245901639344261
PYM-11467,2025-08-06,Pyme,Maipú,Concepción,0.009,6100,2099,1565,1194,4858,1242,20.360655737704921
PYM-11699,2025-09-01,Pyme,Maipú,Concepción,0.022,6100,2119,1565,1237,4921,1179,19.327868852459016
PYM-12976,2025-05-30,Pyme,San Bernardo,Concepción,0.037,6100,2045,1566,1271,4882,1218,19.9672131147541
PYM-10377,2025-03-13,Pyme,Quilicura,Concepción,0.031,6100,1828,1568,1252,4648,1452,23.803278688524589
PYM-10863,2025-04-24,Pyme,Quilicura,Concepción,0.019,6100,2152,1568,1211,4931,1169,19.16393442622951
PYM-11536,2025-06-18,Pyme,Santiago,Concepción,0.028,6100,1914,1570,1263,4747,1353,22.180327868852459
PYM-11931,2025-04-03,Pyme,Providencia,Concepción,0.023,6100,1901,1571,1295,4767,1333,21.852459016393443
PYM-10498,2025-10-05,Pyme,Pudahuel,Concepción,0.042,6100,1984,1572,1285,4841,1259,20.639344262295083
PYM-12824,2025-06-27,Pyme,Pudahuel,Concepción,0.045,6100,1978,1572,1224,4774,1326,21.737704918032787
PYM-11554,2025-08-24,Pyme,Maipú,Concepción,0.037,6100,2039,1573,1198,4810,1290,21.147540983606557
PYM-11843,2025-11-08,Pyme,Providencia,Concepción,0.009,6100,1829,1573,1269,4671,1429,23.426229508196723
PYM-13770,2025-04-29,Pyme,Quilicura,Concepción,0.04,6100,2119,1573,1209,4901,1199,19.655737704918032
PYM-13326,2025-01-30,Pyme,Quilicura,Concepción,0.033,6100,2029,1574,1311,4914,1186,19.442622950819672
PYM-13426,2025-01-14,Pyme,Lampa,Concepción,0.027,6100,1853,1574,1228,4655,1445,23.688524590163933
PYM-11073,2025-01-21,Pyme,San Bernardo,Temuco,0.02,6900,2067,1995,1339,5401,1499,21.724637681159422
PYM-10527,2025-11-15,Pyme,Lampa,Temuco,0.05,6900,2176,1998,1302,5476,1424,20.637681159420289
PYM-10247,2025-05-14,Pyme,Quilicura,Temuco,0.019,6900,1929,1999,1254,5182,1718,24.89855072463768
PYM-13265,2025-04-12,Pyme,Santiago,Temuco,0.006,6900,1881,2000,1307,5188,1712,24.811594202898551
PYM-11132,2025-08-04,Pyme,Lampa,Temuco,0.028,6900,2068,2001,1329,5398,1502,21.768115942028984
PYM-12036,2025-05-22,Pyme,Pudahuel,Temuco,0.045,6900,1803,2002,1312,5117,1783,25.840579710144929
PYM-13870,2025-08-05,Pyme,Quilicura,Temuco,0.049,6900,2014,2002,1318,5334,1566,22.695652173913043
PYM-11477,2025-05-03,Pyme,Quilicura,Temuco,0.006,6900,1947,2006,1334,5287,1613,23.3768115942029
PYM-13761,2025-05-20,Pyme,Quilicura,Temuco,0.035,6900,1865,2007,1271,5143,1757,25.463768115942031
PYM-13660,2025-02-08,Pyme,San Bernardo,Temuco,0.029,6900,2069,2008,1311,5388,1512,21.913043478260867
PYM-13815,2025-06-21,Pyme,Pudahuel,Temuco,0.025,6900,2192,2009,1286,5487,1413,20.478260869565219
PYM-12337,2025-08-24,Pyme,Quilicura,Temuco,0.031,6900,1903,2010,1329,5242,1658,24.028985507246379
PYM-13391,2025-12-09,Pyme,Providencia,Temuco,0.024,6900,1839,2017,1338,5194,1706,24.724637681159418
PYM-12252,2025-12-20,Pyme,Pudahuel,Temuco,0.013,6900,2026,2021,1299,5346,1554,22.521739130434781
PYM-11631,2025-06-14,Pyme,Santiago,Temuco,0.013,6900,1809,2023,1320,5152,1748,25.333333333333336
PYM-13354,2025-06-09,Pyme,Maipú,Temuco,0.019,6900,1918,2023,1295,5236,1664,24.115942028985508
PYM-10362,2025-01-21,Pyme,Providencia,Temuco,0.03,6900,2032,2024,1292,5348,1552,22.492753623188406
PYM-11188,2025-02-02,Pyme,Maipú,Temuco,0.017,6900,2148,2024,1251,5423,1477,21.405797101449274
PYM-12095,2025-10-16,Pyme,Providencia,Temuco,0.038,6900,1888,2025,1309,5222,1678,24.318840579710145
PYM-11131,2025-02-28,Pyme,Santiago,Temuco,0.037,6900,2088,2027,1345,5460,1440,20.869565217391305
PYM-11974,2025-10-06,Pyme,Pudahuel,Temuco,0.047,6900,1833,2028,1330,5191,1709,24.768115942028984
PYM-13040,2025-11-23,Pyme,Pudahuel,Temuco,0.013,6900,1834,2032,1287,5153,1747,25.318840579710145
PYM-13515,2025-09-15,Pyme,Providencia,Temuco,0.022,6900,1853,2033,1334,5220,1680,24.347826086956523
PYM-13973,2025-11-07,Pyme,Providencia,Temuco,0.014,6900,1954,2033,1269,5256,1644,23.826086956521738
PYM-11116,2025-06-03,Pyme,Providencia,Temuco,0.029,6900,1979,2034,1301,5314,1586,22.985507246376812
PYM-12833,2025-03-25,Pyme,San Bernardo,Temuco,0.038,6900,2029,2034,1323,5386,1514,21.942028985507246
PYM-12106,2025-05-04,Pyme,Maipú,Temuco,0.042,6900,1877,2037,1259,5173,1727,25.028985507246375
PYM-10268,2025-12-03,Pyme,Lampa,Temuco,0.015,6900,1952,2038,1250,5240,1660,24.057971014492754
PYM-10162,2025-08-29,Pyme,Pudahuel,Temuco,0.021,6900,2051,2040,1302,5393,1507,21.840579710144929
PYM-11949,2025-02-21,Pyme,Maipú,Temuco,0.012,6900,1834,2040,1344,5218,1682,24.3768115942029
PYM-11482,2025-07-31,Pyme,Maipú,Temuco,0.028,6900,1856,2042,1307,5205,1695,24.565217391304348
PYM-10299,2025-06-03,Pyme,Providencia,Temuco,0.033,6900,2192,2048,1320,5560,1340,19.420289855072465
PYM-10810,2025-12-19,Pyme,Santiago,Temuco,0.031,6900,1800,2049,1302,5151,1749,25.34782608695652
PYM-12783,2025-02-19,Pyme,San Bernardo,Temuco,0.033,6900,1812,2051,1330,5193,1707,24.739130434782609
PYM-13118,2025-01-07,Pyme,Maipú,Temuco,0.043,6900,1959,2052,1257,5268,1632,23.652173913043477
PYM-11159,2025-09-13,Pyme,Quilicura,Temuco,0.006,6900,1805,2058,1325,5188,1712,24.811594202898551
PYM-11056,2025-06-12,Pyme,Lampa,Temuco,0.015,6900,1830,2059,1320,5209,1691,24.507246376811594
PYM-10384,2025-10-17,Pyme,Pudahuel,Temuco,0.037,6900,2099,2061,1235,5395,1505,21.811594202898551
PYM-12023,2025-08-26,Pyme,Lampa,Temuco,0.01,6900,1891,2061,1262,5214,1686,24.434782608695652
PYM-12234,2025-08-14,Pyme,Quilicura,Temuco,0.01,6900,1961,2061,1356,5378,1522,22.057971014492754
PYM-10287,2025-04-27,Pyme,Lampa,Temuco,0.028,6900,1858,2063,1291,5212,1688,24.463768115942027
PYM-11109,2025-05-01,Pyme,San Bernardo,Temuco,0.015,6900,1965,2063,1313,5341,1559,22.594202898550726
PYM-10580,2025-08-25,Pyme,Lampa,Temuco,0.045,6900,2076,2066,1339,5481,1419,20.565217391304348
PYM-12591,2025-10-09,Pyme,Providencia,Temuco,0.027,6900,1934,2072,1322,5328,1572,22.782608695652172
PYM-12114,2025-06-06,Pyme,Providencia,Temuco,0.044,6900,1964,2073,1273,5310,1590,23.043478260869566
PYM-13099,2025-03-28,Pyme,Pudahuel,Temuco,0.019,6900,2142,2073,1327,5542,1358,19.681159420289855
PYM-13448,2025-12-14,Pyme,San Bernardo,Temuco,0.031,6900,1909,2076,1294,5279,1621,23.492753623188406
PYM-13356,2025-06-22,Pyme,Lampa,Temuco,0.035,6900,2111,2082,1278,5471,1429,20.710144927536231
PYM-11556,2025-03-01,Pyme,Maipú,Temuco,0.023,6900,2038,2084,1277,5399,1501,21.753623188405797
PYM-11850,2025-09-02,Pyme,Lampa,Temuco,0.007,6900,1831,2084,1357,5272,1628,23.594202898550726
PYM-12666,2025-01-30,Pyme,Lampa,Temuco,0.039,6900,2155,2084,1288,5527,1373,19.89855072463768
PYM-13328,2025-09-01,Pyme,San Bernardo,Temuco,0.024,6900,1940,2085,1331,5356,1544,22.3768115942029
PYM-13566,2025-01-27,Pyme,Santiago,Temuco,0.049,6900,2090,2087,1343,5520,1380,20
PYM-13735,2025-12-15,Pyme,Lampa,Temuco,0.044,6900,1889,2087,1296,5272,1628,23.594202898550726
PYM-13682,2025-08-06,Pyme,San Bernardo,Temuco,0.025,6900,2051,2090,1350,5491,1409,20.420289855072461
PYM-11979,2025-10-09,Pyme,Maipú,Temuco,0.036,6900,2166,2091,1245,5502,1398,20.260869565217391
PYM-12762,2025-06-12,Pyme,Lampa,Temuco,0.017,6900,2186,2091,1342,5619,1281,18.565217391304348
PYM-12775,2025-03-07,Pyme,Providencia,Temuco,0.038,6900,1835,2093,1251,5179,1721,24.942028985507246
PYM-12469,2025-08-11,Pyme,San Bernardo,Temuco,0.006,6900,2119,2101,1284,5504,1396,20.231884057971016
PYM-12159,2025-10-15,Pyme,Maipú,Temuco,0.014,6900,1926,2102,1267,5295,1605,23.260869565217391
PYM-11934,2025-04-12,Pyme,Quilicura,Temuco,0.048,6900,1889,2105,1246,5240,1660,24.057971014492754
PYM-10091,2025-01-26,Pyme,Providencia,Temuco,0.039,6900,2194,2107,1355,5656,1244,18.028985507246375
PYM-10147,2025-11-01,Pyme,San Bernardo,Temuco,0.036,6900,1874,2108,1348,5330,1570,22.753623188405797
PYM-10302,2025-03-02,Pyme,San Bernardo,Temuco,0.038,6900,2116,2110,1314,5540,1360,19.710144927536234
PYM-11797,2025-02-24,Pyme,Lampa,Temuco,0.03,6900,2156,2110,1288,5554,1346,19.507246376811594
PYM-13355,2025-02-12,Pyme,Quilicura,Temuco,0.009,6900,1811,2111,1257,5179,1721,24.942028985507246
PYM-11455,2025-05-20,Pyme,Lampa,Temuco,0.048,6900,1831,2112,1278,5221,1679,24.333333333333336
PYM-11310,2025-02-15,Pyme,Maipú,Temuco,0.038,6900,1967,2113,1319,5399,1501,21.753623188405797
PYM-12543,2025-06-15,Pyme,Lampa,Temuco,0.013,6900,1854,2114,1338,5306,1594,23.101449275362317
PYM-13076,2025-02-18,Pyme,Quilicura,Temuco,0.019,6900,2104,2117,1239,5460,1440,20.869565217391305
PYM-11114,2025-03-13,Pyme,Pudahuel,Temuco,0.018,6900,1824,2119,1363,5306,1594,23.101449275362317
PYM-12851,2025-04-28,Pyme,Providencia,Temuco,0.048,6900,2158,2120,1342,5620,1280,18.55072463768116
PYM-11783,2025-01-24,Pyme,Pudahuel,Temuco,0.007,6900,2026,2123,1306,5455,1445,20.942028985507246
PYM-11746,2025-01-07,Pyme,San Bernardo,Temuco,0.009,6900,1839,2124,1291,5254,1646,23.855072463768114
PYM-12842,2025-05-02,Pyme,Providencia,Temuco,0.008,6900,1930,2126,1328,5384,1516,21.971014492753625
PYM-11243,2025-09-09,Pyme,Quilicura,Temuco,0.012,6900,1989,2127,1353,5469,1431,20.739130434782609
PYM-13559,2025-07-30,Pyme,Maipú,Temuco,0.029,6900,1863,2128,1290,5281,1619,23.463768115942031
PYM-12161,2025-04-22,Pyme,Maipú,Temuco,0.02,6900,1997,2129,1288,5414,1486,21.536231884057973
PYM-11743,2025-09-06,Pyme,San Bernardo,Temuco,0.031,6900,2168,2132,1291,5591,1309,18.971014492753625
PYM-12494,2025-02-16,Pyme,Providencia,Temuco,0.033,6900,2081,2133,1243,5457,1443,20.913043478260871
PYM-12631,2025-03-01,Pyme,Maipú,Temuco,0.015,6900,2005,2134,1306,5445,1455,21.086956521739133
PYM-13370,2025-03-19,Pyme,Maipú,Temuco,0.01,6900,1876,2134,1247,5257,1643,23.811594202898551
PYM-13685,2025-09-06,Pyme,Quilicura,Temuco,0.038,6900,1914,2134,1300,5348,1552,22.492753623188406
PYM-13333,2025-09-29,Pyme,San Bernardo,Temuco,0.02,6900,2025,2135,1277,5437,1463,21.20289855072464
PYM-12157,2025-05-20,Pyme,San Bernardo,Temuco,0.027,6900,2035,2137,1253,5425,1475,21.3768115942029
PYM-13288,2025-04-18,Pyme,Maipú,Temuco,0.019,6900,2198,2137,1288,5623,1277,18.507246376811594
PYM-11117,2025-12-08,Pyme,Pudahuel,Temuco,0.006,6900,1845,2146,1300,5291,1609,23.318840579710145
PYM-10076,2025-10-16,Pyme,Maipú,Temuco,0.049,6900,1950,2152,1286,5388,1512,21.913043478260867
PYM-12475,2025-03-27,Pyme,Lampa,Temuco,0.02,6900,1896,2154,1308,5358,1542,22.34782608695652
PYM-10112,2025-08-19,Pyme,Quilicura,Temuco,0.012,6900,2082,2158,1253,5493,1407,20.391304347826086
PYM-12754,2025-10-14,Pyme,Santiago,Temuco,0.014,6900,2182,2158,1337,5677,1223,17.724637681159418
PYM-11823,2025-06-29,Pyme,Pudahuel,Temuco,0.04,6900,1990,2159,1291,5440,1460,21.159420289855071
PYM-12864,2025-03-14,Pyme,Santiago,Temuco,0.042,6900,2038,2160,1334,5532,1368,19.826086956521738
PYM-11443,2025-12-21,Pyme,Pudahuel,Temuco,0.017,6900,1968,2161,1295,5424,1476,21.391304347826086
PYM-13521,2025-09-28,Pyme,Lampa,Temuco,0.041,6900,1871,2161,1273,5305,1595,23.115942028985508
PYM-10793,2025-09-09,Pyme,Santiago,Temuco,0.027,6900,2005,2162,1278,5445,1455,21.086956521739133
PYM-13878,2025-05-19,Pyme,Providencia,Temuco,0.038,6900,1896,2162,1335,5393,1507,21.840579710144929
PYM-10699,2025-10-17,Pyme,Lampa,Temuco,0.017,6900,1956,2163,1279,5398,1502,21.768115942028984
PYM-11018,2025-10-12,Pyme,Pudahuel,Temuco,0.039,6900,2158,2164,1235,5557,1343,19.463768115942027
PYM-13875,2025-07-19,Pyme,Maipú,Temuco,0.037,6900,1861,2165,1243,5269,1631,23.637681159420289
PYM-11436,2025-11-26,Pyme,Pudahuel,Temuco,0.017,6900,2186,2167,1261,5614,1286,18.637681159420289
PYM-11881,2025-08-05,Pyme,Lampa,Temuco,0.041,6900,2062,2170,1283,5515,1385,20.072463768115941
PYM-13722,2025-06-27,Pyme,Lampa,Temuco,0.017,6900,2108,2170,1339,5617,1283,18.594202898550723
PYM-10396,2025-02-13,Pyme,Lampa,Temuco,0.006,6900,2164,2171,1327,5662,1238,17.942028985507246
PYM-10392,2025-12-27,Pyme,Providencia,Temuco,0.013,6900,2128,2173,1262,5563,1337,19.3768115942029
PYM-11306,2025-11-29,Pyme,San Bernardo,Temuco,0.04,6900,2029,2174,1266,5469,1431,20.739130434782609
PYM-13106,2025-06-17,Pyme,Quilicura,Temuco,0.039,6900,2143,2177,1237,5557,1343,19.463768115942027
PYM-12402,2025-04-13,Pyme,Pudahuel,Temuco,0.048,6900,1825,2178,1342,5345,1555,22.536231884057973
PYM-13859,2025-09-01,Pyme,Lampa,Temuco,0.008,6900,1890,2179,1243,5312,1588,23.014492753623188
PYM-10482,2025-08-29,Pyme,Maipú,Temuco,0.008,6900,1963,2180,1263,5406,1494,21.65217391304348
PYM-12570,2025-12-20,Pyme,Quilicura,Temuco,0.035,6900,1857,2180,1288,5325,1575,22.826086956521738
PYM-13001,2025-06-09,Pyme,Providencia,Temuco,0.032,6900,1975,2181,1330,5486,1414,20.492753623188406
PYM-13807,2025-08-02,Pyme,Santiago,Temuco,0.015,6900,2037,2181,1324,5542,1358,19.681159420289855
PYM-10069,2025-04-27,Pyme,Maipú,Temuco,0.049,6900,1817,2182,1303,5302,1598,23.159420289855074
PYM-12997,2025-04-05,Pyme,Quilicura,Temuco,0.018,6900,2126,2183,1315,5624,1276,18.492753623188406
PYM-11288,2025-12-28,Pyme,Quilicura,Temuco,0.029,6900,1903,2184,1342,5429,1471,21.318840579710145
PYM-10318,2025-10-04,Pyme,Providencia,Temuco,0.01,6900,1968,2185,1331,5484,1416,20.521739130434781
PYM-10899,2025-09-16,Pyme,Providencia,Temuco,0.02,6900,2178,2187,1310,5675,1225,17.753623188405797
PYM-13215,2025-04-15,Pyme,Pudahuel,Temuco,0.016,6900,1941,2187,1364,5492,1408,20.405797101449274
PYM-11053,2025-08-06,Pyme,Maipú,Temuco,0.008,6900,1929,2193,1271,5393,1507,21.840579710144929
PYM-11786,2025-11-03,Pyme,Lampa,Temuco,0.039,6900,1975,2198,1359,5532,1368,19.826086956521738
PYM-10208,2025-06-05,Pyme,Lampa,Temuco,0.014,6900,1813,2202,1250,5265,1635,23.695652173913043
PYM-12364,2025-07-21,Pyme,Providencia,Temuco,0.032,6900,1956,2202,1262,5420,1480,21.44927536231884
PYM-13489,2025-12-14,Pyme,Santiago,Temuco,0.042,6900,1978,2202,1322,5502,1398,20.260869565217391
PYM-11137,2025-08-23,Pyme,Quilicura,Temuco,0.045,6900,1910,2204,1332,5446,1454,21.072463768115941
PYM-10989,2025-02-25,Pyme,San Bernardo,Temuco,0.018,7100,1809,1995,1264,5068,2032,28.619718309859156
PYM-11930,2025-09-07,Pyme,Quilicura,Temuco,0.045,7100,1890,1995,1279,5164,1936,27.267605633802816
PYM-10218,2025-10-06,Pyme,Quilicura,Temuco,0.022,7100,2017,1996,1277,5290,1810,25.492957746478872
PYM-11036,2025-05-11,Pyme,Santiago,Temuco,0.018,7100,2083,1999,1239,5321,1779,25.056338028169012
PYM-10092,2025-01-14,Pyme,Pudahuel,Temuco,0.029,7100,2098,2002,1267,5367,1733,24.408450704225352
PYM-12311,2025-05-13,Pyme,Santiago,Temuco,0.016,7100,1880,2003,1361,5244,1856,26.140845070422536
PYM-13917,2025-05-13,Pyme,Santiago,Temuco,0.042,7100,1897,2003,1267,5167,1933,27.225352112676056
PYM-13804,2025-02-22,Pyme,Santiago,Temuco,0.013,7100,2183,2010,1278,5471,1629,22.943661971830988
PYM-12933,2025-11-29,Pyme,San Bernardo,Temuco,0.038,7100,1845,2012,1344,5201,1899,26.746478873239436
PYM-11712,2025-09-26,Pyme,Providencia,Temuco,0.021,7100,1851,2013,1343,5207,1893,26.661971830985916
PYM-10609,2025-12-03,Pyme,San Bernardo,Temuco,0.011,7100,1853,2014,1343,5210,1890,26.619718309859152
PYM-12121,2025-04-06,Pyme,Quilicura,Temuco,0.029,7100,1934,2015,1337,5286,1814,25.549295774647891
PYM-10146,2025-05-11,Pyme,Pudahuel,Temuco,0.036,7100,1802,2016,1275,5093,2007,28.267605633802816
PYM-10574,2025-06-22,Pyme,Lampa,Temuco,0.029,7100,1894,2017,1334,5245,1855,26.12676056338028
PYM-12032,2025-08-22,Pyme,Quilicura,Temuco,0.045,7100,1935,2017,1325,5277,1823,25.676056338028168
PYM-12653,2025-06-13,Pyme,Providencia,Temuco,0.043,7100,2181,2018,1274,5473,1627,22.915492957746476
PYM-10243,2025-06-10,Pyme,San Bernardo,Temuco,0.04,7100,1825,2019,1264,5108,1992,28.056338028169016
PYM-11453,2025-03-27,Pyme,Quilicura,Temuco,0.023,7100,2084,2019,1287,5390,1710,24.084507042253524
PYM-13589,2025-06-19,Pyme,Santiago,Temuco,0.045,7100,2186,2021,1240,5447,1653,23.281690140845072
PYM-11487,2025-05-27,Pyme,San Bernardo,Temuco,0.034,7100,1934,2022,1303,5259,1841,25.929577464788732
PYM-12171,2025-04-17,Pyme,San Bernardo,Temuco,0.029,7100,2013,2023,1356,5392,1708,24.056338028169012
PYM-13497,2025-10-02,Pyme,Quilicura,Temuco,0.038,7100,2024,2024,1354,5402,1698,23.91549295774648
PYM-10188,2025-10-16,Pyme,Providencia,Temuco,0.007,7100,2099,2025,1248,5372,1728,24.338028169014084
PYM-12074,2025-09-12,Pyme,Maipú,Temuco,0.027,7100,2062,2025,1344,5431,1669,23.507042253521128
PYM-12193,2025-10-24,Pyme,Providencia,Temuco,0.018,7100,1927,2026,1272,5225,1875,26.408450704225352
PYM-12734,2025-02-12,Pyme,Providencia,Temuco,0.022,7100,1974,2026,1287,5287,1813,25.535211267605636
PYM-13757,2025-09-14,Pyme,Lampa,Temuco,0.012,7100,1946,2035,1322,5303,1797,25.309859154929576
PYM-12471,2025-09-26,Pyme,Pudahuel,Temuco,0.029,7100,2198,2036,1247,5481,1619,22.802816901408452
PYM-11962,2025-11-07,Pyme,Lampa,Temuco,0.019,7100,2006,2039,1304,5349,1751,24.661971830985916
PYM-13513,2025-03-21,Pyme,Santiago,Temuco,0.012,7100,1924,2041,1285,5250,1850,26.056338028169012
PYM-11525,2025-03-19,Pyme,Santiago,Temuco,0.049,7100,1965,2043,1298,5306,1794,25.267605633802816
PYM-10766,2025-03-12,Pyme,Santiago,Temuco,0.047,7100,1812,2044,1275,5131,1969,27.732394366197184
PYM-12246,2025-06-03,Pyme,San Bernardo,Temuco,0.014,7100,1839,2045,1287,5171,1929,27.169014084507044
PYM-11744,2025-03-28,Pyme,Lampa,Temuco,0.018,7100,1896,2046,1349,5291,1809,25.478873239436624
PYM-12529,2025-05-28,Pyme,Lampa,Temuco,0.022,7100,2046,2046,1363,5455,1645,23.16901408450704
PYM-12240,2025-02-08,Pyme,Lampa,Temuco,0.047,7100,1930,2055,1303,5288,1812,25.52112676056338
PYM-12272,2025-02-02,Pyme,Santiago,Temuco,0.018,7100,2021,2055,1265,5341,1759,24.774647887323944
PYM-12819,2025-07-24,Pyme,Quilicura,Temuco,0.011,7100,1923,2055,1274,5252,1848,26.028169014084508
PYM-10108,2025-08-01,Pyme,San Bernardo,Temuco,0.035,7100,2163,2061,1311,5535,1565,22.04225352112676
PYM-10500,2025-04-06,Pyme,Quilicura,Temuco,0.033,7100,2066,2062,1351,5479,1621,22.830985915492956
PYM-12339,2025-03-28,Pyme,San Bernardo,Temuco,0.008,7100,2173,2062,1282,5517,1583,22.295774647887324
PYM-12528,2025-05-14,Pyme,Providencia,Temuco,0.027,7100,2082,2062,1277,5421,1679,23.64788732394366
PYM-11216,2025-02-28,Pyme,Maipú,Temuco,0.033,7100,1802,2063,1320,5185,1915,26.971830985915489
PYM-13066,2025-07-03,Pyme,Lampa,Temuco,0.034,7100,2059,2063,1241,5363,1737,24.464788732394364
PYM-11238,2025-12-09,Pyme,Providencia,Temuco,0.03,7100,2190,2064,1312,5566,1534,21.6056338028169
PYM-13189,2025-06-03,Pyme,Providencia,Temuco,0.027,7100,1956,2065,1303,5324,1776,25.014084507042256
PYM-10560,2025-08-08,Pyme,Pudahuel,Temuco,0.006,7100,1972,2067,1241,5280,1820,25.633802816901408
PYM-11531,2025-08-19,Pyme,Quilicura,Temuco,0.005,7100,1979,2067,1278,5324,1776,25.014084507042256
PYM-11708,2025-02-21,Pyme,Maipú,Temuco,0.01,7100,1809,2069,1331,5209,1891,26.633802816901408
PYM-13065,2025-01-09,Pyme,Maipú,Temuco,0.021,7100,2100,2070,1265,5435,1665,23.450704225352112
PYM-11971,2025-09-18,Pyme,Lampa,Temuco,0.032,7100,1902,2075,1281,5258,1842,25.943661971830984
PYM-11362,2025-12-05,Pyme,Maipú,Temuco,0.011,7100,2013,2077,1272,5362,1738,24.47887323943662
PYM-11740,2025-12-19,Pyme,Providencia,Temuco,0.008,7100,1853,2077,1258,5188,1912,26.929577464788736
PYM-10081,2025-11-02,Pyme,Providencia,Temuco,0.049,7100,2150,2079,1252,5481,1619,22.802816901408452
PYM-10854,2025-09-12,Pyme,Providencia,Temuco,0.05,7100,1830,2081,1323,5234,1866,26.281690140845072
PYM-10257,2025-08-17,Pyme,San Bernardo,Temuco,0.005,7100,1853,2082,1337,5272,1828,25.746478873239436
PYM-11959,2025-03-04,Pyme,Pudahuel,Temuco,0.047,7100,2076,2083,1346,5505,1595,22.464788732394368
PYM-11969,2025-06-21,Pyme,Pudahuel,Temuco,0.03,7100,1879,2085,1300,5264,1836,25.859154929577464
PYM-12130,2025-07-23,Pyme,Lampa,Temuco,0.046,7100,1868,2085,1281,5234,1866,26.281690140845072
PYM-12552,2025-03-17,Pyme,Maipú,Temuco,0.02,7100,1984,2086,1299,5369,1731,24.380281690140844
PYM-13751,2025-08-23,Pyme,Pudahuel,Temuco,0.039,7100,1990,2087,1333,5410,1690,23.802816901408448
PYM-13676,2025-03-28,Pyme,San Bernardo,Temuco,0.022,7100,2096,2091,1362,5549,1551,21.845070422535212
PYM-10307,2025-06-17,Pyme,Pudahuel,Temuco,0.03,7100,1826,2092,1353,5271,1829,25.760563380281692
PYM-12313,2025-06-25,Pyme,Providencia,Temuco,0.029,7100,2048,2092,1356,5496,1604,22.591549295774648
PYM-12085,2025-08-25,Pyme,Providencia,Temuco,0.028,7100,1973,2093,1326,5392,1708,24.056338028169012
PYM-13928,2025-08-18,Pyme,Providencia,Temuco,0.009,7100,1942,2097,1337,5376,1724,24.281690140845068
PYM-12020,2025-06-05,Pyme,Santiago,Temuco,0.013,7100,1989,2099,1340,5428,1672,23.549295774647888
PYM-13500,2025-02-08,Pyme,Quilicura,Temuco,0.015,7100,1927,2101,1250,5278,1822,25.661971830985912
PYM-13165,2025-10-31,Pyme,Providencia,Temuco,0.013,7100,2080,2103,1299,5482,1618,22.7887323943662
PYM-10924,2025-08-01,Pyme,Quilicura,Temuco,0.015,7100,1989,2104,1259,5352,1748,24.619718309859152
PYM-12580,2025-05-23,Pyme,Maipú,Temuco,0.02,7100,2154,2104,1252,5510,1590,22.3943661971831
PYM-10507,2025-02-17,Pyme,Quilicura,Temuco,0.022,7100,1936,2105,1262,5303,1797,25.309859154929576
PYM-12292,2025-04-20,Pyme,Quilicura,Temuco,0.015,7100,2083,2105,1301,5489,1611,22.690140845070424
PYM-11745,2025-08-03,Pyme,Pudahuel,Temuco,0.026,7100,2167,2106,1248,5521,1579,22.239436619718308
PYM-11549,2025-04-04,Pyme,Santiago,Temuco,0.005,7100,2125,2107,1253,5485,1615,22.746478873239436
PYM-12893,2025-03-19,Pyme,San Bernardo,Temuco,0.012,7100,2024,2107,1269,5400,1700,23.943661971830984
PYM-11281,2025-01-23,Pyme,Pudahuel,Temuco,0.048,7100,2004,2109,1239,5352,1748,24.619718309859152
PYM-11794,2025-02-16,Pyme,Pudahuel,Temuco,0.031,7100,2051,2109,1265,5425,1675,23.591549295774648
PYM-13565,2025-04-05,Pyme,Santiago,Temuco,0.016,7100,1808,2109,1246,5163,1937,27.281690140845072
PYM-10988,2025-05-18,Pyme,Quilicura,Temuco,0.024,7100,2121,2112,1331,5564,1536,21.633802816901408
PYM-11068,2025-10-07,Pyme,San Bernardo,Temuco,0.01,7100,1937,2112,1244,5293,1807,25.450704225352112
PYM-13697,2025-11-07,Pyme,San Bernardo,Temuco,0.014,7100,1907,2113,1271,5291,1809,25.478873239436624
PYM-11904,2025-11-08,Pyme,Pudahuel,Temuco,0.04,7100,1930,2115,1273,5318,1782,25.098591549295772
PYM-10199,2025-08-08,Pyme,Providencia,Temuco,0.028,7100,2146,2116,1292,5554,1546,21.774647887323944
PYM-10078,2025-01-06,Pyme,Providencia,Temuco,0.05,7100,2165,2117,1329,5611,1489,20.971830985915492
PYM-13316,2025-05-13,Pyme,Pudahuel,Temuco,0.048,7100,1818,2118,1263,5199,1901,26.774647887323944
PYM-13605,2025-01-07,Pyme,Quilicura,Temuco,0.049,7100,1986,2118,1241,5345,1755,24.718309859154928
PYM-11564,2025-02-07,Pyme,Quilicura,Temuco,0.011,7100,2025,2119,1318,5462,1638,23.070422535211268
PYM-10771,2025-09-08,Pyme,Quilicura,Temuco,0.031,7100,1860,2120,1321,5301,1799,25.338028169014081
PYM-10369,2025-08-30,Pyme,Santiago,Temuco,0.049,7100,1977,2121,1311,5409,1691,23.816901408450704
PYM-12932,2025-05-19,Pyme,San Bernardo,Temuco,0.048,7100,1847,2121,1288,5256,1844,25.971830985915496
PYM-13177,2025-07-01,Pyme,San Bernardo,Temuco,0.007,7100,1831,2121,1345,5297,1803,25.3943661971831
PYM-11200,2025-05-03,Pyme,Pudahuel,Temuco,0.006,7100,2111,2122,1361,5594,1506,21.2112676056338
PYM-10907,2025-05-19,Pyme,San Bernardo,Temuco,0.009,7100,1994,2126,1358,5478,1622,22.845070422535212
PYM-13292,2025-04-22,Pyme,Maipú,Temuco,0.027,7100,1836,2126,1266,5228,1872,26.366197183098596
PYM-12926,2025-07-30,Pyme,Lampa,Temuco,0.047,7100,1944,2127,1235,5306,1794,25.267605633802816
PYM-11112,2025-08-30,Pyme,Maipú,Temuco,0.038,7100,2019,2129,1268,5416,1684,23.718309859154928
PYM-12712,2025-06-14,Pyme,Maipú,Temuco,0.037,7100,2135,2131,1327,5593,1507,21.225352112676056
PYM-13868,2025-05-18,Pyme,Lampa,Temuco,0.034,7100,1957,2134,1328,5419,1681,23.676056338028172
PYM-12180,2025-04-20,Pyme,Providencia,Temuco,0.044,7100,1963,2137,1362,5462,1638,23.070422535211268
PYM-10789,2025-11-11,Pyme,Providencia,Temuco,0.006,7100,1979,2140,1330,5449,1651,23.253521126760564
PYM-13835,2025-11-24,Pyme,Providencia,Temuco,0.048,7100,2180,2141,1333,5654,1446,20.366197183098592
PYM-12738,2025-05-22,Pyme,Pudahuel,Temuco,0.048,7100,2019,2143,1270,5432,1668,23.492957746478872
PYM-10861,2025-02-22,Pyme,Maipú,Temuco,0.032,7100,2125,2145,1267,5537,1563,22.014084507042252
PYM-12045,2025-10-02,Pyme,Quilicura,Temuco,0.046,7100,2153,2146,1322,5621,1479,20.83098591549296
PYM-11530,2025-05-11,Pyme,San Bernardo,Temuco,0.022,7100,1862,2150,1312,5324,1776,25.014084507042256
PYM-13668,2025-12-05,Pyme,Pudahuel,Temuco,0.006,7100,2031,2150,1265,5446,1654,23.295774647887324
PYM-13969,2025-12-09,Pyme,San Bernardo,Temuco,0.011,7100,1891,2151,1257,5299,1801,25.366197183098592
PYM-13720,2025-04-03,Pyme,Providencia,Temuco,0.019,7100,1926,2152,1318,5396,1704,24
PYM-10316,2025-07-08,Pyme,Providencia,Temuco,0.042,7100,1844,2154,1363,5361,1739,24.492957746478876
PYM-13502,2025-10-18,Pyme,Lampa,Temuco,0.031,7100,2113,2154,1338,5605,1495,21.056338028169012
PYM-11440,2025-12-27,Pyme,Lampa,Temuco,0.034,7100,1996,2156,1263,5415,1685,23.73239436619718
PYM-13411,2025-01-24,Pyme,Providencia,Temuco,0.027,7100,2057,2156,1281,5494,1606,22.619718309859156
PYM-12112,2025-06-08,Pyme,Providencia,Temuco,0.03,7100,1975,2157,1328,5460,1640,23.098591549295776
PYM-10562,2025-07-01,Pyme,Pudahuel,Temuco,0.042,7100,2158,2161,1255,5574,1526,21.492957746478876
PYM-12472,2025-09-03,Pyme,Lampa,Temuco,0.025,7100,1844,2161,1258,5263,1837,25.873239436619716
PYM-10399,2025-04-02,Pyme,Pudahuel,Temuco,0.031,7100,2108,2164,1250,5522,1578,22.225352112676056
PYM-10221,2025-01-03,Pyme,San Bernardo,Temuco,0.028,7100,2165,2165,1249,5579,1521,21.422535211267604
PYM-13049,2025-09-11,Pyme,Maipú,Temuco,0.04,7100,2088,2165,1253,5506,1594,22.450704225352112
PYM-12598,2025-03-14,Pyme,San Bernardo,Temuco,0.037,7100,1945,2166,1340,5451,1649,23.225352112676056
PYM-11788,2025-08-07,Pyme,Pudahuel,Temuco,0.039,7100,1919,2167,1255,5341,1759,24.774647887323944
PYM-13596,2025-08-05,Pyme,Lampa,Temuco,0.022,7100,2022,2168,1287,5477,1623,22.859154929577468
PYM-13290,2025-12-06,Pyme,Pudahuel,Temuco,0.044,7100,1845,2171,1299,5315,1785,25.140845070422536
PYM-13522,2025-03-17,Pyme,Providencia,Temuco,0.022,7100,1948,2173,1338,5459,1641,23.112676056338028
PYM-13205,2025-02-16,Pyme,Santiago,Temuco,0.007,7100,2189,2180,1258,5627,1473,20.74647887323944
PYM-10402,2025-08-13,Pyme,Lampa,Temuco,0.026,7100,1860,2183,1327,5370,1730,24.366197183098592
PYM-10082,2025-10-30,Pyme,Lampa,Temuco,0.033,7100,2122,2184,1315,5621,1479,20.83098591549296
PYM-12370,2025-05-28,Pyme,Lampa,Temuco,0.039,7100,1936,2184,1241,5361,1739,24.492957746478876
PYM-13345,2025-08-14,Pyme,San Bernardo,Temuco,0.015,7100,1860,2187,1335,5382,1718,24.197183098591548
PYM-13465,2025-05-27,Pyme,Maipú,Temuco,0.019,7100,2037,2189,1272,5498,1602,22.56338028169014
PYM-12091,2025-03-10,Pyme,Lampa,Temuco,0.046,7100,2126,2190,1348,5664,1436,20.225352112676056
PYM-10509,2025-10-15,Pyme,Quilicura,Temuco,0.021,7100,1949,2192,1256,5397,1703,23.985915492957748
PYM-11718,2025-09-09,Pyme,Pudahuel,Temuco,0.021,7100,2000,2194,1334,5528,1572,22.140845070422536
PYM-11196,2025-11-17,Pyme,Providencia,Temuco,0.049,7100,1954,2195,1353,5502,1598,22.507042253521124
PYM-13644,2025-10-08,Pyme,San Bernardo,Temuco,0.011,7100,1986,2195,1349,5530,1570,22.112676056338028
PYM-13912,2025-09-17,Pyme,Pudahuel,Temuco,0.022,7100,2058,2198,1353,5609,1491,21
PYM-10148,2025-09-21,Pyme,Lampa,Temuco,0.035,7100,2054,2200,1352,5606,1494,21.04225352112676
PYM-12356,2025-05-01,Pyme,Quilicura,Temuco,0.039,7100,1832,2200,1354,5386,1714,24.140845070422536
PYM-11677,2025-08-23,Pyme,Maipú,Temuco,0.047,7100,1967,2201,1280,5448,1652,23.26760563380282
PYM-12209,2025-09-19,Pyme,Lampa,Temuco,0.035,7100,2041,2204,1299,5544,1556,21.91549295774648
PYM-10968,2025-02-21,Pyme,Quilicura,Temuco,0.037,7300,2021,1995,1271,5287,2013,27.575342465753426
PYM-13048,2025-11-25,Pyme,Pudahuel,Temuco,0.009,7300,1919,1997,1325,5241,2059,28.205479452054792
PYM-13097,2025-04-11,Pyme,Santiago,Temuco,0.011,7300,1803,1997,1277,5077,2223,30.452054794520549
PYM-11628,2025-02-26,Pyme,Santiago,Temuco,0.006,7300,1876,1998,1289,5163,2137,29.273972602739729
PYM-10585,2025-03-20,Pyme,Lampa,Temuco,0.011,7300,2019,2005,1290,5314,1986,27.205479452054792
PYM-13055,2025-08-08,Pyme,Providencia,Temuco,0.049,7300,2159,2006,1308,5473,1827,25.027397260273972
PYM-10254,2025-05-29,Pyme,Santiago,Temuco,0.017,7300,2076,2008,1301,5385,1915,26.232876712328768
PYM-12242,2025-09-12,Pyme,San Bernardo,Temuco,0.037,7300,2191,2010,1271,5472,1828,25.041095890410958
PYM-13254,2025-02-13,Pyme,Providencia,Temuco,0.022,7300,2156,2010,1339,5505,1795,24.589041095890408
PYM-11860,2025-04-07,Pyme,Providencia,Temuco,0.045,7300,1869,2016,1330,5215,2085,28.56164383561644
PYM-12089,2025-03-14,Pyme,Quilicura,Temuco,0.035,7300,1806,2017,1247,5070,2230,30.547945205479454
PYM-11354,2025-07-07,Pyme,Quilicura,Temuco,0.043,7300,1939,2022,1269,5230,2070,28.356164383561644
PYM-10914,2025-08-17,Pyme,Maipú,Temuco,0.047,7300,2055,2024,1354,5433,1867,25.575342465753426
PYM-10930,2025-10-29,Pyme,Maipú,Temuco,0.025,7300,2052,2029,1308,5389,1911,26.17808219178082
PYM-11550,2025-02-20,Pyme,Providencia,Temuco,0.032,7300,2044,2029,1303,5376,1924,26.356164383561641
PYM-12498,2025-05-08,Pyme,Lampa,Temuco,0.014,7300,2064,2029,1330,5423,1877,25.712328767123289
PYM-10231,2025-12-11,Pyme,Pudahuel,Temuco,0.012,7300,2034,2030,1330,5394,1906,26.109589041095894
PYM-13909,2025-04-20,Pyme,Quilicura,Temuco,0.036,7300,1996,2037,1329,5362,1938,26.547945205479451
PYM-12884,2025-03-18,Pyme,Lampa,Temuco,0.04,7300,2116,2040,1279,5435,1865,25.547945205479451
PYM-11801,2025-03-22,Pyme,Lampa,Temuco,0.047,7300,1940,2043,1315,5298,2002,27.424657534246577
PYM-13320,2025-02-07,Pyme,San Bernardo,Temuco,0.039,7300,2154,2043,1326,5523,1777,24.342465753424658
PYM-13129,2025-12-01,Pyme,Santiago,Temuco,0.038,7300,2065,2045,1250,5360,1940,26.575342465753426
PYM-12168,2025-10-02,Pyme,Maipú,Temuco,0.035,7300,2049,2051,1271,5371,1929,26.424657534246577
PYM-12352,2025-12-31,Pyme,Santiago,Temuco,0.02,7300,1819,2055,1299,5173,2127,29.136986301369859
PYM-10184,2025-03-20,Pyme,Quilicura,Temuco,0.039,7300,2118,2056,1353,5527,1773,24.287671232876711
PYM-10808,2025-12-14,Pyme,Quilicura,Temuco,0.025,7300,2124,2056,1293,5473,1827,25.027397260273972
PYM-13647,2025-03-13,Pyme,Santiago,Temuco,0.006,7300,1987,2056,1297,5340,1960,26.849315068493151
PYM-13691,2025-02-09,Pyme,Pudahuel,Temuco,0.021,7300,1977,2056,1289,5322,1978,27.095890410958905
PYM-11844,2025-02-22,Pyme,Maipú,Temuco,0.043,7300,1924,2059,1321,5304,1996,27.342465753424655
PYM-12735,2025-04-04,Pyme,Santiago,Temuco,0.026,7300,2182,2060,1352,5594,1706,23.36986301369863
PYM-12928,2025-09-20,Pyme,Maipú,Temuco,0.037,7300,2188,2061,1255,5504,1796,24.602739726027398
PYM-13284,2025-08-11,Pyme,Maipú,Temuco,0.006,7300,1969,2061,1364,5394,1906,26.109589041095894
PYM-10471,2025-02-21,Pyme,Santiago,Temuco,0.015,7300,2181,2063,1281,5525,1775,24.315068493150687
PYM-11361,2025-01-10,Pyme,Santiago,Temuco,0.005,7300,1809,2064,1304,5177,2123,29.082191780821919
PYM-12773,2025-03-13,Pyme,San Bernardo,Temuco,0.042,7300,1863,2065,1238,5166,2134,29.232876712328764
PYM-10211,2025-11-02,Pyme,San Bernardo,Temuco,0.025,7300,2008,2066,1304,5378,1922,26.328767123287673
PYM-10374,2025-09-21,Pyme,Pudahuel,Temuco,0.018,7300,1817,2066,1317,5200,2100,28.767123287671232
PYM-11364,2025-09-16,Pyme,Quilicura,Temuco,0.015,7300,2093,2072,1237,5402,1898,26
PYM-13175,2025-05-03,Pyme,Maipú,Temuco,0.014,7300,1868,2073,1313,5254,2046,28.027397260273972
PYM-13547,2025-10-09,Pyme,Pudahuel,Temuco,0.014,7300,2012,2073,1285,5370,1930,26.438356164383563
PYM-13386,2025-02-10,Pyme,Quilicura,Temuco,0.019,7300,2138,2076,1304,5518,1782,24.410958904109588
PYM-12786,2025-08-11,Pyme,Providencia,Temuco,0.009,7300,2020,2079,1259,5358,1942,26.602739726027398
PYM-10447,2025-10-16,Pyme,San Bernardo,Temuco,0.038,7300,1879,2082,1332,5293,2007,27.493150684931507
PYM-11571,2025-04-15,Pyme,Maipú,Temuco,0.039,7300,1867,2083,1298,5248,2052,28.109589041095891
PYM-13303,2025-06-13,Pyme,Maipú,Temuco,0.014,7300,1983,2087,1257,5327,1973,27.027397260273972
PYM-10466,2025-04-17,Pyme,San Bernardo,Temuco,0.024,7300,1916,2088,1237,5241,2059,28.205479452054792
PYM-13693,2025-07-13,Pyme,Providencia,Temuco,0.017,7300,1885,2089,1325,5299,2001,27.410958904109588
PYM-12005,2025-10-21,Pyme,Providencia,Temuco,0.049,7300,2151,2090,1288,5529,1771,24.260273972602739
PYM-13358,2025-09-18,Pyme,Lampa,Temuco,0.049,7300,2057,2092,1358,5507,1793,24.56164383561644
PYM-13684,2025-05-09,Pyme,Providencia,Temuco,0.008,7300,1963,2092,1244,5299,2001,27.410958904109588
PYM-11220,2025-05-20,Pyme,Lampa,Temuco,0.006,7300,2041,2095,1341,5477,1823,24.972602739726028
PYM-12906,2025-05-09,Pyme,Maipú,Temuco,0.017,7300,2073,2096,1353,5522,1778,24.356164383561644
PYM-11857,2025-07-16,Pyme,Maipú,Temuco,0.048,7300,1893,2097,1285,5275,2025,27.739726027397261
PYM-13871,2025-06-27,Pyme,Santiago,Temuco,0.018,7300,1929,2098,1251,5278,2022,27.698630136986303
PYM-12795,2025-06-27,Pyme,Lampa,Temuco,0.03,7300,2168,2099,1327,5594,1706,23.36986301369863
PYM-11734,2025-07-20,Pyme,Santiago,Temuco,0.02,7300,2163,2101,1325,5589,1711,23.43835616438356
PYM-12741,2025-04-17,Pyme,Providencia,Temuco,0.034,7300,2105,2101,1340,5546,1754,24.027397260273972
PYM-10284,2025-09-17,Pyme,Providencia,Temuco,0.009,7300,2149,2102,1329,5580,1720,23.56164383561644
PYM-12267,2025-12-18,Pyme,Maipú,Temuco,0.032,7300,2050,2102,1304,5456,1844,25.260273972602736
PYM-12119,2025-12-07,Pyme,Quilicura,Temuco,0.048,7300,2043,2105,1357,5505,1795,24.589041095890408
PYM-10588,2025-06-29,Pyme,Providencia,Temuco,0.038,7300,1957,2106,1255,5318,1982,27.150684931506845
PYM-12755,2025-03-03,Pyme,Quilicura,Temuco,0.039,7300,1861,2108,1344,5313,1987,27.219178082191782
PYM-10305,2025-04-09,Pyme,Quilicura,Temuco,0.014,7300,2148,2109,1333,5590,1710,23.424657534246577
PYM-12624,2025-08-01,Pyme,San Bernardo,Temuco,0.018,7300,1892,2111,1340,5343,1957,26.808219178082194
PYM-11022,2025-12-24,Pyme,Lampa,Temuco,0.044,7300,1884,2113,1315,5312,1988,27.232876712328768
PYM-10559,2025-11-03,Pyme,Maipú,Temuco,0.015,7300,1869,2114,1273,5256,2044,28.000000000000004
PYM-11470,2025-07-21,Pyme,San Bernardo,Temuco,0.041,7300,2035,2114,1297,5446,1854,25.397260273972606
PYM-10118,2025-12-22,Pyme,Providencia,Temuco,0.006,7300,1861,2116,1313,5290,2010,27.534246575342465
PYM-10490,2025-12-14,Pyme,Lampa,Temuco,0.04,7300,1819,2117,1290,5226,2074,28.410958904109592
PYM-11312,2025-07-22,Pyme,Quilicura,Temuco,0.046,7300,1885,2117,1292,5294,2006,27.479452054794525
PYM-10904,2025-10-14,Pyme,Santiago,Temuco,0.028,7300,1846,2118,1321,5285,2015,27.602739726027398
PYM-12460,2025-09-07,Pyme,Pudahuel,Temuco,0.034,7300,2009,2124,1286,5419,1881,25.767123287671232
PYM-10134,2025-01-11,Pyme,Pudahuel,Temuco,0.021,7300,1907,2126,1288,5321,1979,27.109589041095887
PYM-13460,2025-03-29,Pyme,Quilicura,Temuco,0.031,7300,2107,2127,1248,5482,1818,24.904109589041095
PYM-11670,2025-10-10,Pyme,Santiago,Temuco,0.032,7300,1852,2129,1335,5316,1984,27.178082191780824
PYM-13740,2025-10-28,Pyme,Maipú,Temuco,0.029,7300,1870,2131,1333,5334,1966,26.931506849315067
PYM-11324,2025-06-27,Pyme,Pudahuel,Temuco,0.017,7300,2055,2132,1359,5546,1754,24.027397260273972
PYM-12869,2025-07-25,Pyme,Pudahuel,Temuco,0.043,7300,1947,2135,1356,5438,1862,25.506849315068493
PYM-13830,2025-03-28,Pyme,Lampa,Temuco,0.045,7300,2089,2135,1283,5507,1793,24.56164383561644
PYM-10026,2025-12-12,Pyme,Quilicura,Temuco,0.021,7300,1869,2140,1285,5294,2006,27.479452054794525
PYM-12270,2025-07-04,Pyme,Santiago,Temuco,0.037,7300,1887,2140,1326,5353,1947,26.671232876712331
PYM-10084,2025-06-15,Pyme,Santiago,Temuco,0.023,7300,2009,2141,1338,5488,1812,24.82191780821918
PYM-10900,2025-08-25,Pyme,Pudahuel,Temuco,0.036,7300,1941,2146,1276,5363,1937,26.534246575342468
PYM-11662,2025-01-30,Pyme,Quilicura,Temuco,0.03,7300,1975,2147,1351,5473,1827,25.027397260273972
PYM-12772,2025-02-23,Pyme,Maipú,Temuco,0.048,7300,1924,2151,1261,5336,1964,26.9041095890411
PYM-12987,2025-08-11,Pyme,Santiago,Temuco,0.04,7300,1922,2157,1349,5428,1872,25.643835616438356
PYM-10462,2025-05-18,Pyme,Pudahuel,Temuco,0.042,7300,1913,2160,1286,5359,1941,26.589041095890408
PYM-13897,2025-02-13,Pyme,San Bernardo,Temuco,0.045,7300,1838,2161,1290,5289,2011,27.547945205479451
PYM-12213,2025-02-15,Pyme,Santiago,Temuco,0.034,7300,1817,2162,1286,5265,2035,27.876712328767123
PYM-12511,2025-11-26,Pyme,San Bernardo,Temuco,0.019,7300,2171,2162,1314,5647,1653,22.643835616438356
PYM-13564,2025-04-27,Pyme,Pudahuel,Temuco,0.02,7300,1997,2163,1281,5441,1859,25.465753424657535
PYM-11664,2025-09-04,Pyme,Lampa,Temuco,0.025,7300,2041,2166,1333,5540,1760,24.109589041095891
PYM-12675,2025-07-13,Pyme,Providencia,Temuco,0.021,7300,2089,2166,1348,5603,1697,23.246575342465754
PYM-11318,2025-08-05,Pyme,San Bernardo,Temuco,0.025,7300,1844,2176,1344,5364,1936,26.520547945205479
PYM-12684,2025-08-22,Pyme,Providencia,Temuco,0.038,7300,1931,2179,1248,5358,1942,26.602739726027398
PYM-13349,2025-11-10,Pyme,Santiago,Temuco,0.01,7300,2099,2183,1244,5526,1774,24.3013698630137
PYM-10773,2025-08-27,Pyme,Lampa,Temuco,0.019,7300,2000,2186,1328,5514,1786,24.465753424657535
PYM-11547,2025-06-24,Pyme,Maipú,Temuco,0.011,7300,1984,2186,1277,5447,1853,25.383561643835616
PYM-13257,2025-06-04,Pyme,San Bernardo,Temuco,0.043,7300,2057,2188,1273,5518,1782,24.410958904109588
PYM-10180,2025-10-15,Pyme,Pudahuel,Temuco,0.015,7300,1909,2194,1254,5357,1943,26.616438356164384
PYM-13844,2025-04-12,Pyme,San Bernardo,Temuco,0.037,7300,1939,2200,1281,5420,1880,25.753424657534246
PYM-10099,2025-06-01,Pyme,Lampa,Temuco,0.007,7300,1964,2201,1249,5414,1886,25.835616438356162
PYM-11167,2025-04-07,Pyme,Quilicura,Temuco,0.039,7300,1817,2203,1251,5271,2029,27.794520547945208
PYM-13755,2025-08-07,Pyme,Quilicura,Temuco,0.045,7300,2085,2203,1353,5641,1659,22.726027397260275
PYM-11654,2025-01-31,Pyme,Maipú,Temuco,0.015,7300,2164,2204,1258,5626,1674,22.93150684931507
PYM-12965,2025-04-27,Pyme,Lampa,Temuco,0.009,7500,1880,1998,1272,5150,2350,31.333333333333336
PYM-11388,2025-12-25,Pyme,Santiago,Temuco,0.029,7500,1995,1999,1324,5318,2182,29.093333333333334
PYM-12107,2025-03-05,Pyme,Quilicura,Temuco,0.031,7500,2179,2000,1253,5432,2068,27.573333333333334
PYM-13462,2025-08-30,Pyme,San Bernardo,Temuco,0.041,7500,2168,2000,1269,5437,2063,27.506666666666668
PYM-10419,2025-06-09,Pyme,Santiago,Temuco,0.022,7500,1836,2001,1242,5079,2421,32.28
PYM-12124,2025-09-09,Pyme,Lampa,Temuco,0.01,7500,2170,2001,1335,5506,1994,26.586666666666662
PYM-13762,2025-10-03,Pyme,Santiago,Temuco,0.008,7500,1819,2004,1340,5163,2337,31.16
PYM-12612,2025-11-04,Pyme,Providencia,Temuco,0.037,7500,1849,2007,1237,5093,2407,32.093333333333334
PYM-11325,2025-03-30,Pyme,San Bernardo,Temuco,0.029,7500,2028,2009,1250,5287,2213,29.506666666666664
PYM-13445,2025-01-12,Pyme,Santiago,Temuco,0.012,7500,1958,2009,1293,5260,2240,29.866666666666671
PYM-10889,2025-12-31,Pyme,Pudahuel,Temuco,0.009,7500,2105,2011,1293,5409,2091,27.88
PYM-12264,2025-07-13,Pyme,Maipú,Temuco,0.006,7500,1987,2011,1326,5324,2176,29.013333333333335
PYM-10044,2025-04-11,Pyme,Santiago,Temuco,0.017,7500,2049,2012,1241,5302,2198,29.306666666666665
PYM-10586,2025-09-11,Pyme,Quilicura,Temuco,0.015,7500,1903,2013,1246,5162,2338,31.173333333333332
PYM-10888,2025-03-10,Pyme,Maipú,Temuco,0.028,7500,2018,2013,1289,5320,2180,29.06666666666667
PYM-13142,2025-07-30,Pyme,San Bernardo,Temuco,0.04,7500,1958,2015,1268,5241,2259,30.12
PYM-10411,2025-08-28,Pyme,Quilicura,Temuco,0.043,7500,2063,2017,1317,5397,2103,28.04
PYM-11889,2025-04-11,Pyme,Pudahuel,Temuco,0.042,7500,2158,2017,1296,5471,2029,27.053333333333335
PYM-13457,2025-05-18,Pyme,Lampa,Temuco,0.043,7500,2010,2017,1261,5288,2212,29.493333333333332
PYM-12133,2025-01-27,Pyme,Lampa,Temuco,0.029,7500,1878,2019,1331,5228,2272,30.293333333333333
PYM-12694,2025-01-02,Pyme,Santiago,Temuco,0.039,7500,2024,2020,1262,5306,2194,29.25333333333333
PYM-13640,2025-05-08,Pyme,Maipú,Temuco,0.006,7500,1844,2022,1344,5210,2290,30.533333333333335
PYM-10795,2025-12-08,Pyme,Pudahuel,Temuco,0.009,7500,2145,2024,1308,5477,2023,26.973333333333333
PYM-12144,2025-01-13,Pyme,Providencia,Temuco,0.025,7500,1976,2024,1318,5318,2182,29.093333333333334
PYM-13090,2025-12-21,Pyme,Pudahuel,Temuco,0.043,7500,1943,2027,1244,5214,2286,30.48
PYM-10275,2025-07-22,Pyme,Maipú,Temuco,0.017,7500,1817,2029,1252,5098,2402,32.026666666666664
PYM-11339,2025-10-22,Pyme,Lampa,Temuco,0.04,7500,2094,2032,1342,5468,2032,27.093333333333337
PYM-11538,2025-06-24,Pyme,Lampa,Temuco,0.016,7500,1918,2035,1306,5259,2241,29.880000000000003
PYM-10011,2025-11-23,Pyme,Santiago,Temuco,0.014,7500,1805,2036,1327,5168,2332,31.093333333333334
PYM-13624,2025-03-15,Pyme,Providencia,Temuco,0.048,7500,2144,2037,1281,5462,2038,27.173333333333332
PYM-12746,2025-05-24,Pyme,San Bernardo,Temuco,0.038,7500,1835,2040,1336,5211,2289,30.520000000000003
PYM-11355,2025-01-24,Pyme,Providencia,Temuco,0.033,7500,1879,2043,1338,5260,2240,29.866666666666671
PYM-10800,2025-12-25,Pyme,Pudahuel,Temuco,0.029,7500,2193,2045,1323,5561,1939,25.853333333333335
PYM-12626,2025-03-24,Pyme,San Bernardo,Temuco,0.038,7500,2052,2045,1271,5368,2132,28.426666666666666
PYM-10259,2025-08-01,Pyme,San Bernardo,Temuco,0.048,7500,1948,2050,1318,5316,2184,29.12
PYM-10524,2025-07-11,Pyme,Maipú,Temuco,0.019,7500,2049,2052,1298,5399,2101,28.013333333333335
PYM-10634,2025-10-05,Pyme,Quilicura,Temuco,0.046,7500,2113,2053,1357,5523,1977,26.36
PYM-12850,2025-01-10,Pyme,Santiago,Temuco,0.039,7500,1965,2053,1316,5334,2166,28.88
PYM-10774,2025-03-21,Pyme,Santiago,Temuco,0.044,7500,2175,2056,1296,5527,1973,26.306666666666668
PYM-12103,2025-09-07,Pyme,Quilicura,Temuco,0.027,7500,2182,2057,1272,5511,1989,26.52
PYM-13922,2025-05-04,Pyme,San Bernardo,Temuco,0.029,7500,2146,2057,1325,5528,1972,26.293333333333337
PYM-13160,2025-08-01,Pyme,Santiago,Temuco,0.038,7500,1851,2060,1266,5177,2323,30.973333333333336
PYM-11005,2025-05-03,Pyme,Lampa,Temuco,0.048,7500,1933,2061,1335,5329,2171,28.946666666666665
PYM-10151,2025-11-11,Pyme,Lampa,Temuco,0.039,7500,2137,2062,1342,5541,1959,26.119999999999997
PYM-12156,2025-01-07,Pyme,Pudahuel,Temuco,0.035,7500,1887,2068,1237,5192,2308,30.773333333333337
PYM-12632,2025-08-03,Pyme,Quilicura,Temuco,0.013,7500,1870,2070,1319,5259,2241,29.880000000000003
PYM-12561,2025-04-09,Pyme,Maipú,Temuco,0.017,7500,2038,2071,1291,5400,2100,28.000000000000004
PYM-10757,2025-07-05,Pyme,Pudahuel,Temuco,0.046,7500,2185,2074,1313,5572,1928,25.706666666666667
PYM-11412,2025-11-10,Pyme,Lampa,Temuco,0.031,7500,2013,2074,1279,5366,2134,28.453333333333337
PYM-12872,2025-06-24,Pyme,Lampa,Temuco,0.045,7500,1906,2075,1316,5297,2203,29.373333333333335
PYM-13986,2025-08-17,Pyme,Providencia,Temuco,0.033,7500,2170,2075,1326,5571,1929,25.72
PYM-12805,2025-10-21,Pyme,San Bernardo,Temuco,0.034,7500,2121,2076,1261,5458,2042,27.226666666666667
PYM-10592,2025-04-26,Pyme,Lampa,Temuco,0.011,7500,2129,2078,1255,5462,2038,27.173333333333332
PYM-12039,2025-01-18,Pyme,Lampa,Temuco,0.022,7500,2189,2078,1312,5579,1921,25.613333333333333
PYM-12623,2025-09-23,Pyme,Providencia,Temuco,0.027,7500,2107,2079,1341,5527,1973,26.306666666666668
PYM-13744,2025-09-11,Pyme,Maipú,Temuco,0.023,7500,1864,2082,1287,5233,2267,30.226666666666667
PYM-10050,2025-07-23,Pyme,Pudahuel,Temuco,0.041,7500,1869,2086,1286,5241,2259,30.12
PYM-12709,2025-04-15,Pyme,San Bernardo,Temuco,0.04,7500,2069,2086,1268,5423,2077,27.693333333333332
PYM-10786,2025-08-25,Pyme,Quilicura,Temuco,0.023,7500,1861,2087,1301,5249,2251,30.013333333333332
PYM-13204,2025-10-08,Pyme,Providencia,Temuco,0.046,7500,1993,2089,1329,5411,2089,27.853333333333335
PYM-12759,2025-10-29,Pyme,San Bernardo,Temuco,0.05,7500,1856,2093,1281,5230,2270,30.266666666666666
PYM-10849,2025-08-31,Pyme,Santiago,Temuco,0.046,7500,1979,2097,1263,5339,2161,28.813333333333336
PYM-13305,2025-05-06,Pyme,Lampa,Temuco,0.014,7500,1865,2098,1288,5251,2249,29.986666666666668
PYM-13336,2025-06-10,Pyme,Providencia,Temuco,0.031,7500,1953,2098,1237,5288,2212,29.493333333333332
PYM-13264,2025-01-08,Pyme,Providencia,Temuco,0.047,7500,2165,2099,1252,5516,1984,26.453333333333333
PYM-11333,2025-05-18,Pyme,Quilicura,Temuco,0.01,7500,1922,2103,1284,5309,2191,29.213333333333335
PYM-11905,2025-01-10,Pyme,Santiago,Temuco,0.027,7500,1950,2106,1357,5413,2087,27.826666666666668
PYM-12153,2025-05-14,Pyme,Pudahuel,Temuco,0.032,7500,2127,2111,1298,5536,1964,26.186666666666667
PYM-11100,2025-08-29,Pyme,Maipú,Temuco,0.048,7500,2083,2112,1268,5463,2037,27.16
PYM-13742,2025-05-15,Pyme,Quilicura,Temuco,0.041,7500,2142,2116,1337,5595,1905,25.4
PYM-10125,2025-05-28,Pyme,Maipú,Temuco,0.029,7500,2000,2120,1243,5363,2137,28.493333333333332
PYM-13886,2025-03-03,Pyme,Providencia,Temuco,0.023,7500,2121,2123,1343,5587,1913,25.506666666666668
PYM-12316,2025-11-22,Pyme,Lampa,Temuco,0.047,7500,1915,2124,1306,5345,2155,28.733333333333334
PYM-12359,2025-01-23,Pyme,Pudahuel,Temuco,0.026,7500,1826,2124,1345,5295,2205,29.4
PYM-13480,2025-11-24,Pyme,Maipú,Temuco,0.046,7500,1975,2124,1246,5345,2155,28.733333333333334
PYM-13983,2025-12-05,Pyme,Quilicura,Temuco,0.038,7500,1928,2125,1312,5365,2135,28.466666666666669
PYM-13185,2025-09-28,Pyme,Lampa,Temuco,0.04,7500,2172,2126,1258,5556,1944,25.919999999999998
PYM-12841,2025-10-29,Pyme,Quilicura,Temuco,0.015,7500,2014,2127,1364,5505,1995,26.6
PYM-10263,2025-08-20,Pyme,San Bernardo,Temuco,0.027,7500,2158,2128,1314,5600,1900,25.333333333333336
PYM-12638,2025-08-25,Pyme,Providencia,Temuco,0.008,7500,2030,2129,1287,5446,2054,27.386666666666663
PYM-10129,2025-06-11,Pyme,Providencia,Temuco,0.049,7500,2086,2133,1238,5457,2043,27.24
PYM-10169,2025-02-09,Pyme,Quilicura,Temuco,0.038,7500,2118,2133,1345,5596,1904,25.38666666666667
PYM-10990,2025-01-22,Pyme,Pudahuel,Temuco,0.041,7500,2018,2133,1352,5503,1997,26.626666666666665
PYM-12767,2025-02-23,Pyme,Lampa,Temuco,0.026,7500,1931,2134,1364,5429,2071,27.613333333333333
PYM-13731,2025-09-07,Pyme,Providencia,Temuco,0.032,7500,2178,2137,1332,5647,1853,24.706666666666667
PYM-12806,2025-06-22,Pyme,Santiago,Temuco,0.012,7500,2090,2138,1252,5480,2020,26.93333333333333
PYM-12063,2025-11-26,Pyme,Quilicura,Temuco,0.017,7500,2020,2140,1323,5483,2017,26.893333333333334
PYM-13180,2025-08-12,Pyme,Providencia,Temuco,0.044,7500,2138,2143,1341,5622,1878,25.040000000000003
PYM-10458,2025-12-07,Pyme,Lampa,Temuco,0.044,7500,1973,2146,1236,5355,2145,28.599999999999998
PYM-12620,2025-06-15,Pyme,Maipú,Temuco,0.021,7500,2178,2147,1329,5654,1846,24.613333333333333
PYM-10589,2025-04-16,Pyme,San Bernardo,Temuco,0.039,7500,2018,2149,1280,5447,2053,27.373333333333331
PYM-10984,2025-08-01,Pyme,Providencia,Temuco,0.019,7500,1932,2151,1254,5337,2163,28.84
PYM-11676,2025-08-03,Pyme,Lampa,Temuco,0.049,7500,2035,2156,1290,5481,2019,26.919999999999998
PYM-11644,2025-03-31,Pyme,Pudahuel,Temuco,0.01,7500,1886,2157,1237,5280,2220,29.599999999999998
PYM-10683,2025-02-23,Pyme,Lampa,Temuco,0.042,7500,1915,2159,1339,5413,2087,27.826666666666668
PYM-10373,2025-10-04,Pyme,Providencia,Temuco,0.018,7500,2011,2161,1363,5535,1965,26.200000000000003
PYM-12897,2025-01-12,Pyme,San Bernardo,Temuco,0.041,7500,1982,2163,1272,5417,2083,27.773333333333333
PYM-13468,2025-01-12,Pyme,Santiago,Temuco,0.047,7500,2051,2165,1334,5550,1950,26
PYM-13885,2025-04-15,Pyme,San Bernardo,Temuco,0.022,7500,2008,2166,1345,5519,1981,26.413333333333334
PYM-12520,2025-10-29,Pyme,Maipú,Temuco,0.021,7500,1817,2167,1343,5327,2173,28.973333333333333
PYM-11121,2025-10-28,Pyme,Pudahuel,Temuco,0.032,7500,1876,2171,1329,5376,2124,28.32
PYM-11540,2025-12-16,Pyme,San Bernardo,Temuco,0.043,7500,2098,2172,1283,5553,1947,25.96
PYM-13982,2025-01-25,Pyme,Pudahuel,Temuco,0.038,7500,2085,2176,1320,5581,1919,25.58666666666667
PYM-11555,2025-03-26,Pyme,Maipú,Temuco,0.031,7500,2085,2177,1240,5502,1998,26.640000000000004
PYM-10427,2025-06-13,Pyme,Pudahuel,Temuco,0.021,7500,1860,2178,1305,5343,2157,28.76
PYM-12515,2025-06-24,Pyme,Santiago,Temuco,0.01,7500,2087,2179,1318,5584,1916,25.546666666666667
PYM-10375,2025-02-06,Pyme,San Bernardo,Temuco,0.04,7500,2123,2180,1326,5629,1871,24.946666666666665
PYM-10945,2025-03-05,Pyme,Quilicura,Temuco,0.031,7500,1823,2181,1277,5281,2219,29.586666666666666
PYM-10575,2025-01-06,Pyme,Pudahuel,Temuco,0.027,7500,1909,2184,1262,5355,2145,28.599999999999998
PYM-11059,2025-05-03,Pyme,San Bernardo,Temuco,0.026,7500,1910,2185,1341,5436,2064,27.52
PYM-11856,2025-02-22,Pyme,Quilicura,Temuco,0.046,7500,2136,2185,1244,5565,1935,25.8
PYM-11825,2025-08-07,Pyme,San Bernardo,Temuco,0.048,7500,1913,2186,1332,5431,2069,27.586666666666666
PYM-12665,2025-09-07,Pyme,Quilicura,Temuco,0.011,7500,2121,2186,1309,5616,1884,25.119999999999997
PYM-10838,2025-09-16,Pyme,Maipú,Temuco,0.015,7500,1997,2187,1262,5446,2054,27.386666666666663
PYM-13033,2025-07-27,Pyme,Pudahuel,Temuco,0.007,7500,2162,2187,1307,5656,1844,24.586666666666666
PYM-13178,2025-12-03,Pyme,Lampa,Temuco,0.044,7500,1870,2187,1249,5306,2194,29.25333333333333
PYM-13365,2025-02-01,Pyme,Quilicura,Temuco,0.025,7500,2074,2187,1305,5566,1934,25.786666666666669
PYM-11925,2025-05-09,Pyme,Lampa,Temuco,0.012,7500,2007,2189,1287,5483,2017,26.893333333333334
PYM-13138,2025-11-25,Pyme,San Bernardo,Temuco,0.012,7500,1949,2190,1348,5487,2013,26.840000000000003
PYM-10548,2025-07-03,Pyme,Quilicura,Temuco,0.009,7500,2133,2191,1259,5583,1917,25.56
PYM-10128,2025-08-10,Pyme,Maipú,Temuco,0.01,7500,2144,2193,1283,5620,1880,25.066666666666666
PYM-13707,2025-02-27,Pyme,Providencia,Temuco,0.017,7500,1991,2193,1307,5491,2009,26.786666666666665
PYM-10206,2025-09-23,Pyme,Providencia,Temuco,0.024,7500,2035,2194,1267,5496,2004,26.72
PYM-10966,2025-07-05,Pyme,Maipú,Temuco,0.049,7500,2007,2200,1325,5532,1968,26.240000000000002
PYM-11060,2025-02-20,Pyme,Quilicura,Temuco,0.021,7500,1990,2203,1335,5528,1972,26.293333333333337
PYM-11518,2025-04-26,Pyme,Santiago,Temuco,0.021,7500,2033,2204,1294,5531,1969,26.253333333333334
PYM-11568,2025-08-04,Pyme,Providencia,Puerto Montt,0.011,7500,1999,2376,1297,5672,1828,24.373333333333331
PYM-12609,2025-06-30,Pyme,Providencia,Puerto Montt,0.012,7500,2027,2379,1378,5784,1716,22.88
PYM-12465,2025-06-01,Pyme,Pudahuel,Puerto Montt,0.018,7500,2140,2388,1302,5830,1670,22.266666666666669
PYM-13026,2025-12-03,Pyme,Santiago,Puerto Montt,0.036,7500,1995,2391,1348,5734,1766,23.546666666666667
PYM-13101,2025-01-13,Pyme,San Bernardo,Puerto Montt,0.017,7500,2130,2392,1309,5831,1669,22.253333333333334
PYM-10472,2025-12-28,Pyme,Pudahuel,Puerto Montt,0.044,7500,2161,2394,1394,5949,1551,20.68
PYM-12649,2025-03-25,Pyme,Maipú,Puerto Montt,0.034,7500,1872,2399,1384,5655,1845,24.6
PYM-12875,2025-07-12,Pyme,Santiago,Puerto Montt,0.018,7500,1962,2399,1414,5775,1725,23
PYM-12154,2025-01-08,Pyme,Providencia,Puerto Montt,0.05,7500,1874,2400,1323,5597,1903,25.373333333333331
PYM-12355,2025-08-18,Pyme,Maipú,Puerto Montt,0.046,7500,2179,2403,1327,5909,1591,21.213333333333335
PYM-10975,2025-12-07,Pyme,Santiago,Puerto Montt,0.015,7500,2009,2404,1299,5712,1788,23.84
PYM-13417,2025-02-11,Pyme,San Bernardo,Puerto Montt,0.007,7500,1936,2419,1409,5764,1736,23.146666666666665
PYM-13593,2025-07-06,Pyme,Maipú,Puerto Montt,0.024,7500,1862,2421,1414,5697,1803,24.04
PYM-10224,2025-10-08,Pyme,Providencia,Puerto Montt,0.008,7500,1991,2423,1304,5718,1782,23.76
PYM-10016,2025-04-06,Pyme,Providencia,Puerto Montt,0.016,7500,2015,2425,1409,5849,1651,22.013333333333332
PYM-11789,2025-04-13,Pyme,Pudahuel,Puerto Montt,0.017,7500,2031,2426,1389,5846,1654,22.053333333333335
PYM-11481,2025-08-29,Pyme,Quilicura,Puerto Montt,0.045,7500,2183,2427,1324,5934,1566,20.880000000000003
PYM-13470,2025-08-11,Pyme,San Bernardo,Puerto Montt,0.039,7500,2034,2434,1361,5829,1671,22.28
PYM-11587,2025-12-05,Pyme,Maipú,Puerto Montt,0.044,7500,2006,2440,1380,5826,1674,22.32
PYM-12942,2025-04-29,Pyme,Providencia,Puerto Montt,0.023,7500,2180,2442,1384,6006,1494,19.919999999999998
PYM-13951,2025-02-07,Pyme,Quilicura,Puerto Montt,0.021,7500,2139,2443,1396,5978,1522,20.293333333333333
PYM-13378,2025-03-07,Pyme,Lampa,Puerto Montt,0.037,7500,2061,2448,1385,5894,1606,21.413333333333334
PYM-12360,2025-10-20,Pyme,Lampa,Puerto Montt,0.034,7500,2026,2451,1312,5789,1711,22.813333333333333
PYM-13464,2025-09-08,Pyme,Maipú,Puerto Montt,0.019,7500,2146,2452,1293,5891,1609,21.453333333333333
PYM-12332,2025-07-04,Pyme,Providencia,Puerto Montt,0.036,7500,1884,2466,1401,5751,1749,23.32
PYM-12050,2025-12-13,Pyme,Santiago,Puerto Montt,0.03,7500,1819,2467,1319,5605,1895,25.266666666666666
PYM-12554,2025-06-08,Pyme,San Bernardo,Puerto Montt,0.042,7500,1851,2467,1346,5664,1836,24.48
PYM-11567,2025-11-07,Pyme,San Bernardo,Puerto Montt,0.017,7500,1939,2472,1351,5762,1738,23.173333333333336
PYM-11156,2025-12-16,Pyme,Providencia,Puerto Montt,0.02,7500,1956,2476,1299,5731,1769,23.586666666666666
PYM-11695,2025-08-10,Pyme,San Bernardo,Puerto Montt,0.038,7500,1917,2478,1388,5783,1717,22.893333333333331
PYM-13258,2025-12-16,Pyme,Lampa,Puerto Montt,0.037,7500,1930,2478,1342,5750,1750,23.333333333333332
PYM-13481,2025-07-26,Pyme,Maipú,Puerto Montt,0.045,7500,2020,2478,1302,5800,1700,22.666666666666664
PYM-13082,2025-10-20,Pyme,Quilicura,Puerto Montt,0.016,7500,1891,2482,1400,5773,1727,23.026666666666667
PYM-12996,2025-04-30,Pyme,Pudahuel,Puerto Montt,0.02,7500,2165,2484,1323,5972,1528,20.373333333333331
PYM-12425,2025-05-30,Pyme,Lampa,Puerto Montt,0.016,7500,2039,2485,1363,5887,1613,21.506666666666664
PYM-12779,2025-12-15,Pyme,Providencia,Puerto Montt,0.011,7500,1911,2485,1403,5799,1701,22.68
PYM-13711,2025-10-29,Pyme,Providencia,Puerto Montt,0.038,7500,1832,2487,1373,5692,1808,24.106666666666669
PYM-12768,2025-03-26,Pyme,Santiago,Puerto Montt,0.005,7500,2072,2491,1298,5861,1639,21.853333333333332
PYM-10695,2025-11-21,Pyme,San Bernardo,Puerto Montt,0.021,7500,2028,2494,1398,5920,1580,21.066666666666666
PYM-13039,2025-12-18,Pyme,Quilicura,Puerto Montt,0.021,7500,1828,2495,1382,5705,1795,23.933333333333334
PYM-10136,2025-06-07,Pyme,Quilicura,Puerto Montt,0.041,7500,1993,2503,1382,5878,1622,21.626666666666665
PYM-10256,2025-03-04,Pyme,San Bernardo,Puerto Montt,0.025,7500,1941,2506,1347,5794,1706,22.746666666666666
PYM-12951,2025-11-30,Pyme,Providencia,Puerto Montt,0.024,7500,2179,2518,1385,6082,1418,18.906666666666666
PYM-13168,2025-12-11,Pyme,Pudahuel,Puerto Montt,0.018,7500,2106,2518,1317,5941,1559,20.786666666666669
PYM-12212,2025-07-22,Pyme,San Bernardo,Puerto Montt,0.03,7500,2175,2519,1314,6008,1492,19.893333333333331
PYM-12495,2025-11-01,Pyme,Lampa,Puerto Montt,0.044,7500,1946,2521,1320,5787,1713,22.84
PYM-10635,2025-09-14,Pyme,Lampa,Puerto Montt,0.049,7500,1957,2525,1390,5872,1628,21.706666666666667
PYM-13828,2025-06-25,Pyme,Lampa,Puerto Montt,0.007,7500,1970,2525,1359,5854,1646,21.946666666666665
PYM-13299,2025-03-26,Pyme,Santiago,Puerto Montt,0.045,7500,1909,2529,1291,5729,1771,23.613333333333333
PYM-13769,2025-09-20,Pyme,Pudahuel,Puerto Montt,0.045,7500,1941,2536,1339,5816,1684,22.453333333333333
PYM-11451,2025-06-06,Pyme,Providencia,Puerto Montt,0.031,7500,2108,2540,1337,5985,1515,20.200000000000003
PYM-10681,2025-01-06,Pyme,Pudahuel,Puerto Montt,0.036,7500,1821,2542,1313,5676,1824,24.32
PYM-12961,2025-08-11,Pyme,San Bernardo,Puerto Montt,0.046,7500,2165,2542,1341,6048,1452,19.36
PYM-13923,2025-03-03,Pyme,Providencia,Puerto Montt,0.01,7500,1978,2542,1384,5904,1596,21.279999999999998
PYM-11203,2025-07-10,Pyme,Quilicura,Puerto Montt,0.019,7500,1896,2543,1309,5748,1752,23.36
PYM-13847,2025-07-22,Pyme,San Bernardo,Puerto Montt,0.024,7500,1812,2548,1408,5768,1732,23.093333333333334
PYM-11991,2025-03-30,Pyme,Santiago,Puerto Montt,0.009,7500,2170,2550,1315,6035,1465,19.533333333333331
PYM-10549,2025-07-27,Pyme,Pudahuel,Puerto Montt,0.008,7500,1895,2552,1319,5766,1734,23.119999999999997
PYM-13451,2025-03-31,Pyme,Providencia,Puerto Montt,0.009,7500,2186,2553,1339,6078,1422,18.96
PYM-13771,2025-08-27,Pyme,Lampa,Puerto Montt,0.034,7500,1947,2558,1363,5868,1632,21.759999999999998
PYM-10058,2025-04-06,Pyme,Lampa,Puerto Montt,0.044,7500,2071,2559,1314,5944,1556,20.746666666666666
PYM-10036,2025-01-17,Pyme,Providencia,Puerto Montt,0.048,7500,2153,2561,1411,6125,1375,18.333333333333332
PYM-12502,2025-09-04,Pyme,Lampa,Puerto Montt,0.009,7500,2050,2571,1400,6021,1479,19.72
PYM-10424,2025-10-30,Pyme,Lampa,Puerto Montt,0.045,7500,2105,2580,1402,6087,1413,18.84
PYM-12258,2025-09-01,Pyme,Providencia,Puerto Montt,0.015,7500,1939,2582,1325,5846,1654,22.053333333333335
PYM-12380,2025-11-14,Pyme,Providencia,Puerto Montt,0.016,7500,1893,2582,1374,5849,1651,22.013333333333332
PYM-10483,2025-10-09,Pyme,Providencia,Puerto Montt,0.038,7500,2014,2584,1393,5991,1509,20.119999999999997
PYM-11847,2025-12-02,Pyme,Pudahuel,Puerto Montt,0.033,7500,1821,2585,1370,5776,1724,22.986666666666665
PYM-10182,2025-09-14,Pyme,Pudahuel,Puerto Montt,0.015,7500,1880,2592,1379,5851,1649,21.986666666666665
PYM-12219,2025-03-15,Pyme,Lampa,Puerto Montt,0.015,7500,1988,2592,1338,5918,1582,21.093333333333334
PYM-13274,2025-06-29,Pyme,San Bernardo,Puerto Montt,0.021,7500,2096,2594,1332,6022,1478,19.706666666666667
PYM-10516,2025-02-14,Pyme,Quilicura,Puerto Montt,0.014,7500,2120,2596,1299,6015,1485,19.8
PYM-12061,2025-07-15,Pyme,Lampa,Puerto Montt,0.039,7500,1810,2599,1328,5737,1763,23.506666666666668
PYM-13961,2025-06-20,Pyme,San Bernardo,Puerto Montt,0.045,7500,2135,2601,1322,6058,1442,19.226666666666667
PYM-12411,2025-04-20,Pyme,San Bernardo,Puerto Montt,0.013,7500,2023,2606,1296,5925,1575,21
PYM-12791,2025-05-05,Pyme,Pudahuel,Puerto Montt,0.027,7500,1846,2612,1311,5769,1731,23.080000000000002
PYM-11982,2025-08-20,Pyme,Santiago,Puerto Montt,0.017,7500,1956,2614,1327,5897,1603,21.373333333333335
PYM-12349,2025-06-09,Pyme,San Bernardo,Puerto Montt,0.011,7500,1897,2614,1344,5855,1645,21.933333333333334
PYM-13235,2025-08-08,Pyme,Pudahuel,Puerto Montt,0.039,7500,2137,2614,1409,6160,1340,17.866666666666667
PYM-13777,2025-07-26,Pyme,Quilicura,Puerto Montt,0.031,7500,1834,2619,1382,5835,1665,22.2
PYM-11049,2025-10-21,Pyme,Lampa,Puerto Montt,0.005,7500,2199,2624,1308,6131,1369,18.253333333333334
PYM-13472,2025-10-25,Pyme,Santiago,Puerto Montt,0.05,7700,2056,2375,1413,5844,1856,24.103896103896105
PYM-11026,2025-02-02,Pyme,Santiago,Puerto Montt,0.012,7700,2152,2380,1384,5916,1784,23.168831168831169
PYM-12010,2025-04-10,Pyme,Maipú,Puerto Montt,0.041,7700,1998,2385,1403,5786,1914,24.857142857142858
PYM-10075,2025-07-16,Pyme,Lampa,Puerto Montt,0.009,7700,2146,2386,1286,5818,1882,24.441558441558442
PYM-11377,2025-05-26,Pyme,Quilicura,Puerto Montt,0.033,7700,1984,2393,1414,5791,1909,24.792207792207794
PYM-11787,2025-02-23,Pyme,Lampa,Puerto Montt,0.037,7700,2198,2394,1346,5938,1762,22.883116883116884
PYM-13004,2025-01-01,Pyme,Maipú,Puerto Montt,0.029,7700,2131,2394,1363,5888,1812,23.532467532467532
PYM-11118,2025-09-25,Pyme,Quilicura,Puerto Montt,0.007,7700,2093,2398,1410,5901,1799,23.363636363636363
PYM-12644,2025-06-11,Pyme,San Bernardo,Puerto Montt,0.023,7700,2182,2405,1298,5885,1815,23.571428571428569
PYM-12485,2025-07-26,Pyme,Providencia,Puerto Montt,0.04,7700,2088,2407,1362,5857,1843,23.935064935064933
PYM-10513,2025-01-20,Pyme,Maipú,Puerto Montt,0.034,7700,1960,2413,1359,5732,1968,25.558441558441558
PYM-11469,2025-09-06,Pyme,Lampa,Puerto Montt,0.029,7700,1900,2416,1329,5645,2055,26.688311688311689
PYM-10538,2025-10-13,Pyme,Lampa,Puerto Montt,0.022,7700,2131,2417,1286,5834,1866,24.233766233766232
PYM-10770,2025-01-28,Pyme,Pudahuel,Puerto Montt,0.015,7700,1989,2417,1330,5736,1964,25.506493506493506
PYM-13136,2025-12-03,Pyme,Pudahuel,Puerto Montt,0.047,7700,1985,2419,1401,5805,1895,24.61038961038961
PYM-12403,2025-10-17,Pyme,Santiago,Puerto Montt,0.017,7700,1868,2427,1354,5649,2051,26.636363636363637
PYM-12719,2025-04-06,Pyme,Santiago,Puerto Montt,0.015,7700,1868,2427,1385,5680,2020,26.233766233766232
PYM-10821,2025-03-05,Pyme,San Bernardo,Puerto Montt,0.006,7700,1829,2430,1337,5596,2104,27.324675324675322
PYM-13335,2025-04-21,Pyme,Santiago,Puerto Montt,0.042,7700,1889,2430,1344,5663,2037,26.454545454545453
PYM-13648,2025-10-18,Pyme,Maipú,Puerto Montt,0.007,7700,2104,2430,1342,5876,1824,23.688311688311689
PYM-10110,2025-06-02,Pyme,Santiago,Puerto Montt,0.022,7700,1826,2432,1355,5613,2087,27.1038961038961
PYM-11367,2025-10-06,Pyme,Lampa,Puerto Montt,0.015,7700,1930,2435,1305,5670,2030,26.36363636363636
PYM-11218,2025-06-29,Pyme,Lampa,Puerto Montt,0.049,7700,1881,2436,1416,5733,1967,25.545454545454543
PYM-11271,2025-01-30,Pyme,Pudahuel,Puerto Montt,0.027,7700,2074,2437,1368,5879,1821,23.649350649350652
PYM-11363,2025-07-01,Pyme,Quilicura,Puerto Montt,0.023,7700,1979,2439,1298,5716,1984,25.766233766233764
PYM-10759,2025-11-25,Pyme,Lampa,Puerto Montt,0.034,7700,2087,2442,1325,5854,1846,23.974025974025974
PYM-13503,2025-09-22,Pyme,San Bernardo,Puerto Montt,0.048,7700,2003,2444,1323,5770,1930,25.064935064935064
PYM-12398,2025-10-19,Pyme,Pudahuel,Puerto Montt,0.048,7700,2041,2450,1309,5800,1900,24.675324675324674
PYM-11283,2025-02-12,Pyme,Quilicura,Puerto Montt,0.023,7700,2034,2453,1294,5781,1919,24.922077922077925
PYM-11057,2025-08-11,Pyme,San Bernardo,Puerto Montt,0.017,7700,2003,2454,1381,5838,1862,24.181818181818183
PYM-13692,2025-07-08,Pyme,Providencia,Puerto Montt,0.01,7700,1915,2458,1388,5761,1939,25.181818181818183
PYM-13698,2025-12-15,Pyme,Pudahuel,Puerto Montt,0.044,7700,1914,2460,1397,5771,1929,25.051948051948052
PYM-12428,2025-04-30,Pyme,Providencia,Puerto Montt,0.042,7700,1865,2461,1393,5719,1981,25.727272727272727
PYM-11582,2025-12-13,Pyme,Santiago,Puerto Montt,0.039,7700,1897,2463,1410,5770,1930,25.064935064935064
PYM-10470,2025-05-09,Pyme,Providencia,Puerto Montt,0.025,7700,2014,2464,1330,5808,1892,24.571428571428573
PYM-10455,2025-05-30,Pyme,Quilicura,Puerto Montt,0.014,7700,2050,2468,1289,5807,1893,24.584415584415584
PYM-12017,2025-05-17,Pyme,Quilicura,Puerto Montt,0.041,7700,2023,2468,1402,5893,1807,23.467532467532468
PYM-11021,2025-06-14,Pyme,Quilicura,Puerto Montt,0.034,7700,1869,2469,1405,5743,1957,25.415584415584412
PYM-13626,2025-10-01,Pyme,Maipú,Puerto Montt,0.02,7700,1875,2470,1411,5756,1944,25.246753246753244
PYM-10972,2025-10-02,Pyme,Santiago,Puerto Montt,0.044,7700,2067,2477,1346,5890,1810,23.506493506493506
PYM-12194,2025-08-15,Pyme,Providencia,Puerto Montt,0.038,7700,1849,2479,1308,5636,2064,26.805194805194805
PYM-13831,2025-09-23,Pyme,Pudahuel,Puerto Montt,0.006,7700,2179,2479,1392,6050,1650,21.428571428571427
PYM-11085,2025-06-08,Pyme,Quilicura,Puerto Montt,0.023,7700,1939,2481,1299,5719,1981,25.727272727272727
PYM-10765,2025-11-29,Pyme,Lampa,Puerto Montt,0.035,7700,1839,2482,1367,5688,2012,26.129870129870131
PYM-11043,2025-09-14,Pyme,Pudahuel,Puerto Montt,0.047,7700,1913,2484,1368,5765,1935,25.129870129870131
PYM-11990,2025-09-03,Pyme,Quilicura,Puerto Montt,0.025,7700,1906,2486,1378,5770,1930,25.064935064935064
PYM-10784,2025-08-07,Pyme,San Bernardo,Puerto Montt,0.008,7700,2003,2488,1320,5811,1889,24.532467532467532
PYM-12992,2025-04-29,Pyme,Maipú,Puerto Montt,0.031,7700,1941,2491,1326,5758,1942,25.220779220779221
PYM-10869,2025-05-14,Pyme,Maipú,Puerto Montt,0.005,7700,2034,2498,1308,5840,1860,24.155844155844157
PYM-11165,2025-07-26,Pyme,Quilicura,Puerto Montt,0.027,7700,1860,2500,1390,5750,1950,25.324675324675322
PYM-12320,2025-07-16,Pyme,Providencia,Puerto Montt,0.009,7700,2038,2503,1287,5828,1872,24.311688311688311
PYM-12900,2025-12-20,Pyme,Santiago,Puerto Montt,0.019,7700,2157,2507,1347,6011,1689,21.935064935064936
PYM-13159,2025-03-28,Pyme,Providencia,Puerto Montt,0.049,7700,1837,2507,1321,5665,2035,26.428571428571431
PYM-13068,2025-04-15,Pyme,Providencia,Puerto Montt,0.008,7700,1883,2511,1389,5783,1917,24.896103896103895
PYM-10031,2025-04-22,Pyme,Maipú,Puerto Montt,0.049,7700,1864,2512,1375,5751,1949,25.311688311688314
PYM-10532,2025-09-03,Pyme,Pudahuel,Puerto Montt,0.032,7700,2187,2517,1301,6005,1695,22.012987012987011
PYM-12534,2025-05-27,Pyme,Pudahuel,Puerto Montt,0.045,7700,1868,2517,1330,5715,1985,25.779220779220779
PYM-11344,2025-04-26,Pyme,Providencia,Puerto Montt,0.042,7700,1951,2519,1389,5859,1841,23.90909090909091
PYM-12319,2025-06-25,Pyme,Maipú,Puerto Montt,0.01,7700,1817,2522,1356,5695,2005,26.038961038961041
PYM-12422,2025-05-19,Pyme,Lampa,Puerto Montt,0.016,7700,1906,2522,1302,5730,1970,25.584415584415581
PYM-12440,2025-02-13,Pyme,Maipú,Puerto Montt,0.046,7700,2100,2532,1325,5957,1743,22.636363636363637
PYM-12826,2025-08-17,Pyme,Pudahuel,Puerto Montt,0.045,7700,2176,2535,1327,6038,1662,21.584415584415584
PYM-13086,2025-09-04,Pyme,Santiago,Puerto Montt,0.04,7700,1953,2541,1306,5800,1900,24.675324675324674
PYM-13308,2025-11-05,Pyme,Pudahuel,Puerto Montt,0.031,7700,1978,2541,1395,5914,1786,23.194805194805195
PYM-12662,2025-05-19,Pyme,Lampa,Puerto Montt,0.025,7700,2031,2543,1366,5940,1760,22.857142857142858
PYM-12657,2025-04-21,Pyme,Santiago,Puerto Montt,0.006,7700,2096,2549,1408,6053,1647,21.38961038961039
PYM-12771,2025-12-21,Pyme,Santiago,Puerto Montt,0.013,7700,1935,2550,1396,5881,1819,23.623376623376625
PYM-11280,2025-10-02,Pyme,Quilicura,Puerto Montt,0.047,7700,2023,2551,1306,5880,1820,23.636363636363637
PYM-11870,2025-07-17,Pyme,Maipú,Puerto Montt,0.013,7700,2091,2561,1336,5988,1712,22.233766233766232
PYM-12936,2025-07-26,Pyme,Santiago,Puerto Montt,0.016,7700,2192,2561,1360,6113,1587,20.61038961038961
PYM-13615,2025-07-14,Pyme,Santiago,Puerto Montt,0.035,7700,2187,2561,1348,6096,1604,20.831168831168831
PYM-10501,2025-07-06,Pyme,Lampa,Puerto Montt,0.05,7700,1837,2562,1392,5791,1909,24.792207792207794
PYM-10916,2025-06-12,Pyme,Providencia,Puerto Montt,0.017,7700,1926,2572,1374,5872,1828,23.740259740259738
PYM-12818,2025-05-06,Pyme,Pudahuel,Puerto Montt,0.029,7700,2158,2573,1383,6114,1586,20.5974025974026
PYM-11358,2025-08-16,Pyme,Lampa,Puerto Montt,0.041,7700,1882,2582,1355,5819,1881,24.428571428571427
PYM-12995,2025-01-27,Pyme,Providencia,Puerto Montt,0.017,7700,2144,2584,1374,6102,1598,20.753246753246753
PYM-12859,2025-07-20,Pyme,Providencia,Puerto Montt,0.013,7700,1823,2588,1381,5792,1908,24.779220779220779
PYM-13479,2025-05-02,Pyme,Quilicura,Puerto Montt,0.046,7700,1912,2596,1293,5801,1899,24.662337662337663
PYM-12737,2025-10-30,Pyme,Quilicura,Puerto Montt,0.014,7700,1864,2598,1322,5784,1916,24.88311688311688
PYM-11541,2025-03-09,Pyme,Providencia,Puerto Montt,0.05,7700,1988,2601,1331,5920,1780,23.116883116883116
PYM-11621,2025-05-17,Pyme,San Bernardo,Puerto Montt,0.021,7700,2075,2601,1300,5976,1724,22.38961038961039
PYM-12065,2025-07-14,Pyme,Providencia,Puerto Montt,0.027,7700,1914,2602,1350,5866,1834,23.81818181818182
PYM-10347,2025-07-21,Pyme,Pudahuel,Puerto Montt,0.032,7700,2054,2603,1365,6022,1678,21.792207792207794
PYM-13194,2025-10-18,Pyme,Pudahuel,Puerto Montt,0.016,7700,2067,2603,1303,5973,1727,22.428571428571427
PYM-12470,2025-03-25,Pyme,San Bernardo,Puerto Montt,0.019,7700,2143,2604,1350,6097,1603,20.81818181818182
PYM-10407,2025-07-07,Pyme,Santiago,Puerto Montt,0.037,7700,2076,2607,1349,6032,1668,21.662337662337663
PYM-12628,2025-04-19,Pyme,San Bernardo,Puerto Montt,0.016,7700,2188,2610,1318,6116,1584,20.571428571428569
PYM-13737,2025-03-29,Pyme,Providencia,Puerto Montt,0.027,7700,1976,2610,1340,5926,1774,23.038961038961041
PYM-11072,2025-11-02,Pyme,Maipú,Puerto Montt,0.019,7700,1901,2620,1415,5936,1764,22.90909090909091
PYM-10313,2025-09-03,Pyme,Quilicura,Puerto Montt,0.041,7700,1927,2622,1348,5897,1803,23.415584415584416
PYM-12919,2025-03-07,Pyme,Lampa,Puerto Montt,0.02,7700,1809,2622,1378,5809,1891,24.558441558441558
PYM-10245,2025-06-03,Pyme,Providencia,Puerto Montt,0.012,7700,1998,2623,1397,6018,1682,21.844155844155843
PYM-12135,2025-06-06,Pyme,Lampa,Puerto Montt,0.007,7700,2155,2623,1294,6072,1628,21.142857142857142
PYM-10171,2025-01-07,Pyme,San Bernardo,Puerto Montt,0.044,7900,2151,2376,1393,5920,1980,25.063291139240505
PYM-12583,2025-11-09,Pyme,Maipú,Puerto Montt,0.005,7900,1801,2377,1333,5511,2389,30.240506329113927
PYM-10608,2025-05-03,Pyme,Quilicura,Puerto Montt,0.02,7900,2037,2379,1380,5796,2104,26.632911392405063
PYM-12955,2025-03-02,Pyme,Lampa,Puerto Montt,0.038,7900,1876,2381,1410,5667,2233,28.265822784810123
PYM-12271,2025-09-12,Pyme,Santiago,Puerto Montt,0.035,7900,2086,2383,1332,5801,2099,26.569620253164555
PYM-10891,2025-06-18,Pyme,Pudahuel,Puerto Montt,0.011,7900,1967,2386,1321,5674,2226,28.177215189873415
PYM-11442,2025-05-20,Pyme,Lampa,Puerto Montt,0.045,7900,2128,2386,1384,5898,2002,25.341772151898734
PYM-10776,2025-11-08,Pyme,Providencia,Puerto Montt,0.014,7900,1863,2390,1393,5646,2254,28.531645569620252
PYM-12088,2025-02-25,Pyme,Santiago,Puerto Montt,0.005,7900,1963,2417,1384,5764,2136,27.037974683544302
PYM-13206,2025-06-14,Pyme,Lampa,Puerto Montt,0.005,7900,1932,2418,1386,5736,2164,27.392405063291143
PYM-11845,2025-09-15,Pyme,Maipú,Puerto Montt,0.015,7900,2182,2425,1399,6006,1894,23.974683544303797
PYM-11659,2025-03-08,Pyme,Maipú,Puerto Montt,0.013,7900,2067,2432,1325,5824,2076,26.278481012658229
PYM-12431,2025-08-19,Pyme,Quilicura,Puerto Montt,0.031,7900,2091,2434,1328,5853,2047,25.911392405063292
PYM-11464,2025-03-19,Pyme,Maipú,Puerto Montt,0.022,7900,1973,2444,1399,5816,2084,26.379746835443036
PYM-13562,2025-01-29,Pyme,Santiago,Puerto Montt,0.025,7900,1805,2449,1416,5670,2230,28.227848101265824
PYM-11946,2025-03-27,Pyme,Santiago,Puerto Montt,0.048,7900,1972,2451,1331,5754,2146,27.164556962025316
PYM-13230,2025-09-25,Pyme,Lampa,Puerto Montt,0.033,7900,1816,2453,1411,5680,2220,28.101265822784811
PYM-10572,2025-02-14,Pyme,Pudahuel,Puerto Montt,0.047,7900,1951,2454,1321,5726,2174,27.518987341772149
PYM-11822,2025-01-12,Pyme,Santiago,Puerto Montt,0.046,7900,1901,2456,1355,5712,2188,27.696202531645568
PYM-13890,2025-04-05,Pyme,Lampa,Puerto Montt,0.01,7900,1831,2456,1343,5630,2270,28.73417721518987
PYM-11107,2025-03-10,Pyme,Quilicura,Puerto Montt,0.047,7900,1958,2459,1359,5776,2124,26.88607594936709
PYM-13783,2025-03-24,Pyme,Lampa,Puerto Montt,0.047,7900,2020,2459,1383,5862,2038,25.797468354430382
PYM-13302,2025-04-15,Pyme,Pudahuel,Puerto Montt,0.027,7900,1858,2466,1374,5698,2202,27.87341772151899
PYM-12670,2025-04-05,Pyme,Lampa,Puerto Montt,0.012,7900,1980,2471,1314,5765,2135,27.025316455696203
PYM-13166,2025-09-27,Pyme,Quilicura,Puerto Montt,0.009,7900,1893,2473,1355,5721,2179,27.582278481012658
PYM-10456,2025-10-28,Pyme,Providencia,Puerto Montt,0.029,7900,2183,2474,1395,6052,1848,23.39240506329114
PYM-12191,2025-08-13,Pyme,Maipú,Puerto Montt,0.019,7900,2037,2474,1395,5906,1994,25.240506329113927
PYM-12416,2025-12-04,Pyme,Maipú,Puerto Montt,0.022,7900,1901,2482,1290,5673,2227,28.189873417721518
PYM-12796,2025-08-29,Pyme,Lampa,Puerto Montt,0.039,7900,1813,2486,1374,5673,2227,28.189873417721518
PYM-13573,2025-04-22,Pyme,Pudahuel,Puerto Montt,0.031,7900,2168,2487,1308,5963,1937,24.518987341772153
PYM-10965,2025-01-26,Pyme,Lampa,Puerto Montt,0.044,7900,2155,2489,1364,6008,1892,23.949367088607595
PYM-12436,2025-09-27,Pyme,Pudahuel,Puerto Montt,0.019,7900,2120,2490,1290,5900,2000,25.316455696202532
PYM-12854,2025-10-17,Pyme,Lampa,Puerto Montt,0.006,7900,1943,2498,1291,5732,2168,27.443037974683541
PYM-11150,2025-11-12,Pyme,Lampa,Puerto Montt,0.027,7900,2140,2500,1374,6014,1886,23.87341772151899
PYM-13665,2025-03-20,Pyme,Pudahuel,Puerto Montt,0.017,7900,1978,2500,1318,5796,2104,26.632911392405063
PYM-13226,2025-03-13,Pyme,Santiago,Puerto Montt,0.022,7900,2089,2503,1297,5889,2011,25.455696202531648
PYM-13981,2025-06-18,Pyme,Maipú,Puerto Montt,0.006,7900,2176,2503,1413,6092,1808,22.886075949367086
PYM-12840,2025-11-12,Pyme,Pudahuel,Puerto Montt,0.006,7900,1992,2506,1301,5799,2101,26.594936708860761
PYM-11304,2025-03-11,Pyme,Lampa,Puerto Montt,0.019,7900,1954,2508,1396,5858,2042,25.848101265822788
PYM-10882,2025-03-10,Pyme,Santiago,Puerto Montt,0.013,7900,1859,2509,1360,5728,2172,27.49367088607595
PYM-12376,2025-02-22,Pyme,Pudahuel,Puerto Montt,0.018,7900,2147,2510,1326,5983,1917,24.265822784810126
PYM-13003,2025-05-26,Pyme,Pudahuel,Puerto Montt,0.012,7900,2149,2517,1334,6000,1900,24.050632911392405
PYM-13863,2025-05-25,Pyme,Quilicura,Puerto Montt,0.042,7900,1909,2517,1315,5741,2159,27.329113924050635
PYM-13107,2025-01-22,Pyme,Quilicura,Puerto Montt,0.011,7900,1986,2518,1356,5860,2040,25.822784810126581
PYM-10495,2025-04-04,Pyme,Maipú,Puerto Montt,0.028,7900,2023,2521,1300,5844,2056,26.025316455696203
PYM-13314,2025-02-27,Pyme,Lampa,Puerto Montt,0.044,7900,2108,2522,1319,5949,1951,24.696202531645568
PYM-10842,2025-01-07,Pyme,Santiago,Puerto Montt,0.01,7900,1882,2528,1312,5722,2178,27.569620253164555
PYM-12810,2025-11-20,Pyme,Maipú,Puerto Montt,0.03,7900,2099,2536,1346,5981,1919,24.291139240506329
PYM-13256,2025-07-16,Pyme,San Bernardo,Puerto Montt,0.026,7900,1889,2546,1379,5814,2086,26.405063291139243
PYM-13338,2025-11-19,Pyme,Santiago,Puerto Montt,0.012,7900,2051,2548,1336,5935,1965,24.873417721518987
PYM-11980,2025-05-03,Pyme,San Bernardo,Puerto Montt,0.039,7900,1914,2557,1319,5790,2110,26.708860759493668
PYM-12950,2025-03-17,Pyme,Santiago,Puerto Montt,0.026,7900,1918,2564,1372,5854,2046,25.898734177215189
PYM-10181,2025-04-02,Pyme,San Bernardo,Puerto Montt,0.024,7900,2185,2565,1342,6092,1808,22.886075949367086
PYM-10743,2025-03-26,Pyme,Maipú,Puerto Montt,0.031,7900,2169,2565,1362,6096,1804,22.835443037974684
PYM-12250,2025-09-19,Pyme,Quilicura,Puerto Montt,0.037,7900,1875,2577,1317,5769,2131,26.974683544303797
PYM-10426,2025-11-20,Pyme,Pudahuel,Puerto Montt,0.028,7900,1838,2581,1288,5707,2193,27.759493670886076
PYM-11276,2025-05-08,Pyme,Quilicura,Puerto Montt,0.028,7900,2041,2581,1339,5961,1939,24.544303797468352
PYM-11766,2025-04-24,Pyme,Pudahuel,Puerto Montt,0.022,7900,1863,2590,1342,5795,2105,26.645569620253163
PYM-10093,2025-01-07,Pyme,Quilicura,Puerto Montt,0.028,7900,1812,2591,1330,5733,2167,27.430379746835442
PYM-11917,2025-01-14,Pyme,Quilicura,Puerto Montt,0.047,7900,2077,2591,1331,5999,1901,24.063291139240505
PYM-11413,2025-10-16,Pyme,Pudahuel,Puerto Montt,0.027,7900,1924,2592,1303,5819,2081,26.341772151898734
PYM-11504,2025-09-30,Pyme,Lampa,Puerto Montt,0.02,7900,2139,2593,1305,6037,1863,23.582278481012658
PYM-11175,2025-07-27,Pyme,Pudahuel,Puerto Montt,0.05,7900,1815,2594,1325,5734,2166,27.417721518987342
PYM-10323,2025-05-22,Pyme,Providencia,Puerto Montt,0.039,7900,1823,2599,1370,5792,2108,26.683544303797468
PYM-12892,2025-02-15,Pyme,Santiago,Puerto Montt,0.02,7900,2133,2600,1359,6092,1808,22.886075949367086
PYM-13236,2025-06-24,Pyme,Lampa,Puerto Montt,0.041,7900,1819,2600,1347,5766,2134,27.012658227848103
PYM-13296,2025-07-24,Pyme,Quilicura,Puerto Montt,0.042,7900,1969,2602,1350,5921,1979,25.050632911392405
PYM-11311,2025-12-09,Pyme,Pudahuel,Puerto Montt,0.011,7900,1839,2604,1358,5801,2099,26.569620253164555
PYM-13725,2025-12-14,Pyme,San Bernardo,Puerto Montt,0.018,7900,1903,2606,1373,5882,2018,25.544303797468356
PYM-12491,2025-05-31,Pyme,Lampa,Puerto Montt,0.006,7900,2024,2609,1391,6024,1876,23.746835443037977
PYM-10920,2025-01-07,Pyme,Maipú,Puerto Montt,0.03,7900,1953,2618,1303,5874,2026,25.645569620253166
PYM-13432,2025-03-10,Pyme,Quilicura,Puerto Montt,0.018,7900,2063,2619,1297,5979,1921,24.316455696202532
PYM-12574,2025-04-08,Pyme,Quilicura,Puerto Montt,0.05,7900,2145,2621,1316,6082,1818,23.0126582278481
PYM-11380,2025-05-12,Pyme,San Bernardo,Puerto Montt,0.026,7900,1823,2624,1384,5831,2069,26.189873417721522
PYM-11626,2025-09-23,Pyme,San Bernardo,Puerto Montt,0.035,8100,2156,2382,1403,5941,2159,26.654320987654323
PYM-13275,2025-01-16,Pyme,San Bernardo,Puerto Montt,0.036,8100,1871,2394,1335,5600,2500,30.864197530864196
PYM-10905,2025-06-14,Pyme,Lampa,Puerto Montt,0.014,8100,1807,2400,1337,5544,2556,31.555555555555554
PYM-10591,2025-08-09,Pyme,Providencia,Puerto Montt,0.045,8100,1848,2402,1369,5619,2481,30.62962962962963
PYM-13043,2025-09-19,Pyme,Pudahuel,Puerto Montt,0.043,8100,1959,2405,1322,5686,2414,29.802469135802468
PYM-13152,2025-06-21,Pyme,Maipú,Puerto Montt,0.015,8100,2026,2412,1306,5744,2356,29.086419753086417
PYM-13622,2025-05-03,Pyme,Lampa,Puerto Montt,0.006,8100,1907,2413,1386,5706,2394,29.555555555555557
PYM-13552,2025-07-14,Pyme,Lampa,Puerto Montt,0.006,8100,2099,2415,1396,5910,2190,27.037037037037038
PYM-10535,2025-01-13,Pyme,San Bernardo,Puerto Montt,0.041,8100,1950,2433,1318,5701,2399,29.617283950617285
PYM-13555,2025-11-11,Pyme,Santiago,Puerto Montt,0.033,8100,1905,2435,1365,5705,2395,29.567901234567902
PYM-13563,2025-12-11,Pyme,Pudahuel,Puerto Montt,0.02,8100,2034,2435,1304,5773,2327,28.728395061728396
PYM-11293,2025-11-21,Pyme,Quilicura,Puerto Montt,0.037,8100,1878,2437,1305,5620,2480,30.617283950617285
PYM-11494,2025-09-13,Pyme,Maipú,Puerto Montt,0.048,8100,1808,2437,1402,5647,2453,30.283950617283949
PYM-12330,2025-11-23,Pyme,Maipú,Puerto Montt,0.028,8100,2073,2438,1335,5846,2254,27.827160493827158
PYM-12033,2025-09-30,Pyme,Pudahuel,Puerto Montt,0.015,8100,1942,2445,1317,5704,2396,29.58024691358025
PYM-10116,2025-01-11,Pyme,Maipú,Puerto Montt,0.031,8100,1969,2446,1365,5780,2320,28.641975308641975
PYM-13677,2025-11-10,Pyme,Providencia,Puerto Montt,0.044,8100,2019,2452,1350,5821,2279,28.1358024691358
PYM-11375,2025-11-18,Pyme,Providencia,Puerto Montt,0.023,8100,1905,2462,1378,5745,2355,29.074074074074076
PYM-13855,2025-11-07,Pyme,Providencia,Puerto Montt,0.04,8100,1935,2471,1392,5798,2302,28.419753086419753
PYM-11619,2025-10-15,Pyme,Pudahuel,Puerto Montt,0.009,8100,1877,2472,1410,5759,2341,28.901234567901234
PYM-11516,2025-02-14,Pyme,Santiago,Puerto Montt,0.009,8100,1988,2474,1324,5786,2314,28.5679012345679
PYM-13836,2025-01-13,Pyme,Lampa,Puerto Montt,0.027,8100,1947,2477,1387,5811,2289,28.259259259259263
PYM-13901,2025-08-20,Pyme,Santiago,Puerto Montt,0.009,8100,2050,2477,1308,5835,2265,27.962962962962962
PYM-10579,2025-07-21,Pyme,Quilicura,Puerto Montt,0.024,8100,2018,2479,1304,5801,2299,28.382716049382715
PYM-11501,2025-03-24,Pyme,Maipú,Puerto Montt,0.011,8100,1961,2486,1400,5847,2253,27.814814814814813
PYM-10796,2025-03-13,Pyme,Maipú,Puerto Montt,0.035,8100,1836,2489,1335,5660,2440,30.123456790123459
PYM-13541,2025-04-12,Pyme,Santiago,Puerto Montt,0.01,8100,2074,2491,1290,5855,2245,27.716049382716051
PYM-13752,2025-04-17,Pyme,Quilicura,Puerto Montt,0.023,8100,2039,2492,1327,5858,2242,27.679012345679009
PYM-10202,2025-01-08,Pyme,Providencia,Puerto Montt,0.013,8100,1949,2503,1338,5790,2310,28.518518518518519
PYM-13900,2025-01-22,Pyme,Maipú,Puerto Montt,0.015,8100,2126,2505,1363,5994,2106,26
PYM-13473,2025-08-21,Pyme,Maipú,Puerto Montt,0.01,8100,2055,2506,1355,5916,2184,26.962962962962962
PYM-10881,2025-06-17,Pyme,Pudahuel,Puerto Montt,0.042,8100,1886,2510,1413,5809,2291,28.283950617283949
PYM-12169,2025-09-20,Pyme,Pudahuel,Puerto Montt,0.013,8100,1804,2510,1359,5673,2427,29.962962962962962
PYM-12351,2025-11-17,Pyme,Maipú,Puerto Montt,0.047,8100,1965,2512,1322,5799,2301,28.407407407407408
PYM-10622,2025-09-20,Pyme,Quilicura,Puerto Montt,0.05,8100,2080,2514,1330,5924,2176,26.864197530864196
PYM-11879,2025-01-15,Pyme,San Bernardo,Puerto Montt,0.039,8100,1811,2515,1385,5711,2389,29.493827160493829
PYM-11002,2025-11-13,Pyme,Providencia,Puerto Montt,0.047,8100,2144,2516,1337,5997,2103,25.962962962962965
PYM-11720,2025-11-12,Pyme,Quilicura,Puerto Montt,0.015,8100,1942,2518,1394,5854,2246,27.728395061728396
PYM-12315,2025-06-02,Pyme,Maipú,Puerto Montt,0.019,8100,1880,2522,1304,5706,2394,29.555555555555557
PYM-13261,2025-02-17,Pyme,Santiago,Puerto Montt,0.017,8100,2038,2522,1364,5924,2176,26.864197530864196
PYM-10514,2025-08-18,Pyme,Pudahuel,Puerto Montt,0.031,8100,1837,2523,1377,5737,2363,29.172839506172838
PYM-10955,2025-11-14,Pyme,Quilicura,Puerto Montt,0.038,8100,2129,2536,1413,6078,2022,24.962962962962962
PYM-10095,2025-10-27,Pyme,Santiago,Puerto Montt,0.032,8100,1942,2537,1347,5826,2274,28.074074074074073
PYM-12068,2025-05-17,Pyme,Lampa,Puerto Montt,0.006,8100,1977,2547,1360,5884,2216,27.358024691358025
PYM-13809,2025-08-10,Pyme,Providencia,Puerto Montt,0.044,8100,1997,2549,1284,5830,2270,28.02469135802469
PYM-13279,2025-09-19,Pyme,Providencia,Puerto Montt,0.008,8100,1878,2551,1360,5789,2311,28.530864197530864
PYM-13384,2025-06-30,Pyme,San Bernardo,Puerto Montt,0.033,8100,1926,2552,1316,5794,2306,28.469135802469136
PYM-10047,2025-05-09,Pyme,Pudahuel,Puerto Montt,0.025,8100,2019,2553,1371,5943,2157,26.62962962962963
PYM-11457,2025-02-06,Pyme,Lampa,Puerto Montt,0.013,8100,1882,2553,1360,5795,2305,28.456790123456788
PYM-12667,2025-11-27,Pyme,Providencia,Puerto Montt,0.044,8100,2168,2553,1382,6103,1997,24.654320987654323
PYM-12831,2025-06-23,Pyme,Providencia,Puerto Montt,0.016,8100,2091,2554,1344,5989,2111,26.061728395061728
PYM-11077,2025-02-26,Pyme,Santiago,Puerto Montt,0.048,8100,2136,2555,1293,5984,2116,26.123456790123456
PYM-10725,2025-01-17,Pyme,Santiago,Puerto Montt,0.01,8100,2180,2559,1363,6102,1998,24.666666666666668
PYM-10956,2025-07-09,Pyme,Lampa,Puerto Montt,0.028,8100,2016,2562,1380,5958,2142,26.444444444444443
PYM-13182,2025-12-06,Pyme,Providencia,Puerto Montt,0.009,8100,1952,2562,1306,5820,2280,28.148148148148149
PYM-13959,2025-07-16,Pyme,Santiago,Puerto Montt,0.05,8100,2170,2567,1415,6152,1948,24.049382716049383
PYM-12201,2025-03-12,Pyme,Lampa,Puerto Montt,0.02,8100,1847,2570,1331,5748,2352,29.037037037037038
PYM-10262,2025-04-30,Pyme,Santiago,Puerto Montt,0.041,8100,1901,2585,1287,5773,2327,28.728395061728396
PYM-10533,2025-07-25,Pyme,Quilicura,Puerto Montt,0.045,8100,2022,2586,1389,5997,2103,25.962962962962965
PYM-10954,2025-12-30,Pyme,Maipú,Puerto Montt,0.017,8100,2080,2587,1330,5997,2103,25.962962962962965
PYM-11562,2025-05-16,Pyme,Providencia,Puerto Montt,0.046,8100,2061,2589,1321,5971,2129,26.283950617283953
PYM-11103,2025-11-30,Pyme,Santiago,Puerto Montt,0.022,8100,2022,2592,1395,6009,2091,25.814814814814813
PYM-12799,2025-10-05,Pyme,Pudahuel,Puerto Montt,0.024,8100,1819,2595,1328,5742,2358,29.111111111111111
PYM-12225,2025-12-02,Pyme,Maipú,Puerto Montt,0.029,8100,1872,2600,1305,5777,2323,28.679012345679013
PYM-11315,2025-12-27,Pyme,Maipú,Puerto Montt,0.029,8100,1946,2603,1387,5936,2164,26.716049382716051
PYM-10716,2025-06-18,Pyme,Santiago,Puerto Montt,0.045,8100,2078,2606,1393,6077,2023,24.975308641975307
PYM-12988,2025-02-25,Pyme,San Bernardo,Puerto Montt,0.022,8100,2117,2609,1387,6113,1987,24.530864197530864
PYM-13045,2025-12-12,Pyme,Pudahuel,Puerto Montt,0.009,8100,2179,2612,1409,6200,1900,23.456790123456788
PYM-12960,2025-06-18,Pyme,Quilicura,Puerto Montt,0.007,8100,2115,2623,1390,6128,1972,24.345679012345677
PYM-13603,2025-09-16,Pyme,Quilicura,Puerto Montt,0.017,8100,1928,2623,1329,5880,2220,27.407407407407408
PYM-11802,2025-01-03,Pyme,Quilicura,Antofagasta,0.034,8900,1851,3041,1424,6316,2584,29.033707865168541
PYM-12729,2025-07-30,Pyme,Lampa,Antofagasta,0.045,8900,2117,3048,1443,6608,2292,25.752808988764048
PYM-11751,2025-01-30,Pyme,Pudahuel,Antofagasta,0.023,8900,1987,3050,1363,6400,2500,28.08988764044944
PYM-11914,2025-08-08,Pyme,San Bernardo,Antofagasta,0.037,8900,2053,3056,1371,6480,2420,27.191011235955052
PYM-12372,2025-02-02,Pyme,Pudahuel,Antofagasta,0.025,8900,2075,3063,1358,6496,2404,27.011235955056179
PYM-10028,2025-09-09,Pyme,Pudahuel,Antofagasta,0.028,8900,1896,3069,1455,6420,2480,27.86516853932584
PYM-12141,2025-05-16,Pyme,Quilicura,Antofagasta,0.02,8900,2102,3073,1362,6537,2363,26.55056179775281
PYM-13625,2025-09-03,Pyme,San Bernardo,Antofagasta,0.015,8900,2012,3083,1422,6517,2383,26.775280898876403
PYM-13950,2025-09-04,Pyme,Santiago,Antofagasta,0.018,8900,2060,3090,1411,6561,2339,26.280898876404496
PYM-11425,2025-02-04,Pyme,Santiago,Antofagasta,0.019,8900,1914,3091,1364,6369,2531,28.438202247191015
PYM-13680,2025-04-05,Pyme,Providencia,Antofagasta,0.013,8900,2170,3097,1457,6724,2176,24.449438202247194
PYM-13363,2025-08-20,Pyme,Providencia,Antofagasta,0.036,8900,1881,3104,1427,6412,2488,27.95505617977528
PYM-11637,2025-01-23,Pyme,Santiago,Antofagasta,0.041,8900,1988,3107,1405,6500,2400,26.966292134831459
PYM-12393,2025-09-03,Pyme,Providencia,Antofagasta,0.008,8900,1905,3113,1385,6403,2497,28.0561797752809
PYM-12660,2025-07-09,Pyme,Quilicura,Antofagasta,0.042,8900,1809,3121,1373,6303,2597,29.17977528089888
PYM-12233,2025-06-29,Pyme,Pudahuel,Antofagasta,0.014,8900,1936,3125,1467,6528,2372,26.651685393258429
PYM-12925,2025-08-17,Pyme,Providencia,Antofagasta,0.008,8900,2158,3133,1405,6696,2204,24.764044943820224
PYM-10938,2025-12-28,Pyme,Maipú,Antofagasta,0.029,8900,2167,3139,1359,6665,2235,25.1123595505618
PYM-12972,2025-11-07,Pyme,Providencia,Antofagasta,0.042,8900,2132,3139,1338,6609,2291,25.741573033707866
PYM-10602,2025-10-10,Pyme,Santiago,Antofagasta,0.013,8900,2171,3146,1395,6712,2188,24.584269662921347
PYM-12343,2025-01-04,Pyme,Maipú,Antofagasta,0.028,8900,2149,3149,1375,6673,2227,25.022471910112358
PYM-13905,2025-05-22,Pyme,Providencia,Antofagasta,0.018,8900,1908,3151,1379,6438,2462,27.662921348314605
PYM-11189,2025-01-25,Pyme,Santiago,Antofagasta,0.036,8900,2109,3154,1355,6618,2282,25.640449438202246
PYM-11212,2025-09-23,Pyme,Providencia,Antofagasta,0.047,8900,2023,3161,1400,6584,2316,26.022471910112362
PYM-11719,2025-02-19,Pyme,San Bernardo,Antofagasta,0.05,8900,2125,3161,1405,6691,2209,24.820224719101127
PYM-13634,2025-08-30,Pyme,San Bernardo,Antofagasta,0.038,8900,2170,3163,1343,6676,2224,24.988764044943821
PYM-11523,2025-12-12,Pyme,Providencia,Antofagasta,0.018,8900,1877,3164,1461,6502,2398,26.9438202247191
PYM-12278,2025-03-22,Pyme,Santiago,Antofagasta,0.032,8900,2147,3165,1381,6693,2207,24.797752808988761
PYM-13034,2025-01-07,Pyme,Pudahuel,Antofagasta,0.016,8900,2109,3169,1425,6703,2197,24.685393258426966
PYM-11195,2025-09-11,Pyme,San Bernardo,Antofagasta,0.029,8900,2165,3170,1434,6769,2131,23.9438202247191
PYM-12815,2025-03-13,Pyme,Maipú,Antofagasta,0.035,8900,1875,3171,1346,6392,2508,28.179775280898877
PYM-13588,2025-12-09,Pyme,Pudahuel,Antofagasta,0.047,8900,2018,3177,1351,6546,2354,26.449438202247187
PYM-13329,2025-05-01,Pyme,Maipú,Antofagasta,0.044,8900,2052,3179,1393,6624,2276,25.573033707865168
PYM-10001,2025-04-13,Pyme,Providencia,Antofagasta,0.038,8900,2038,3182,1343,6563,2337,26.258426966292138
PYM-13642,2025-11-24,Pyme,Quilicura,Antofagasta,0.022,8900,1925,3184,1449,6558,2342,26.314606741573034
PYM-13067,2025-05-20,Pyme,Providencia,Antofagasta,0.013,8900,1946,3185,1429,6560,2340,26.292134831460672
PYM-10270,2025-05-20,Pyme,Quilicura,Antofagasta,0.032,8900,2168,3206,1416,6790,2110,23.707865168539328
PYM-13724,2025-05-05,Pyme,Maipú,Antofagasta,0.039,8900,1950,3213,1362,6525,2375,26.685393258426966
PYM-12834,2025-09-18,Pyme,Lampa,Antofagasta,0.029,8900,2058,3220,1382,6660,2240,25.168539325842698
PYM-11045,2025-01-23,Pyme,Providencia,Antofagasta,0.015,8900,1873,3223,1419,6515,2385,26.797752808988761
PYM-13021,2025-09-02,Pyme,San Bernardo,Antofagasta,0.01,8900,1815,3233,1426,6474,2426,27.258426966292138
PYM-10833,2025-09-06,Pyme,Lampa,Antofagasta,0.048,8900,2094,3240,1411,6745,2155,24.213483146067418
PYM-13158,2025-08-26,Pyme,San Bernardo,Antofagasta,0.029,8900,1861,3241,1332,6434,2466,27.707865168539325
PYM-12128,2025-05-18,Pyme,Lampa,Antofagasta,0.029,8900,1997,3242,1355,6594,2306,25.910112359550563
PYM-12692,2025-02-17,Pyme,Maipú,Antofagasta,0.006,8900,1841,3269,1371,6481,2419,27.179775280898877
PYM-11010,2025-04-27,Pyme,Quilicura,Antofagasta,0.046,8900,2087,3278,1402,6767,2133,23.966292134831459
PYM-12446,2025-05-22,Pyme,Pudahuel,Antofagasta,0.038,8900,2158,3278,1344,6780,2120,23.820224719101123
PYM-13586,2025-11-29,Pyme,Maipú,Antofagasta,0.019,8900,2012,3278,1387,6677,2223,24.977528089887642
PYM-10014,2025-08-15,Pyme,San Bernardo,Antofagasta,0.043,8900,2024,3286,1399,6709,2191,24.617977528089888
PYM-11548,2025-10-02,Pyme,Quilicura,Antofagasta,0.038,8900,2077,3286,1364,6727,2173,24.415730337078649
PYM-10558,2025-02-06,Pyme,Quilicura,Antofagasta,0.015,8900,2158,3290,1427,6875,2025,22.752808988764045
PYM-10010,2025-02-22,Pyme,Pudahuel,Antofagasta,0.032,8900,1856,3296,1340,6492,2408,27.056179775280896
PYM-13250,2025-12-29,Pyme,Santiago,Antofagasta,0.018,8900,1994,3296,1371,6661,2239,25.157303370786515
PYM-10960,2025-11-23,Pyme,Santiago,Antofagasta,0.043,8900,1833,3298,1438,6569,2331,26.19101123595506
PYM-11357,2025-05-17,Pyme,Maipú,Antofagasta,0.015,8900,2181,3300,1456,6937,1963,22.0561797752809
PYM-12365,2025-12-18,Pyme,Santiago,Antofagasta,0.041,8900,1814,3302,1344,6460,2440,27.415730337078653
PYM-10692,2025-02-07,Pyme,Maipú,Antofagasta,0.016,8900,1980,3318,1404,6702,2198,24.696629213483146
PYM-13784,2025-01-03,Pyme,Pudahuel,Antofagasta,0.028,8900,2068,3320,1469,6857,2043,22.955056179775283
PYM-11687,2025-03-25,Pyme,Santiago,Antofagasta,0.026,8900,2053,3323,1389,6765,2135,23.988764044943821
PYM-10326,2025-09-27,Pyme,Pudahuel,Antofagasta,0.011,8900,1916,3331,1435,6682,2218,24.921348314606742
PYM-11913,2025-07-10,Pyme,Quilicura,Antofagasta,0.045,8900,2001,3336,1444,6781,2119,23.808988764044944
PYM-10508,2025-02-20,Pyme,San Bernardo,Antofagasta,0.034,8900,1984,3340,1400,6724,2176,24.449438202247194
PYM-12593,2025-11-08,Pyme,Maipú,Antofagasta,0.034,8900,2143,3341,1406,6890,2010,22.584269662921351
PYM-13300,2025-03-23,Pyme,San Bernardo,Antofagasta,0.02,8900,1984,3347,1355,6686,2214,24.876404494382022
PYM-11846,2025-10-07,Pyme,Quilicura,Antofagasta,0.012,8900,1944,3356,1439,6739,2161,24.280898876404493
PYM-12249,2025-07-31,Pyme,Pudahuel,Antofagasta,0.049,9100,1975,3045,1469,6489,2611,28.692307692307693
PYM-11153,2025-11-21,Pyme,San Bernardo,Antofagasta,0.016,9100,1902,3046,1361,6309,2791,30.670329670329672
PYM-10022,2025-04-11,Pyme,Santiago,Antofagasta,0.017,9100,2001,3056,1369,6426,2674,29.384615384615387
PYM-11337,2025-12-16,Pyme,Providencia,Antofagasta,0.028,9100,1923,3075,1447,6445,2655,29.175824175824179
PYM-12079,2025-12-19,Pyme,San Bernardo,Antofagasta,0.023,9100,1926,3080,1397,6403,2697,29.637362637362635
PYM-13030,2025-05-03,Pyme,Lampa,Antofagasta,0.049,9100,1915,3080,1371,6366,2734,30.043956043956044
PYM-12279,2025-09-08,Pyme,Providencia,Antofagasta,0.045,9100,2144,3090,1401,6635,2465,27.087912087912088
PYM-10004,2025-06-19,Pyme,Providencia,Antofagasta,0.015,9100,2114,3103,1401,6618,2482,27.274725274725277
PYM-11233,2025-11-05,Pyme,Maipú,Antofagasta,0.043,9100,2019,3103,1374,6496,2604,28.615384615384613
PYM-10823,2025-06-08,Pyme,Providencia,Antofagasta,0.046,9100,2035,3108,1343,6486,2614,28.725274725274723
PYM-11194,2025-02-17,Pyme,Quilicura,Antofagasta,0.038,9100,1891,3116,1382,6389,2711,29.791208791208788
PYM-10841,2025-03-16,Pyme,Pudahuel,Antofagasta,0.046,9100,2025,3120,1458,6603,2497,27.439560439560438
PYM-12308,2025-07-04,Pyme,Maipú,Antofagasta,0.036,9100,2144,3121,1418,6683,2417,26.560439560439558
PYM-11091,2025-02-23,Pyme,Maipú,Antofagasta,0.03,9100,2047,3130,1455,6632,2468,27.12087912087912
PYM-12385,2025-01-11,Pyme,Maipú,Antofagasta,0.012,9100,2026,3135,1411,6572,2528,27.780219780219777
PYM-10457,2025-04-16,Pyme,Maipú,Antofagasta,0.01,9100,2097,3144,1454,6695,2405,26.428571428571431
PYM-11892,2025-10-27,Pyme,Santiago,Antofagasta,0.019,9100,1809,3160,1345,6314,2786,30.615384615384617
PYM-12285,2025-12-14,Pyme,Providencia,Antofagasta,0.013,9100,1835,3163,1343,6341,2759,30.318681318681318
PYM-11887,2025-10-17,Pyme,Maipú,Antofagasta,0.012,9100,2182,3172,1463,6817,2283,25.087912087912091
PYM-12026,2025-03-02,Pyme,Maipú,Antofagasta,0.041,9100,1854,3175,1348,6377,2723,29.923076923076923
PYM-13243,2025-10-09,Pyme,Quilicura,Antofagasta,0.034,9100,2050,3175,1367,6592,2508,27.560439560439558
PYM-12042,2025-01-03,Pyme,Providencia,Antofagasta,0.049,9100,1864,3176,1348,6388,2712,29.8021978021978
PYM-12901,2025-01-19,Pyme,Maipú,Antofagasta,0.01,9100,2122,3177,1428,6727,2373,26.076923076923077
PYM-12902,2025-07-26,Pyme,Quilicura,Antofagasta,0.033,9100,2073,3183,1450,6706,2394,26.30769230769231
PYM-13873,2025-06-21,Pyme,Quilicura,Antofagasta,0.034,9100,2172,3191,1418,6781,2319,25.483516483516482
PYM-10100,2025-11-18,Pyme,Providencia,Antofagasta,0.044,9100,2190,3197,1431,6818,2282,25.076923076923073
PYM-13286,2025-02-13,Pyme,Lampa,Antofagasta,0.009,9100,2080,3216,1421,6717,2383,26.186813186813186
PYM-11894,2025-07-25,Pyme,Pudahuel,Antofagasta,0.026,9100,2141,3222,1393,6756,2344,25.758241758241756
PYM-10226,2025-01-02,Pyme,Santiago,Antofagasta,0.042,9100,1872,3257,1355,6484,2616,28.747252747252748
PYM-10651,2025-03-09,Pyme,Maipú,Antofagasta,0.007,9100,2039,3273,1374,6686,2414,26.527472527472529
PYM-11397,2025-08-07,Pyme,Santiago,Antofagasta,0.008,9100,1807,3275,1398,6480,2620,28.791208791208788
PYM-10729,2025-06-03,Pyme,Quilicura,Antofagasta,0.041,9100,2049,3277,1442,6768,2332,25.626373626373628
PYM-13817,2025-11-27,Pyme,Maipú,Antofagasta,0.041,9100,1875,3286,1378,6539,2561,28.142857142857142
PYM-12067,2025-07-23,Pyme,Quilicura,Antofagasta,0.047,9100,1901,3287,1367,6555,2545,27.967032967032967
PYM-12410,2025-10-16,Pyme,Quilicura,Antofagasta,0.04,9100,1949,3290,1392,6631,2469,27.131868131868131
PYM-13452,2025-05-20,Pyme,Quilicura,Antofagasta,0.047,9100,2134,3290,1368,6792,2308,25.362637362637365
PYM-13996,2025-07-09,Pyme,San Bernardo,Antofagasta,0.044,9100,1831,3290,1459,6580,2520,27.692307692307693
PYM-11828,2025-03-06,Pyme,Pudahuel,Antofagasta,0.01,9100,2148,3304,1380,6832,2268,24.923076923076923
PYM-11902,2025-11-07,Pyme,Providencia,Antofagasta,0.022,9100,1970,3319,1385,6674,2426,26.659340659340657
PYM-12384,2025-04-06,Pyme,Quilicura,Antofagasta,0.027,9100,2139,3352,1352,6843,2257,24.802197802197803
PYM-13057,2025-03-03,Pyme,Maipú,Antofagasta,0.04,9300,1878,3050,1389,6317,2983,32.0752688172043
PYM-10071,2025-05-23,Pyme,Lampa,Antofagasta,0.036,9300,2160,3054,1369,6583,2717,29.215053763440864
PYM-13944,2025-09-09,Pyme,San Bernardo,Antofagasta,0.031,9300,1911,3058,1357,6326,2974,31.978494623655912
PYM-12477,2025-04-16,Pyme,Providencia,Antofagasta,0.023,9300,1974,3063,1399,6436,2864,30.795698924731184
PYM-11527,2025-10-08,Pyme,Pudahuel,Antofagasta,0.04,9300,2143,3080,1409,6632,2668,28.688172043010752
PYM-10506,2025-01-25,Pyme,Providencia,Antofagasta,0.039,9300,2070,3084,1411,6565,2735,29.408602150537632
PYM-11849,2025-12-27,Pyme,Providencia,Antofagasta,0.02,9300,1925,3087,1411,6423,2877,30.93548387096774
PYM-13637,2025-07-22,Pyme,Quilicura,Antofagasta,0.041,9300,1871,3095,1416,6382,2918,31.376344086021508
PYM-13006,2025-11-18,Pyme,Santiago,Antofagasta,0.011,9300,2174,3128,1376,6678,2622,28.193548387096772
PYM-11199,2025-04-22,Pyme,Pudahuel,Antofagasta,0.036,9300,2061,3130,1330,6521,2779,29.881720430107528
PYM-10805,2025-01-24,Pyme,Maipú,Antofagasta,0.048,9300,1977,3137,1430,6544,2756,29.634408602150536
PYM-10039,2025-04-24,Pyme,Lampa,Antofagasta,0.011,9300,1918,3143,1448,6509,2791,30.010752688172044
PYM-12751,2025-10-15,Pyme,Lampa,Antofagasta,0.038,9300,2139,3143,1391,6673,2627,28.247311827956988
PYM-12835,2025-06-20,Pyme,Quilicura,Antofagasta,0.026,9300,1808,3147,1451,6406,2894,31.118279569892472
PYM-10713,2025-04-07,Pyme,Lampa,Antofagasta,0.014,9300,2181,3152,1336,6669,2631,28.29032258064516
PYM-10177,2025-07-11,Pyme,Lampa,Antofagasta,0.039,9300,2037,3162,1339,6538,2762,29.698924731182796
PYM-13132,2025-02-10,Pyme,Lampa,Antofagasta,0.046,9300,2028,3185,1365,6578,2722,29.268817204301072
PYM-10365,2025-05-27,Pyme,Lampa,Antofagasta,0.046,9300,1941,3186,1335,6462,2838,30.516129032258064
PYM-11895,2025-06-28,Pyme,Santiago,Antofagasta,0.012,9300,1833,3205,1361,6399,2901,31.193548387096776
PYM-11506,2025-09-01,Pyme,San Bernardo,Antofagasta,0.035,9300,1893,3206,1354,6453,2847,30.612903225806456
PYM-13638,2025-03-31,Pyme,Santiago,Antofagasta,0.024,9300,2073,3207,1420,6700,2600,27.956989247311824
PYM-10702,2025-07-12,Pyme,Providencia,Antofagasta,0.044,9300,1906,3211,1450,6567,2733,29.387096774193548
PYM-13542,2025-10-28,Pyme,San Bernardo,Antofagasta,0.024,9300,1933,3211,1390,6534,2766,29.741935483870968
PYM-12971,2025-10-30,Pyme,Pudahuel,Antofagasta,0.03,9300,1956,3219,1403,6578,2722,29.268817204301072
PYM-11348,2025-06-16,Pyme,San Bernardo,Antofagasta,0.045,9300,1966,3232,1429,6627,2673,28.741935483870968
PYM-10890,2025-06-27,Pyme,San Bernardo,Antofagasta,0.046,9300,1893,3244,1362,6499,2801,30.118279569892476
PYM-11830,2025-08-30,Pyme,Pudahuel,Antofagasta,0.008,9300,2030,3259,1346,6635,2665,28.655913978494624
PYM-13119,2025-10-26,Pyme,San Bernardo,Antofagasta,0.017,9300,2059,3264,1354,6677,2623,28.204301075268816
PYM-13827,2025-02-17,Pyme,Lampa,Antofagasta,0.044,9300,2139,3274,1454,6867,2433,26.161290322580644
PYM-11174,2025-06-06,Pyme,Pudahuel,Antofagasta,0.008,9300,2077,3291,1445,6813,2487,26.741935483870964
PYM-13429,2025-04-18,Pyme,San Bernardo,Antofagasta,0.044,9300,1973,3293,1422,6688,2612,28.086021505376348
PYM-13146,2025-02-01,Pyme,Lampa,Antofagasta,0.032,9300,2082,3294,1437,6813,2487,26.741935483870964
PYM-13488,2025-09-24,Pyme,San Bernardo,Antofagasta,0.021,9300,2133,3305,1462,6900,2400,25.806451612903224
PYM-13617,2025-02-25,Pyme,Providencia,Antofagasta,0.034,9300,2182,3308,1461,6951,2349,25.258064516129032
PYM-11472,2025-03-16,Pyme,Pudahuel,Antofagasta,0.048,9300,2100,3309,1395,6804,2496,26.838709677419352
PYM-11232,2025-09-04,Pyme,Pudahuel,Antofagasta,0.039,9300,2092,3319,1343,6754,2546,27.376344086021504
PYM-11444,2025-10-23,Pyme,Maipú,Antofagasta,0.023,9300,1842,3329,1335,6506,2794,30.043010752688172
PYM-10412,2025-09-09,Pyme,Quilicura,Antofagasta,0.031,9300,1983,3334,1354,6671,2629,28.268817204301079
PYM-10915,2025-11-28,Pyme,Santiago,Antofagasta,0.032,9300,1961,3334,1421,6716,2584,27.784946236559136
PYM-13537,2025-07-03,Pyme,San Bernardo,Antofagasta,0.029,9300,2152,3334,1445,6931,2369,25.473118279569896
PYM-13700,2025-08-16,Pyme,Quilicura,Antofagasta,0.049,9300,1882,3337,1331,6550,2750,29.56989247311828
PYM-12035,2025-06-02,Pyme,Providencia,Antofagasta,0.011,9300,2140,3348,1411,6899,2401,25.817204301075268
PYM-13214,2025-05-30,Pyme,Santiago,Antofagasta,0.037,9500,2053,3049,1377,6479,3021,31.8
PYM-11569,2025-07-27,Pyme,Providencia,Antofagasta,0.034,9500,2085,3057,1398,6540,2960,31.157894736842106
PYM-12434,2025-01-26,Pyme,Quilicura,Antofagasta,0.028,9500,1884,3063,1416,6363,3137,33.021052631578947
PYM-11193,2025-02-11,Pyme,San Bernardo,Antofagasta,0.021,9500,1885,3073,1425,6383,3117,32.810526315789474
PYM-12003,2025-09-08,Pyme,Quilicura,Antofagasta,0.023,9500,1861,3082,1358,6301,3199,33.673684210526318
PYM-10878,2025-06-01,Pyme,Lampa,Antofagasta,0.044,9500,1858,3091,1440,6389,3111,32.747368421052627
PYM-12629,2025-02-15,Pyme,Pudahuel,Antofagasta,0.026,9500,1856,3091,1423,6370,3130,32.94736842105263
PYM-12763,2025-11-10,Pyme,Pudahuel,Antofagasta,0.041,9500,2193,3104,1350,6647,2853,30.03157894736842
PYM-10106,2025-11-14,Pyme,Providencia,Antofagasta,0.011,9500,2196,3105,1383,6684,2816,29.642105263157898
PYM-11919,2025-04-22,Pyme,Quilicura,Antofagasta,0.012,9500,2094,3109,1448,6651,2849,29.989473684210527
PYM-12769,2025-10-27,Pyme,Santiago,Antofagasta,0.033,9500,2108,3109,1361,6578,2922,30.757894736842108
PYM-11301,2025-12-30,Pyme,Lampa,Antofagasta,0.036,9500,1912,3110,1403,6425,3075,32.368421052631582
PYM-10866,2025-04-07,Pyme,Lampa,Antofagasta,0.022,9500,1884,3115,1417,6416,3084,32.463157894736845
PYM-13088,2025-11-14,Pyme,Quilicura,Antofagasta,0.022,9500,2078,3115,1375,6568,2932,30.863157894736844
PYM-11736,2025-06-04,Pyme,Lampa,Antofagasta,0.028,9500,1844,3116,1360,6320,3180,33.473684210526315
PYM-11994,2025-04-08,Pyme,Quilicura,Antofagasta,0.049,9500,1964,3117,1348,6429,3071,32.326315789473689
PYM-12523,2025-01-28,Pyme,San Bernardo,Antofagasta,0.009,9500,1969,3132,1404,6505,2995,31.526315789473685
PYM-13512,2025-07-14,Pyme,Pudahuel,Antofagasta,0.05,9500,1954,3137,1413,6504,2996,31.536842105263158
PYM-13548,2025-07-22,Pyme,Pudahuel,Antofagasta,0.041,9500,1864,3139,1401,6404,3096,32.589473684210525
PYM-11701,2025-11-01,Pyme,Santiago,Antofagasta,0.009,9500,2113,3152,1361,6626,2874,30.252631578947369
PYM-10710,2025-07-06,Pyme,Lampa,Antofagasta,0.032,9500,1915,3160,1385,6460,3040,32
PYM-13241,2025-09-27,Pyme,San Bernardo,Antofagasta,0.008,9500,2184,3175,1437,6796,2704,28.463157894736842
PYM-10253,2025-05-10,Pyme,Maipú,Antofagasta,0.008,9500,1918,3177,1353,6448,3052,32.126315789473686
PYM-11756,2025-08-22,Pyme,Lampa,Antofagasta,0.05,9500,1991,3177,1331,6499,3001,31.589473684210528
PYM-12881,2025-05-05,Pyme,Lampa,Antofagasta,0.037,9500,1924,3178,1365,6467,3033,31.926315789473687
PYM-12863,2025-11-17,Pyme,Providencia,Antofagasta,0.037,9500,1966,3183,1455,6604,2896,30.484210526315792
PYM-11690,2025-04-11,Pyme,Providencia,Antofagasta,0.01,9500,1892,3190,1408,6490,3010,31.684210526315788
PYM-12009,2025-10-16,Pyme,Providencia,Antofagasta,0.022,9500,1813,3194,1371,6378,3122,32.863157894736844
PYM-11206,2025-11-14,Pyme,Quilicura,Antofagasta,0.033,9500,2121,3195,1371,6687,2813,29.610526315789475
PYM-11219,2025-10-31,Pyme,Santiago,Antofagasta,0.033,9500,1884,3199,1396,6479,3021,31.8
PYM-13449,2025-01-06,Pyme,Quilicura,Antofagasta,0.013,9500,1953,3203,1454,6610,2890,30.421052631578949
PYM-11070,2025-08-05,Pyme,Lampa,Antofagasta,0.04,9500,1847,3210,1369,6426,3074,32.357894736842105
PYM-13105,2025-07-04,Pyme,San Bernardo,Antofagasta,0.027,9500,2082,3225,1468,6775,2725,28.684210526315791
PYM-12916,2025-10-16,Pyme,San Bernardo,Antofagasta,0.012,9500,1836,3227,1412,6475,3025,31.842105263157894
PYM-12899,2025-08-18,Pyme,Santiago,Antofagasta,0.026,9500,1962,3228,1356,6546,2954,31.094736842105263
PYM-12259,2025-12-22,Pyme,Santiago,Antofagasta,0.044,9500,1830,3233,1460,6523,2977,31.336842105263159
PYM-12503,2025-11-02,Pyme,Providencia,Antofagasta,0.026,9500,1992,3238,1341,6571,2929,30.831578947368421
PYM-12635,2025-09-15,Pyme,Quilicura,Antofagasta,0.016,9500,2044,3240,1452,6736,2764,29.094736842105263
PYM-13487,2025-09-25,Pyme,Santiago,Antofagasta,0.025,9500,1819,3240,1460,6519,2981,31.378947368421052
PYM-13925,2025-08-16,Pyme,Santiago,Antofagasta,0.038,9500,2056,3255,1393,6704,2796,29.431578947368418
PYM-13694,2025-05-06,Pyme,Lampa,Antofagasta,0.032,9500,1927,3272,1365,6564,2936,30.905263157894737
PYM-10336,2025-03-17,Pyme,San Bernardo,Antofagasta,0.017,9500,2040,3277,1400,6717,2783,29.294736842105262
PYM-12078,2025-01-24,Pyme,Lampa,Antofagasta,0.038,9500,1981,3279,1369,6629,2871,30.221052631578949
PYM-13495,2025-03-25,Pyme,Pudahuel,Antofagasta,0.032,9500,2100,3283,1431,6814,2686,28.273684210526319
PYM-10034,2025-06-07,Pyme,Maipú,Antofagasta,0.027,9500,2052,3294,1400,6746,2754,28.989473684210527
PYM-13434,2025-10-30,Pyme,Maipú,Antofagasta,0.032,9500,2025,3295,1348,6668,2832,29.810526315789478
PYM-11398,2025-05-12,Pyme,Santiago,Antofagasta,0.047,9500,1912,3307,1374,6593,2907,30.599999999999998
PYM-11392,2025-02-01,Pyme,Santiago,Antofagasta,0.006,9500,1914,3310,1390,6614,2886,30.378947368421056
PYM-13567,2025-08-05,Pyme,Pudahuel,Antofagasta,0.016,9500,2038,3314,1450,6802,2698,28.4
PYM-13019,2025-10-07,Pyme,Pudahuel,Antofagasta,0.034,9500,2167,3316,1439,6922,2578,27.13684210526316
PYM-12939,2025-02-05,Pyme,Lampa,Antofagasta,0.023,9500,2082,3318,1439,6839,2661,28.010526315789473
PYM-12868,2025-01-09,Pyme,Providencia,Antofagasta,0.027,9500,2015,3320,1347,6682,2818,29.663157894736841
PYM-11187,2025-01-10,Pyme,Quilicura,Antofagasta,0.049,9500,2176,3324,1344,6844,2656,27.957894736842103
PYM-13538,2025-07-17,Pyme,Providencia,Antofagasta,0.032,9500,2163,3324,1395,6882,2618,27.557894736842105
PYM-12389,2025-04-22,Pyme,Providencia,Antofagasta,0.016,9500,2142,3331,1392,6865,2635,27.736842105263161
PYM-10925,2025-09-15,Pyme,Providencia,Antofagasta,0.009,9500,2159,3341,1423,6923,2577,27.126315789473683
PYM-11958,2025-10-12,Pyme,Pudahuel,Antofagasta,0.044,9500,2056,3350,1349,6755,2745,28.89473684210526
PYM-13078,2025-09-15,Pyme,Santiago,Antofagasta,0.035,9500,1816,3350,1458,6624,2876,30.273684210526312
PYM-12687,2025-02-20,Pyme,Providencia,Antofagasta,0.011,9500,2049,3356,1444,6849,2651,27.905263157894737
RET-12422,2025-01-01,Retail,Lampa,Puerto Montt,5.476,62305,3706,26062,6548,36316,25989,41.712543134579889
RET-13145,2025-01-01,Retail,Lampa,Concepción,1.564,14302,1064,5230,1743,8037,6265,43.805062229058869
RET-13339,2025-01-02,Retail,Lampa,Puerto Montt,4.224,47926,2993,21256,4277,28526,19400,40.479071902516381
RET-13445,2025-01-02,Retail,Lampa,Antofagasta,3.859,50438,2648,22744,4540,29932,20506,40.655854712716604
RET-10056,2025-01-03,Retail,Lampa,Valparaíso,5.615,41352,3609,13158,6662,23429,17923,43.342522731669568
RET-10215,2025-01-03,Retail,Lampa,Rancagua,1.072,7637,653,2435,1288,4376,3261,42.700013094146918
RET-11272,2025-01-03,Retail,Lampa,La Serena,3.786,34418,2635,11798,4210,18643,15775,45.833575454703933
RET-11889,2025-01-03,Retail,Lampa,Temuco,2.267,23506,1380,9088,2564,13032,10474,44.558836041861653
RET-10156,2025-01-04,Retail,Lampa,Rancagua,1.22,8613,744,2774,1278,4796,3817,44.316730523627072
RET-11142,2025-01-04,Retail,Lampa,Puerto Montt,1.549,17988,985,7081,1853,9919,8069,44.857682899710923
RET-10033,2025-01-05,Retail,Lampa,Valparaíso,1.942,14422,1270,4558,2154,7982,6440,44.654000832062131
RET-13440,2025-01-05,Retail,Lampa,Concepción,2.958,27375,1860,10122,3233,15215,12160,44.420091324200911
RET-13462,2025-01-05,Retail,Lampa,Concepción,2.187,19975,1388,7512,2226,11126,8849,44.300375469336672
RET-12254,2025-01-06,Retail,Lampa,Rancagua,5.006,35392,3189,10598,5503,19290,16102,45.496157323688969
RET-11188,2025-01-07,Retail,Lampa,Valparaíso,2.266,17024,1348,5455,2394,9197,7827,45.976268796992478
RET-12063,2025-01-07,Retail,Lampa,Rancagua,1.653,11423,1167,3514,1899,6580,4843,42.396918497767658
RET-12507,2025-01-08,Retail,Lampa,Temuco,3.897,40917,2723,15742,4707,23172,17745,43.368282132121124
RET-12673,2025-01-08,Retail,Lampa,Concepción,5.716,52856,3535,19699,6765,29999,22857,43.243907976388677
RET-10291,2025-01-09,Retail,Lampa,Puerto Montt,2.63,29751,1610,12591,2770,16971,12780,42.956539275990721
RET-11942,2025-01-09,Retail,Lampa,Valparaíso,3.164,24007,2230,7890,3464,13584,10423,43.416503519806717
RET-10210,2025-01-10,Retail,Lampa,Valparaíso,5.445,40812,3822,13573,5486,22881,17931,43.935607174360477
RET-11671,2025-01-10,Retail,Lampa,Valparaíso,5.003,37156,3071,12244,5269,20584,16572,44.601141134675423
RET-12483,2025-01-10,Retail,Lampa,Valparaíso,5.266,39226,3639,13263,6187,23089,16137,41.138530566461021
RET-12046,2025-01-11,Retail,Lampa,Temuco,5.462,58271,3232,22075,6400,31707,26564,45.586998678587975
RET-11338,2025-01-12,Retail,Lampa,Puerto Montt,5.96,69264,4100,27773,6152,38025,31239,45.101351351351347
RET-13135,2025-01-13,Retail,Lampa,Temuco,3.273,33723,2121,13370,3461,18952,14771,43.800966699285354
RET-12504,2025-01-14,Retail,Lampa,Temuco,5.373,56209,3750,22882,5400,32032,24177,43.012684801366333
RET-12620,2025-01-14,Retail,Lampa,Valparaíso,3.115,23591,2175,7344,3165,12684,10907,46.233733203340257
RET-12947,2025-01-14,Retail,Lampa,Valparaíso,3.336,25340,2177,8019,3506,13702,11638,45.927387529597475
RET-13120,2025-01-15,Retail,Lampa,Rancagua,3.407,23731,2387,7698,3898,13983,9748,41.077072184063042
RET-11885,2025-01-16,Retail,Lampa,Antofagasta,3.053,38956,1927,17087,3226,22240,16716,42.909949686826167
RET-12520,2025-01-16,Retail,Lampa,Rancagua,5.219,36934,3685,11581,5649,20915,16019,43.371960794931496
RET-10100,2025-01-17,Retail,Lampa,Puerto Montt,4.85,55838,3216,23578,4936,31730,24108,43.174898814427451
RET-10455,2025-01-17,Retail,Lampa,La Serena,1.045,9251,649,3207,1240,5096,4155,44.9140633445033
RET-11253,2025-01-17,Retail,Lampa,Rancagua,4.763,33059,3349,10048,5646,19043,14016,42.39692670679694
RET-11478,2025-01-17,Retail,Lampa,Rancagua,3.065,21497,1853,6529,3347,11729,9768,45.438898450946645
RET-12984,2025-01-17,Retail,Lampa,Rancagua,4.055,28575,2583,9287,4059,15929,12646,44.255468066491687
RET-10058,2025-01-18,Retail,Lampa,Concepción,3.169,28970,1941,10886,3802,16629,12341,42.599240593717639
RET-10875,2025-01-18,Retail,Lampa,Valparaíso,1.684,12875,988,4216,1748,6952,5923,46.003883495145629
RET-12006,2025-01-18,Retail,Lampa,Puerto Montt,1.378,15791,887,6798,1440,9125,6666,42.213919321132295
RET-12464,2025-01-18,Retail,Lampa,Valparaíso,4.875,36925,2997,11865,4888,19750,17175,46.513202437373053
RET-13034,2025-01-18,Retail,Lampa,Valparaíso,4.326,32660,2670,9971,5047,17688,14972,45.8420085731782
RET-10643,2025-01-19,Retail,Lampa,Temuco,5.988,62114,3664,25931,6546,36141,25973,41.815049747238945
RET-11837,2025-01-19,Retail,Lampa,Valparaíso,1.152,8798,763,2656,1290,4709,4089,46.4764719254376
RET-11956,2025-01-19,Retail,Lampa,Antofagasta,2.508,33112,1604,14636,2837,19077,14035,42.38644600144962
RET-12421,2025-01-20,Retail,Lampa,La Serena,2.767,24746,1821,9227,2901,13949,10797,43.6312939464964
RET-11950,2025-01-21,Retail,Lampa,Temuco,1.954,20309,1376,8183,1988,11547,8762,43.143433945541389
RET-12494,2025-01-21,Retail,Lampa,Temuco,2.45,25847,1478,10620,2709,14807,11040,42.712887375710913
RET-13325,2025-01-21,Retail,Lampa,Valparaíso,3.202,24383,1974,7473,3623,13070,11313,46.397079932740027
RET-10968,2025-01-22,Retail,Lampa,Concepción,3.719,34040,2606,13014,3744,19364,14676,43.113983548766157
RET-11266,2025-01-23,Retail,Lampa,La Serena,5.424,49234,3786,17658,5422,26866,22368,45.432018523784379
RET-12280,2025-01-23,Retail,Lampa,Rancagua,5.774,40103,3833,13087,5885,22805,17298,43.133930129915463
RET-11024,2025-01-24,Retail,Lampa,Concepción,3.495,31782,2199,11971,3579,17749,14033,44.153923604556041
RET-11326,2025-01-24,Retail,Lampa,Rancagua,1.853,12824,1207,3948,1981,7136,5688,44.354335620711169
RET-12024,2025-01-24,Retail,Lampa,Rancagua,3.929,27183,2331,8977,4642,15950,11233,41.323621381010192
RET-13168,2025-01-24,Retail,Lampa,Rancagua,2.359,16229,1536,4977,2748,9261,6968,42.9354858586481
RET-10374,2025-01-25,Retail,Lampa,Concepción,3.52,31750,2178,11756,4144,18078,13672,43.061417322834643
RET-10789,2025-01-25,Retail,Lampa,Rancagua,1.599,11382,1073,3676,1788,6537,4845,42.567211386399578
RET-10206,2025-01-27,Retail,Lampa,Temuco,5.171,54344,3632,20942,5868,30442,23902,43.982776387457676
RET-11798,2025-01-27,Retail,Lampa,Temuco,3.708,38451,2176,15351,3962,21489,16962,44.113287040649141
RET-12833,2025-01-27,Retail,Lampa,Puerto Montt,5.116,58822,3284,24936,5890,34110,24712,42.011492298799766
RET-12297,2025-01-28,Retail,Lampa,Concepción,1.413,13149,978,4703,1449,7130,6019,45.775344132633663
RET-11728,2025-01-29,Retail,Lampa,Rancagua,4.951,34767,3128,10659,5514,19301,15466,44.484712514740991
RET-13149,2025-01-29,Retail,Lampa,Concepción,1.212,11345,861,4073,1332,6266,5079,44.7686205376818
RET-10204,2025-01-30,Retail,Lampa,Rancagua,5.016,34793,3469,11158,5377,20004,14789,42.50567642916679
RET-11117,2025-01-30,Retail,Lampa,Concepción,4.849,43834,2955,17187,4932,25074,18760,42.797828169913764
RET-13119,2025-01-30,Retail,Lampa,Temuco,5.924,62115,3799,24323,6733,34855,27260,43.886339853497546
RET-10633,2025-01-31,Retail,Lampa,Puerto Montt,2.202,25621,1345,10304,2288,13937,11684,45.603216111783304
RET-10675,2025-01-31,Retail,Lampa,Valparaíso,3.125,23902,1868,7786,3744,13398,10504,43.9461132959585
RET-11487,2025-01-31,Retail,Lampa,Valparaíso,3.414,25114,2337,7945,4030,14312,10802,43.0118658915346
RET-12356,2025-02-02,Retail,Lampa,Antofagasta,5.265,67538,3685,30389,5528,39602,27936,41.363380615357279
RET-12829,2025-02-02,Retail,Lampa,Temuco,1.33,14166,920,5362,1324,7606,6560,46.308061555837924
RET-11019,2025-02-04,Retail,Lampa,Valparaíso,1.687,12718,1178,3876,1877,6931,5787,45.50243749017141
RET-11320,2025-02-05,Retail,Lampa,Concepción,3.727,34955,2611,12897,3904,19412,15543,44.46574166785868
RET-13079,2025-02-05,Retail,Lampa,Valparaíso,2.974,22378,1939,7311,3413,12663,9715,43.41317365269461
RET-13054,2025-02-06,Retail,Lampa,La Serena,2.972,26551,2059,9514,3271,14844,11707,44.092501224059355
RET-11689,2025-02-07,Retail,Lampa,Concepción,3.3,30669,2264,11198,3322,16784,13885,45.273729172780328
RET-12897,2025-02-07,Retail,Lampa,Valparaíso,1.777,13306,1118,4369,1851,7338,5968,44.851946490305124
RET-10792,2025-02-08,Retail,Lampa,Temuco,5.096,53048,3071,20667,6131,29869,23179,43.694389986427382
RET-11869,2025-02-08,Retail,Lampa,Rancagua,2.217,15338,1369,4854,2225,8448,6890,44.921110966227666
RET-12346,2025-02-09,Retail,Lampa,Valparaíso,1.912,14166,1172,4366,2194,7732,6434,45.418607934491035
RET-10223,2025-02-12,Retail,Lampa,Temuco,2.099,22241,1324,8962,2134,12420,9821,44.157187176835571
RET-10688,2025-02-12,Retail,Lampa,Rancagua,3.301,23260,2004,6940,3644,12588,10672,45.88134135855546
RET-11600,2025-02-12,Retail,Lampa,La Serena,2.666,24287,1714,8107,3193,13014,11273,46.415777988224157
RET-13184,2025-02-12,Retail,Lampa,La Serena,3.152,28599,2005,10482,3460,15947,12652,44.239309066750586
RET-10152,2025-02-13,Retail,Lampa,Puerto Montt,3.457,39845,2417,17232,3823,23472,16373,41.091730455515119
RET-10663,2025-02-13,Retail,Lampa,Puerto Montt,4.249,48010,2665,20133,4656,27454,20556,42.8160799833368
RET-11882,2025-02-13,Retail,Lampa,La Serena,3.732,33118,2288,11687,4010,17985,15133,45.694184431427018
RET-11567,2025-02-14,Retail,Lampa,Rancagua,1.045,7253,613,2270,1049,3932,3321,45.787949813870121
RET-13469,2025-02-14,Retail,Lampa,La Serena,1.576,14209,1067,4838,1680,7585,6624,46.618340488422831
RET-13476,2025-02-15,Retail,Lampa,Temuco,2.065,21305,1275,8957,2311,12543,8762,41.126496127669562
RET-11800,2025-02-16,Retail,Lampa,Valparaíso,3.751,27710,2547,9261,4034,15842,11868,42.829303500541322
RET-12396,2025-02-16,Retail,Lampa,La Serena,2.349,21404,1493,7320,2613,11426,9978,46.617454681367967
RET-13048,2025-02-16,Retail,Lampa,Antofagasta,5.431,69978,3821,32193,5872,41886,28092,40.144045271371006
RET-11980,2025-02-17,Retail,Lampa,Rancagua,2.503,17716,1607,5391,2645,9643,8073,45.568977195755252
RET-12581,2025-02-17,Retail,Lampa,Concepción,3.265,30206,2030,11551,3426,17007,13199,43.696616566245119
RET-11832,2025-02-18,Retail,Lampa,Valparaíso,1.204,9085,803,2971,1336,5110,3975,43.753439735828287
RET-11038,2025-02-19,Retail,Lampa,Temuco,1.577,16304,997,6473,1630,9100,7204,44.185475956820412
RET-11140,2025-02-19,Retail,Lampa,Concepción,5.481,50771,3686,19206,6232,29124,21647,42.636544484055861
RET-12366,2025-02-19,Retail,Lampa,Puerto Montt,4.2,48952,2795,19790,4838,27423,21529,43.979816963556132
RET-12920,2025-02-19,Retail,Lampa,Temuco,3.415,36538,2276,14534,3486,20296,16242,44.452350977064974
RET-13429,2025-02-19,Retail,Lampa,Temuco,1.174,12399,695,4894,1284,6873,5526,44.568110331478344
RET-10177,2025-02-20,Retail,Lampa,La Serena,5.716,50792,4029,18690,6502,29221,21571,42.469286501811311
RET-10991,2025-02-20,Retail,Lampa,Rancagua,5.198,36988,3312,11805,5431,20548,16440,44.44684762625716
RET-13500,2025-02-20,Retail,Lampa,Valparaíso,3.834,28256,2698,9157,4008,15863,12393,43.859711211778027
RET-12734,2025-02-23,Retail,Lampa,La Serena,3.674,32674,2473,11191,3654,17318,15356,46.99761278080431
RET-13279,2025-02-23,Retail,Lampa,Antofagasta,4.756,60974,3140,28871,4809,36820,24154,39.613605799193095
RET-13281,2025-02-23,Retail,Lampa,Temuco,5.956,62759,4066,24696,7024,35786,26973,42.978696282604886
RET-10200,2025-02-24,Retail,Lampa,Temuco,3.933,41757,2714,17052,4370,24136,17621,42.198912757142516
RET-10880,2025-02-25,Retail,Lampa,La Serena,4.979,44192,3261,16357,6011,25629,18563,42.005340333091965
RET-11225,2025-02-25,Retail,Lampa,Concepción,5.179,47289,3118,16804,5860,25782,21507,45.4799213347713
RET-11758,2025-02-25,Retail,Lampa,Rancagua,1.038,7211,614,2279,1215,4108,3103,43.031479683816393
RET-13293,2025-02-25,Retail,Lampa,La Serena,2.828,25955,1816,8990,3322,14128,11827,45.567328067809669
RET-10605,2025-02-26,Retail,Lampa,La Serena,1.179,10578,700,3915,1316,5931,4647,43.930799773114011
RET-11857,2025-02-27,Retail,Lampa,Valparaíso,1.845,14099,1101,4472,2216,7789,6310,44.754947159373
RET-11992,2025-02-27,Retail,Lampa,Antofagasta,5.621,73963,3977,31170,6345,41492,32471,43.90168057001474
RET-10150,2025-02-28,Retail,Lampa,Concepción,5.365,50331,3214,18480,5708,27402,22929,45.556416522620253
RET-13446,2025-02-28,Retail,Lampa,Concepción,3.665,33571,2363,12268,3972,18603,14968,44.586101099162967
RET-10285,2025-03-01,Retail,Lampa,Puerto Montt,4.507,52015,2801,21345,4551,28697,23318,44.829376141497647
RET-10474,2025-03-01,Retail,Lampa,Concepción,1.597,14533,1119,5344,1862,8325,6208,42.716576068258441
RET-12378,2025-03-01,Retail,Lampa,La Serena,4.508,40375,2997,14525,4755,22277,18098,44.824767801857583
RET-13014,2025-03-01,Retail,Lampa,Puerto Montt,2.28,26477,1466,11228,2373,15067,11410,43.09400611851796
RET-11273,2025-03-02,Retail,Lampa,Puerto Montt,2.437,27581,1499,12218,2660,16377,11204,40.622167434103183
RET-11825,2025-03-02,Retail,Lampa,La Serena,2.641,23906,1822,8647,2972,13441,10465,43.775621182966617
RET-10712,2025-03-03,Retail,Lampa,Antofagasta,2.49,32265,1587,15048,2688,19323,12942,40.1115760111576
RET-12112,2025-03-03,Retail,Lampa,Puerto Montt,4.229,48187,2685,19791,4312,26788,21399,44.408242887085727
RET-12502,2025-03-04,Retail,Lampa,Antofagasta,2.7,35281,1820,15091,3161,20072,15209,43.10818854340863
RET-10568,2025-03-05,Retail,Lampa,Concepción,4.93,45900,3429,16370,5825,25624,20276,44.174291938997825
RET-10670,2025-03-05,Retail,Lampa,Puerto Montt,2.701,31252,1916,13539,3234,18689,12563,40.199027262255214
RET-10700,2025-03-05,Retail,Lampa,La Serena,4.502,39897,2871,13962,4791,21624,18273,45.800436123016766
RET-11043,2025-03-05,Retail,Lampa,Temuco,5.768,60145,3730,24724,6846,35300,24845,41.308504447585
RET-11198,2025-03-05,Retail,Lampa,Concepción,5.064,46305,3497,17157,5126,25780,20525,44.325666774646365
RET-12534,2025-03-05,Retail,Lampa,Rancagua,3.306,22680,2260,7454,3674,13388,9292,40.970017636684304
RET-12907,2025-03-06,Retail,Lampa,Concepción,5.296,48082,3156,17177,5280,25613,22469,46.730585250197585
RET-10936,2025-03-07,Retail,Lampa,La Serena,3.949,35510,2588,12015,3993,18596,16914,47.631653055477329
RET-13489,2025-03-07,Retail,Lampa,La Serena,5.231,46220,3405,17326,5183,25914,20306,43.933362180874077
RET-11474,2025-03-08,Retail,Lampa,Valparaíso,5.936,45317,4018,14791,6390,25199,20118,44.393936050488783
RET-11395,2025-03-09,Retail,Lampa,Valparaíso,5.019,38033,3435,12645,5123,21203,16830,44.251045145005655
RET-13404,2025-03-09,Retail,Lampa,Concepción,5.881,54699,3448,20866,6943,31257,23442,42.856359348434161
RET-10048,2025-03-10,Retail,Lampa,Rancagua,4.944,34613,3221,10726,5834,19781,14832,42.850951954467973
RET-10862,2025-03-10,Retail,Lampa,Valparaíso,2.564,18918,1694,6457,2854,11005,7913,41.82788878316947
RET-11828,2025-03-10,Retail,Lampa,Temuco,2.498,25872,1484,10570,2523,14577,11295,43.657235621521338
RET-10279,2025-03-11,Retail,Lampa,Valparaíso,5.08,38114,3186,11977,5394,20557,17557,46.064438264154909
RET-10473,2025-03-12,Retail,Lampa,Valparaíso,2.042,15364,1373,4966,2182,8521,6843,44.539182504556109
RET-10593,2025-03-12,Retail,Lampa,Puerto Montt,1.212,13777,818,6007,1415,8240,5537,40.19017202584017
RET-10903,2025-03-12,Retail,Lampa,Valparaíso,2.807,21008,1748,6916,3031,11695,9313,44.330731150038083
RET-12941,2025-03-12,Retail,Lampa,Valparaíso,1.113,8371,708,2601,1134,4443,3928,46.923903954127347
RET-13099,2025-03-12,Retail,Lampa,La Serena,4.323,38663,2882,13489,4557,20928,17735,45.870729120864908
RET-12970,2025-03-13,Retail,Lampa,Temuco,5.626,59146,3653,22951,6128,32732,26414,44.658979474520677
RET-13336,2025-03-13,Retail,Lampa,Puerto Montt,5.656,65379,3681,27476,5615,36772,28607,43.755640190275166
RET-11143,2025-03-14,Retail,Lampa,Temuco,2.921,31051,1993,12431,3495,17919,13132,42.291713632411195
RET-12096,2025-03-14,Retail,Lampa,Antofagasta,4.445,56765,2876,26478,4930,34284,22481,39.603628996740945
RET-11425,2025-03-15,Retail,Lampa,Concepción,5.897,53689,4078,19639,6391,30108,23581,43.921473672446872
RET-12490,2025-03-15,Retail,Lampa,Rancagua,3.685,25498,2372,7839,3828,14039,11459,44.940779668993649
RET-10394,2025-03-16,Retail,Lampa,Temuco,5.537,57248,3343,22285,6620,32248,25000,43.669647847959752
RET-12997,2025-03-16,Retail,Lampa,La Serena,5.303,47799,3617,17050,5887,26554,21245,44.446536538421306
RET-11045,2025-03-17,Retail,Lampa,Valparaíso,5.821,43245,4119,14581,6837,25537,17708,40.948086483986593
RET-11202,2025-03-17,Retail,Lampa,Rancagua,2.591,18075,1588,5430,2690,9708,8367,46.290456431535269
RET-11714,2025-03-17,Retail,Lampa,La Serena,2.856,26036,1992,8808,3168,13968,12068,46.351206022430482
RET-11805,2025-03-17,Retail,Lampa,Valparaíso,1.342,10143,924,3343,1604,5871,4272,42.117716651878141
RET-12044,2025-03-17,Retail,Lampa,Concepción,4.251,39662,2759,13993,4926,21678,17984,45.343149614240332
RET-13412,2025-03-17,Retail,Lampa,La Serena,3.735,32992,2272,12434,3797,18503,14489,43.916707080504366
RET-12986,2025-03-18,Retail,Lampa,Temuco,5.841,62399,3579,24446,6953,34978,27421,43.944614497027196
RET-11387,2025-03-19,Retail,Lampa,Valparaíso,5.048,38492,3160,11530,5996,20686,17806,46.258962901382105
RET-11863,2025-03-19,Retail,Lampa,Concepción,5.044,47138,3150,17105,5757,26012,21126,44.817344817344818
RET-11918,2025-03-19,Retail,Lampa,La Serena,1.077,9825,642,3306,1275,5223,4602,46.839694656488554
RET-12039,2025-03-19,Retail,Lampa,Concepción,1.609,14908,958,5638,1939,8535,6373,42.748859672658973
RET-12151,2025-03-19,Retail,Lampa,Valparaíso,3.81,28962,2644,9350,4570,16564,12398,42.8078171397003
RET-13169,2025-03-19,Retail,Lampa,La Serena,3.103,27594,2051,9816,3207,15074,12520,45.372182358483727
RET-11383,2025-03-20,Retail,Lampa,Rancagua,1.659,11503,1126,3640,1919,6685,4818,41.884725723724245
RET-12106,2025-03-20,Retail,Lampa,La Serena,4.204,37841,2491,13453,4182,20126,17715,46.814301947622951
RET-11635,2025-03-21,Retail,Lampa,Rancagua,1.501,10687,899,3424,1746,6069,4618,43.211378310096379
RET-11822,2025-03-21,Retail,Lampa,Puerto Montt,3.129,35352,2018,14474,3543,20035,15317,43.327110205928946
RET-10384,2025-03-22,Retail,Lampa,Rancagua,5.209,36097,3145,11298,5616,20059,16038,44.430285065240874
RET-11125,2025-03-22,Retail,Lampa,Valparaíso,1.556,11564,1111,3793,1815,6719,4845,41.897267381528884
RET-11483,2025-03-22,Retail,Lampa,Valparaíso,2.277,16996,1503,5591,2557,9651,7345,43.216050835490705
RET-12312,2025-03-22,Retail,Lampa,Valparaíso,5.105,37825,3350,12186,5419,20955,16870,44.600132187706542
RET-13301,2025-03-22,Retail,Lampa,Temuco,4.435,46276,2899,19485,5122,27506,18770,40.560981934480075
RET-10740,2025-03-23,Retail,Lampa,Valparaíso,2.594,19584,1543,6305,3090,10938,8646,44.14828431372549
RET-12797,2025-03-23,Retail,Lampa,Valparaíso,2.509,19121,1506,6282,2914,10702,8419,44.030123947492285
RET-11723,2025-03-24,Retail,Lampa,Rancagua,1.143,7888,767,2513,1320,4600,3288,41.683569979716026
RET-11776,2025-03-24,Retail,Lampa,Rancagua,5.377,36903,3629,12147,5995,21771,15132,41.004796358019675
RET-12035,2025-03-24,Retail,Lampa,Puerto Montt,1.071,12396,671,5125,1189,6985,5411,43.651177799290089
RET-12321,2025-03-24,Retail,Lampa,La Serena,1.007,9082,649,3356,1156,5161,3921,43.17330984364677
RET-13008,2025-03-24,Retail,Lampa,Puerto Montt,1.663,19225,1130,8140,1740,11010,8215,42.730819245773731
RET-13357,2025-03-24,Retail,Lampa,Concepción,2.057,18647,1455,6809,2260,10524,8123,43.561967072451338
RET-10331,2025-03-25,Retail,Lampa,Rancagua,3.093,21466,1945,6815,3177,11937,9529,44.391130159321719
RET-10471,2025-03-25,Retail,Lampa,Concepción,5.248,49094,3602,17418,5525,26545,22549,45.930256243125434
RET-11352,2025-03-26,Retail,Lampa,Valparaíso,1.218,9310,818,3040,1473,5331,3979,42.7389903329753
RET-12618,2025-03-26,Retail,Lampa,La Serena,2.398,21288,1647,8050,2463,12160,9128,42.87861706125517
RET-12442,2025-03-27,Retail,Lampa,Puerto Montt,4.415,51302,2706,22066,4805,29577,21725,42.347276909282286
RET-11394,2025-03-28,Retail,Lampa,Valparaíso,4.534,33915,2830,11013,5425,19268,14647,43.187380215243991
RET-10801,2025-03-29,Retail,Lampa,Rancagua,1.635,11355,990,3456,1862,6308,5047,44.447380008806689
RET-10918,2025-03-29,Retail,Lampa,La Serena,4.911,43716,2954,15687,5032,23673,20043,45.848202031292892
RET-12153,2025-03-29,Retail,Lampa,La Serena,4.296,39417,2530,13697,5186,21413,18004,45.675723672527077
RET-11546,2025-03-30,Retail,Lampa,Rancagua,1.698,12034,1137,3820,1863,6820,5214,43.327239488117
RET-11843,2025-03-30,Retail,Lampa,Concepción,1.73,16056,1107,5795,2019,8921,7135,44.438216243148979
RET-12665,2025-03-30,Retail,Lampa,Concepción,4.214,38067,2504,14550,5055,22109,15958,41.920823810649644
RET-10447,2025-03-31,Retail,Lampa,Concepción,4.892,44945,3444,17115,5175,25734,19211,42.743352986984092
RET-12698,2025-03-31,Retail,Lampa,Antofagasta,1.444,18557,981,8496,1472,10949,7608,40.998006143234363
RET-11167,2025-04-01,Retail,Lampa,Rancagua,1.235,8700,816,2761,1360,4937,3763,43.252873563218394
RET-11256,2025-04-02,Retail,Lampa,La Serena,3.503,31547,2151,11227,3839,17217,14330,45.42428757092592
RET-11599,2025-04-02,Retail,Lampa,Rancagua,2.672,18500,1662,5671,2903,10236,8264,44.670270270270265
RET-11675,2025-04-02,Retail,Lampa,Valparaíso,2.443,18133,1514,5648,2506,9668,8465,46.682843434621965
RET-12477,2025-04-02,Retail,Lampa,Rancagua,2.561,17750,1777,5840,2695,10312,7438,41.904225352112675
RET-12202,2025-04-03,Retail,Lampa,Valparaíso,1.121,8384,789,2709,1166,4664,3720,44.37022900763359
RET-13041,2025-04-03,Retail,Lampa,La Serena,5.044,44765,3078,15670,5854,24602,20163,45.041885401541379
RET-12416,2025-04-04,Retail,Lampa,Rancagua,5.925,41027,3649,13346,6189,23184,17843,43.490871864869476
RET-12788,2025-04-04,Retail,Lampa,Valparaíso,5.848,44716,4048,14149,6486,24683,20033,44.800518829949013
RET-10495,2025-04-05,Retail,Lampa,Concepción,2.664,24882,1621,8676,3189,13486,11396,45.800176834659595
RET-10561,2025-04-05,Retail,Lampa,La Serena,5.158,47041,3125,16587,5249,24961,22080,46.937777683297547
RET-11502,2025-04-05,Retail,Lampa,Concepción,5.256,47639,3722,17955,5591,27268,20371,42.761183064296063
RET-12425,2025-04-05,Retail,Lampa,Concepción,1.506,13873,1033,4992,1657,7682,6191,44.626252432783104
RET-13363,2025-04-05,Retail,Lampa,Antofagasta,2.238,29670,1360,12358,2656,16374,13296,44.812942366026284
RET-10695,2025-04-06,Retail,Lampa,Rancagua,4.177,29416,2538,9574,4870,16982,12434,42.269513190100625
RET-11360,2025-04-06,Retail,Lampa,Temuco,5.863,61899,3644,24887,6246,34777,27122,43.81653984717039
RET-11457,2025-04-06,Retail,Lampa,Rancagua,5.351,37597,3818,11213,6276,21307,16290,43.327925100406951
RET-11372,2025-04-07,Retail,Lampa,La Serena,1.214,10887,864,3757,1256,5877,5010,46.018186828327359
RET-12529,2025-04-07,Retail,Lampa,Puerto Montt,1.805,20933,1215,9082,2011,12308,8625,41.202885396264271
RET-12609,2025-04-07,Retail,Lampa,Rancagua,3.619,25504,2519,8115,3888,14522,10982,43.059912170639905
RET-10703,2025-04-08,Retail,Lampa,Rancagua,4.082,28435,2653,9005,4733,16391,12044,42.356251098997717
RET-12823,2025-04-08,Retail,Lampa,Valparaíso,4.33,32697,2836,10832,5153,18821,13876,42.438144172248222
RET-13107,2025-04-08,Retail,Lampa,Rancagua,2.025,14034,1299,4241,2446,7986,6048,43.09533988884138
RET-13161,2025-04-08,Retail,Lampa,La Serena,1.197,10873,742,3991,1258,5991,4882,44.90021153315552
RET-13242,2025-04-08,Retail,Lampa,Rancagua,3.223,22904,2152,7443,3832,13427,9477,41.37705204331121
RET-10597,2025-04-10,Retail,Lampa,Valparaíso,4.636,34696,3157,11676,4857,19690,15006,43.2499423564676
RET-11236,2025-04-10,Retail,Lampa,Temuco,3.213,33546,2069,13700,3440,19209,14337,42.738329458057592
RET-11289,2025-04-10,Retail,Lampa,La Serena,2.532,22757,1558,7833,2781,12172,10585,46.513160785692314
RET-12194,2025-04-10,Retail,Lampa,Valparaíso,4.151,30757,2444,9778,4863,17085,13672,44.45166953864161
RET-13015,2025-04-10,Retail,Lampa,Rancagua,3.434,23744,2052,7579,3961,13592,10152,42.756064690026953
RET-11655,2025-04-11,Retail,Lampa,Valparaíso,5.441,41537,3842,12456,6110,22408,19129,46.052916676697883
RET-13204,2025-04-11,Retail,Lampa,Valparaíso,1.595,12013,1054,3749,1590,6393,5620,46.782652126862565
RET-13133,2025-04-12,Retail,Lampa,Concepción,5.919,54884,3647,19239,6195,29081,25803,47.013701625245972
RET-10020,2025-04-13,Retail,Lampa,Rancagua,4.449,30620,2739,9455,5292,17486,13134,42.893533638145
RET-11944,2025-04-13,Retail,Lampa,Valparaíso,1.599,11829,1101,3683,1863,6647,5182,43.807591512384818
RET-10052,2025-04-14,Retail,Lampa,Rancagua,2.45,17248,1527,5252,2509,9288,7960,46.150278293135436
RET-12871,2025-04-14,Retail,Lampa,Valparaíso,4.229,31211,2947,10392,4548,17887,13324,42.690077216366021
RET-10986,2025-04-15,Retail,Lampa,Rancagua,2.11,14700,1381,4416,2451,8248,6452,43.891156462585037
RET-12666,2025-04-15,Retail,Lampa,Antofagasta,2.758,35483,1648,15717,2898,20263,15220,42.893780120057492
RET-10658,2025-04-16,Retail,Lampa,Rancagua,5.912,40573,3497,13439,6164,23100,17473,43.065585487886032
RET-11303,2025-04-16,Retail,Lampa,Concepción,2.497,22924,1570,8143,2877,12590,10334,45.079392776129822
RET-10199,2025-04-18,Retail,Lampa,La Serena,2.84,25326,2010,8922,2851,13783,11543,45.577667219458263
RET-11305,2025-04-18,Retail,Lampa,Rancagua,2.678,18880,1740,6146,2776,10662,8218,43.527542372881356
RET-12839,2025-04-18,Retail,Lampa,Valparaíso,4.787,36366,3022,11111,5257,19390,16976,46.680965737227083
RET-10244,2025-04-19,Retail,Lampa,La Serena,4.869,43638,3446,16090,5875,25411,18227,41.768642009257981
RET-11820,2025-04-19,Retail,Lampa,Antofagasta,3.076,40483,2050,18659,3206,23915,16568,40.925820714867974
RET-12593,2025-04-19,Retail,Lampa,La Serena,2.137,19502,1369,6915,2404,10688,8814,45.195364577992
RET-11364,2025-04-21,Retail,Lampa,Puerto Montt,5.14,58472,3491,24893,5146,33530,24942,42.656314133260366
RET-12890,2025-04-22,Retail,Lampa,Valparaíso,5.322,40309,3622,13072,6206,22900,17409,43.188866010072189
RET-13094,2025-04-22,Retail,Lampa,La Serena,1.804,15968,1227,5569,2158,8954,7014,43.925350701402806
RET-13221,2025-04-22,Retail,Lampa,Concepción,2.538,23555,1549,8396,2962,12907,10648,45.204839736786248
RET-11378,2025-04-23,Retail,Lampa,Valparaíso,4.843,36578,3235,12024,4809,20068,16510,45.136420799387608
RET-11701,2025-04-23,Retail,Lampa,Temuco,3.652,38308,2539,15435,4080,22054,16254,42.429779680484494
RET-12101,2025-04-23,Retail,Lampa,Valparaíso,3.207,23706,2155,7548,3743,13446,10260,43.280182232346242
RET-11052,2025-04-24,Retail,Lampa,Puerto Montt,3.123,36484,2175,14427,3755,20357,16127,44.202938274312025
RET-12091,2025-04-25,Retail,Lampa,Puerto Montt,5.157,58238,3424,25583,5558,34565,23673,40.648717332325973
RET-12207,2025-04-25,Retail,Lampa,Antofagasta,5.119,66387,3335,29022,5616,37973,28414,42.800548300119004
RET-10829,2025-04-26,Retail,Lampa,Antofagasta,4.963,65340,3152,28087,5566,36805,28535,43.67156412610958
RET-11035,2025-04-26,Retail,Lampa,Temuco,4.692,49218,2949,19278,5346,27573,21645,43.977812995245642
RET-11137,2025-04-26,Retail,Lampa,Puerto Montt,5.508,62574,3494,25472,6392,35358,27216,43.494102982069229
RET-12448,2025-04-26,Retail,Lampa,Puerto Montt,2.107,24597,1312,10469,2423,14204,10393,42.253120299223482
RET-12582,2025-04-26,Retail,Lampa,Puerto Montt,3.004,34078,1784,15086,3478,20348,13730,40.289923117553847
RET-13007,2025-04-26,Retail,Lampa,Temuco,5.93,61451,3735,24079,7019,34833,26618,43.315812598655839
RET-10053,2025-04-27,Retail,Lampa,La Serena,4.408,39596,2649,14314,4904,21867,17729,44.774724719668654
RET-11823,2025-04-27,Retail,Lampa,Puerto Montt,4.08,46230,2496,19487,4085,26068,20162,43.612372918018607
RET-12245,2025-04-27,Retail,Lampa,La Serena,4.179,38071,2845,12751,4809,20405,17666,46.402773764807861
RET-10329,2025-04-28,Retail,Lampa,Rancagua,1.01,7184,714,2131,1108,3953,3231,44.974944320712694
RET-12438,2025-04-28,Retail,Lampa,Temuco,4.412,47031,2648,18485,5024,26157,20874,44.383491739490978
RET-12523,2025-04-28,Retail,Lampa,Valparaíso,5.059,37711,3164,12582,5980,21726,15985,42.388162605075443
RET-13342,2025-04-28,Retail,Lampa,Rancagua,4.197,28906,2868,9442,4159,16469,12437,43.025669411194905
RET-10501,2025-04-30,Retail,Lampa,Temuco,5.79,61077,3977,24397,6493,34867,26210,42.913044190120672
RET-10247,2025-05-01,Retail,Lampa,Valparaíso,1.346,10182,813,3160,1593,5566,4616,45.334904733844041
RET-12306,2025-05-01,Retail,Lampa,Antofagasta,5.122,65546,3494,29271,5916,38681,26865,40.986482775455407
RET-11250,2025-05-03,Retail,Lampa,Valparaíso,3.013,22769,2130,7454,3159,12743,10026,44.033554394132373
RET-12623,2025-05-03,Retail,Lampa,Temuco,5.118,54623,3638,20762,5465,29865,24758,45.325229299013237
RET-12792,2025-05-03,Retail,Lampa,La Serena,3.138,28002,1887,9730,3106,14723,13279,47.421612741947008
RET-10414,2025-05-04,Retail,Lampa,Concepción,3.982,37224,2433,13890,4541,20864,16360,43.950139694820543
RET-12355,2025-05-04,Retail,Lampa,Rancagua,5.418,37279,3419,11621,5407,20447,16832,45.151425735668873
RET-12436,2025-05-06,Retail,Lampa,La Serena,1.751,15801,1189,5622,2081,8892,6909,43.7250806910955
RET-11031,2025-05-07,Retail,Lampa,Rancagua,2.462,17230,1698,5537,2864,10099,7131,41.387115496227509
RET-12217,2025-05-08,Retail,Lampa,Puerto Montt,4.781,55936,3312,22724,4861,30897,25039,44.763658466819223
RET-13297,2025-05-08,Retail,Lampa,Rancagua,4.044,28417,2525,8615,4181,15321,13096,46.085089910968783
RET-11665,2025-05-09,Retail,Lampa,Rancagua,5.226,36511,3295,11695,6266,21256,15255,41.781928733806254
RET-13232,2025-05-09,Retail,Lampa,Valparaíso,5.232,38902,3664,12900,5355,21919,16983,43.655853169502848
RET-10104,2025-05-10,Retail,Lampa,Valparaíso,5.133,38107,3137,12883,6153,22173,15934,41.813839976907133
RET-10907,2025-05-10,Retail,Lampa,Puerto Montt,2.236,26001,1504,10320,2612,14436,11565,44.479058497750081
RET-12781,2025-05-10,Retail,Lampa,Antofagasta,4.731,61963,2879,26846,5313,35038,26925,43.453351193454161
RET-12882,2025-05-10,Retail,Lampa,Rancagua,5.919,41906,3774,12977,6820,23571,18335,43.752684579773785
RET-11036,2025-05-11,Retail,Lampa,La Serena,5.563,49094,3828,18431,6279,28538,20556,41.870697030186989
RET-13114,2025-05-11,Retail,Lampa,Concepción,4.174,38369,2657,14748,4994,22399,15970,41.622142875759074
RET-10350,2025-05-12,Retail,Lampa,Concepción,1.279,11902,886,4305,1445,6636,5266,44.244664762224836
RET-11480,2025-05-12,Retail,Lampa,Valparaíso,5.841,43047,4047,14006,5789,23842,19205,44.614026529142564
RET-11920,2025-05-12,Retail,Lampa,Valparaíso,2.739,20336,1751,6351,2904,11006,9330,45.879228953579862
RET-12139,2025-05-12,Retail,Lampa,La Serena,3.62,32682,2529,11286,3990,17805,14877,45.520469983477142
RET-10757,2025-05-13,Retail,Lampa,Rancagua,5.507,38756,3369,11531,6328,21228,17528,45.226545567138
RET-11543,2025-05-13,Retail,Lampa,La Serena,5.015,45388,3067,16223,5411,24701,20687,45.578126377015955
RET-11897,2025-05-13,Retail,Lampa,Valparaíso,1.793,13616,1225,4420,1889,7534,6082,44.668037602820206
RET-12891,2025-05-13,Retail,Lampa,Rancagua,5.998,42611,3853,12743,6536,23132,19479,45.713548144845227
RET-13398,2025-05-13,Retail,Lampa,Temuco,3.227,33529,2224,13614,3335,19173,14356,42.816666169584536
RET-10758,2025-05-14,Retail,Lampa,Valparaíso,1.404,10592,875,3249,1547,5671,4921,46.459592145015108
RET-10953,2025-05-14,Retail,Lampa,Rancagua,1.234,8759,873,2610,1279,4762,3997,45.633063135061079
RET-12375,2025-05-14,Retail,Lampa,Temuco,1.694,17645,1200,7152,2023,10375,7270,41.201473505242284
RET-11185,2025-05-16,Retail,Lampa,La Serena,4.525,41182,3037,14663,5142,22842,18340,44.534019717352244
RET-11233,2025-05-16,Retail,Lampa,Temuco,3.352,35478,2092,14522,3513,20127,15351,43.2690681549129
RET-11371,2025-05-16,Retail,Lampa,Rancagua,3.841,26903,2374,8829,4325,15528,11375,42.281529940898785
RET-11656,2025-05-16,Retail,Lampa,Valparaíso,5.962,44341,3655,14286,6326,24267,20074,45.271870278072214
RET-12369,2025-05-16,Retail,Lampa,Rancagua,2.943,20700,1739,6723,2957,11419,9281,44.835748792270529
RET-11716,2025-05-18,Retail,Lampa,Rancagua,5.164,35633,3513,11125,5407,20045,15588,43.745965818202222
RET-11975,2025-05-18,Retail,Lampa,La Serena,1.544,13796,1064,4743,1684,7491,6305,45.701652652942883
RET-13308,2025-05-18,Retail,Lampa,Puerto Montt,3.118,35976,1909,14985,3239,20133,15843,44.037691794529685
RET-10617,2025-05-19,Retail,Lampa,Rancagua,5.786,40042,4114,12781,6558,23453,16589,41.428999550472007
RET-10876,2025-05-19,Retail,Lampa,Valparaíso,5.299,39811,3197,12424,5619,21240,18571,46.647911381276529
RET-10908,2025-05-19,Retail,Lampa,Concepción,4.392,40483,2967,15141,5098,23206,17277,42.677173134402096
RET-12137,2025-05-19,Retail,Lampa,Rancagua,2.577,17768,1671,5900,3115,10686,7082,39.858171994597029
RET-12773,2025-05-19,Retail,Lampa,Rancagua,1.409,10050,831,3028,1597,5456,4594,45.711442786069654
RET-10182,2025-05-20,Retail,Lampa,La Serena,2.486,22060,1548,8018,2912,12478,9582,43.436083408884855
RET-11086,2025-05-20,Retail,Lampa,Temuco,5.965,63552,3982,25611,6591,36184,27368,43.06394763343404
RET-11872,2025-05-20,Retail,Lampa,Concepción,1.236,11303,815,4205,1235,6255,5048,44.660709546138193
RET-10608,2025-05-21,Retail,Lampa,La Serena,2.659,23810,1645,8136,3095,12876,10934,45.921881562368753
RET-10922,2025-05-21,Retail,Lampa,La Serena,4.619,42338,3024,15242,5044,23310,19028,44.943077141102556
RET-11077,2025-05-21,Retail,Lampa,La Serena,1.478,13197,908,4598,1670,7176,6021,45.624005455785408
RET-11601,2025-05-22,Retail,Lampa,Temuco,5.082,52640,3286,20362,5427,29075,23565,44.766337386018236
RET-12557,2025-05-22,Retail,Lampa,Rancagua,4.511,31300,2970,9587,4833,17390,13910,44.4408945686901
RET-12567,2025-05-22,Retail,Lampa,Valparaíso,1.193,8817,807,2803,1297,4907,3910,44.346149483951457
RET-11027,2025-05-24,Retail,Lampa,Puerto Montt,4.95,57737,3469,24475,5263,33207,24530,42.485754368948854
RET-11265,2025-05-24,Retail,Lampa,Rancagua,3.526,24782,2438,8056,3974,14468,10314,41.618916955855056
RET-11880,2025-05-24,Retail,Lampa,La Serena,5.943,53932,3808,19046,7030,29884,24048,44.589483052733073
RET-11945,2025-05-24,Retail,Lampa,Concepción,4.115,37249,2763,13917,4714,21394,15855,42.5649010711697
RET-12223,2025-05-24,Retail,Lampa,Rancagua,5.878,41022,4088,12380,6866,23334,17688,43.1183267514992
RET-12232,2025-05-25,Retail,Lampa,La Serena,1.867,16888,1288,6175,1860,9323,7565,44.795120795831359
RET-10573,2025-05-26,Retail,Lampa,La Serena,4.452,40232,2686,14872,4746,22304,17928,44.56154305030821
RET-10850,2025-05-27,Retail,Lampa,La Serena,1.859,16456,1259,5880,2213,9352,7104,43.169664560038889
RET-10974,2025-05-28,Retail,Lampa,Valparaíso,5.875,43413,3735,14001,6631,24367,19046,43.871651348674362
RET-12339,2025-05-29,Retail,Lampa,Concepción,2.335,21273,1535,8216,2681,12432,8841,41.559723593287266
RET-11096,2025-05-30,Retail,Lampa,Rancagua,5.485,38660,3773,12027,6458,22258,16402,42.426280393171233
RET-11136,2025-05-30,Retail,Lampa,Concepción,1.181,10969,800,3846,1404,6050,4919,44.844561947306048
RET-11640,2025-05-30,Retail,Lampa,Valparaíso,2.281,17326,1471,5592,2584,9647,7679,44.320674131363269
RET-12597,2025-05-30,Retail,Lampa,La Serena,4.148,36698,2947,12615,4965,20527,16171,44.065071666030846
RET-13450,2025-05-30,Retail,Lampa,Rancagua,4.911,33862,2971,10306,5363,18640,15222,44.953044710885358
RET-11662,2025-05-31,Retail,Lampa,Valparaíso,4.724,34901,2889,11799,5244,19932,14969,42.889888541875592
RET-13436,2025-05-31,Retail,Lampa,La Serena,1.884,16736,1232,5912,2055,9199,7537,45.034655831739961
RET-11506,2025-06-01,Retail,Lampa,Rancagua,3.209,22676,2198,7323,3317,12838,9838,43.3850767331099
RET-12712,2025-06-01,Retail,Lampa,Valparaíso,4.126,31217,2456,9450,4809,16715,14502,46.455456962552454
RET-11049,2025-06-02,Retail,Lampa,Valparaíso,1.75,13067,1104,4296,1962,7362,5705,43.659600520394889
RET-12475,2025-06-03,Retail,Lampa,Temuco,5.394,56777,3383,22721,5766,31870,24907,43.868115610194266
RET-10818,2025-06-04,Retail,Lampa,Concepción,2.038,18756,1273,7228,2119,10620,8136,43.378119001919387
RET-11111,2025-06-04,Retail,Lampa,Rancagua,2.266,15630,1462,5094,2327,8883,6747,43.166986564299428
RET-11484,2025-06-04,Retail,Lampa,Temuco,5.369,57187,3247,21988,5908,31143,26044,45.541818944865092
RET-13443,2025-06-05,Retail,Lampa,Temuco,1.652,17593,1070,6686,1933,9689,7904,44.926959586199054
RET-10117,2025-06-06,Retail,Lampa,La Serena,3.586,31897,2459,11244,4008,17711,14186,44.474401981377561
RET-12132,2025-06-07,Retail,Lampa,Valparaíso,2.375,17484,1470,5470,2557,9497,7987,45.681766186227406
RET-12804,2025-06-09,Retail,Lampa,Rancagua,3.459,24424,2035,7543,3542,13120,11304,46.282345234195873
RET-11738,2025-06-10,Retail,Lampa,Rancagua,5.493,39116,3398,12081,6474,21953,17163,43.877185806319666
RET-12308,2025-06-10,Retail,Lampa,Valparaíso,1.552,11710,1108,3874,1622,6604,5106,43.603757472245938
RET-12242,2025-06-11,Retail,Lampa,Rancagua,4.897,34020,3449,10589,5777,19815,14205,41.754850088183417
RET-13479,2025-06-11,Retail,Lampa,Rancagua,3.367,23487,1987,7648,3911,13546,9941,42.325541789074805
RET-12086,2025-06-12,Retail,Lampa,Antofagasta,3.238,42934,2056,18494,3857,24407,18527,43.152280244095586
RET-12155,2025-06-12,Retail,Lampa,Concepción,4.61,42149,2907,15626,5410,23943,18206,43.194381835867986
RET-12934,2025-06-12,Retail,Lampa,Valparaíso,2.969,22540,1917,6813,3540,12270,10270,45.563442768411711
RET-11616,2025-06-13,Retail,Lampa,Puerto Montt,2.463,27822,1734,11487,2643,15864,11958,42.980375242613761
RET-11456,2025-06-14,Retail,Lampa,Antofagasta,5.379,69357,3501,30358,5934,39793,29564,42.625834450740371
RET-13144,2025-06-14,Retail,Lampa,Puerto Montt,2.215,25604,1490,10996,2630,15116,10488,40.962349632869866
RET-10499,2025-06-16,Retail,Lampa,Temuco,1.095,11699,779,4517,1268,6564,5135,43.892640396615093
RET-12203,2025-06-17,Retail,Lampa,Rancagua,5.346,37198,3416,11477,6323,21216,15982,42.964675520189253
RET-13385,2025-06-17,Retail,Lampa,Rancagua,3.87,27201,2510,8164,4039,14713,12488,45.910076835410464
RET-12883,2025-06-18,Retail,Lampa,Valparaíso,2.748,20370,1923,6538,3175,11636,8734,42.8767795778105
RET-10484,2025-06-19,Retail,Lampa,Puerto Montt,1.161,13376,828,5570,1370,7768,5608,41.925837320574161
RET-10659,2025-06-19,Retail,Lampa,Valparaíso,5.597,41478,3953,13469,5664,23086,18392,44.34157866820965
RET-10728,2025-06-19,Retail,Lampa,Concepción,2.643,24323,1809,9211,2713,13733,10590,43.539037125354604
RET-10132,2025-06-20,Retail,Lampa,Rancagua,4.553,31645,2736,10062,4734,17532,14113,44.597882761889714
RET-10852,2025-06-20,Retail,Lampa,Rancagua,2.477,17289,1759,5532,2878,10169,7120,41.182254612759557
RET-12125,2025-06-20,Retail,Lampa,Concepción,3.407,31545,2330,11561,4112,18003,13542,42.929148834997619
RET-12551,2025-06-20,Retail,Lampa,Concepción,4.862,45519,3011,17269,5841,26121,19398,42.615171686548479
RET-10938,2025-06-21,Retail,Lampa,Rancagua,4.962,34476,3268,10695,5927,19890,14586,42.307692307692307
RET-12550,2025-06-21,Retail,Lampa,La Serena,1.559,14193,938,5101,1724,7763,6430,45.304023109983795
RET-11578,2025-06-22,Retail,Lampa,Rancagua,2.073,14418,1423,4744,2258,8425,5993,41.566097933139126
RET-11589,2025-06-22,Retail,Lampa,Temuco,4.419,47162,2866,17869,4434,25169,21993,46.63288240532632
RET-11667,2025-06-22,Retail,Lampa,La Serena,1.834,16469,1293,5961,2110,9364,7105,43.141660088651406
RET-12022,2025-06-22,Retail,Lampa,Concepción,4.133,37643,2457,14530,4896,21883,15760,41.867013787423957
RET-12540,2025-06-22,Retail,Lampa,Rancagua,1.743,12395,1116,3994,2039,7149,5246,42.32351754739814
RET-12627,2025-06-22,Retail,Lampa,Concepción,5.699,53145,4032,20279,6194,30505,22640,42.600432778248191
RET-10624,2025-06-23,Retail,Lampa,Rancagua,2.508,17230,1740,5629,2793,10162,7068,41.02147417295415
RET-13254,2025-06-23,Retail,Lampa,Valparaíso,5.49,40647,3647,13570,6154,23371,17276,42.50252171131941
RET-13202,2025-06-24,Retail,Lampa,La Serena,2.197,19468,1344,7081,2293,10718,8750,44.945551674542841
RET-10912,2025-06-25,Retail,Lampa,Puerto Montt,1.501,17257,1046,7493,1655,10194,7063,40.9283189430376
RET-12498,2025-06-25,Retail,Lampa,Temuco,3.727,39833,2516,15609,4035,22160,17673,44.367735294856026
RET-13166,2025-06-25,Retail,Lampa,La Serena,2.666,24180,1740,8923,2849,13512,10668,44.11910669975186
RET-13352,2025-06-25,Retail,Lampa,La Serena,5.204,46952,3446,16947,6120,26513,20439,43.5316919407054
RET-10630,2025-06-26,Retail,Lampa,Puerto Montt,1.066,12108,682,5219,1207,7108,5000,41.295011562603243
RET-12968,2025-06-27,Retail,Lampa,Valparaíso,1.899,14222,1228,4337,1888,7453,6769,47.595274926170724
RET-13076,2025-06-27,Retail,Lampa,La Serena,5.266,47428,3756,16233,5997,25986,21442,45.209580838323355
RET-10892,2025-06-28,Retail,Lampa,Rancagua,4.543,31214,3192,10012,5145,18349,12865,41.215480233228682
RET-11964,2025-06-28,Retail,Lampa,Rancagua,3.621,25459,2588,7680,4073,14341,11118,43.67021485525747
RET-10822,2025-06-29,Retail,Lampa,La Serena,3.516,32219,2102,11116,3878,17096,15123,46.938142090071075
RET-11796,2025-06-29,Retail,Lampa,Temuco,5.714,59913,3681,24003,6565,34249,25664,42.835444728189209
RET-12013,2025-06-29,Retail,Lampa,Temuco,2.988,31425,1957,12198,3035,17190,14235,45.298329355608594
RET-10243,2025-06-30,Retail,Lampa,Concepción,4.257,39071,2710,14278,4479,21467,17604,45.056435719587419
RET-10784,2025-06-30,Retail,Lampa,Puerto Montt,4.122,48103,2778,19195,4633,26606,21497,44.6895204041328
RET-13137,2025-06-30,Retail,Lampa,Valparaíso,4.325,32879,2697,10301,4381,17379,15500,47.142552997353931
RET-11740,2025-07-01,Retail,Lampa,Rancagua,3.048,21070,1996,6546,3356,11898,9172,43.53108685334599
RET-13419,2025-07-01,Retail,Lampa,Temuco,2.687,28340,1691,11244,3164,16099,12241,43.193366266760762
RET-11313,2025-07-02,Retail,Lampa,Rancagua,3.859,26489,2704,8847,4442,15993,10496,39.62399486579335
RET-12174,2025-07-02,Retail,Lampa,Concepción,1.85,16689,1133,6072,1873,9078,7611,45.604889448139488
RET-12667,2025-07-02,Retail,Lampa,Valparaíso,2.158,16257,1353,5103,2420,8876,7381,45.401980685243281
RET-13241,2025-07-02,Retail,Lampa,Puerto Montt,1.265,14673,763,6155,1437,8355,6318,43.058679206706195
RET-11862,2025-07-04,Retail,Lampa,Valparaíso,2.003,15260,1207,4712,2316,8235,7025,46.035386631716904
RET-13157,2025-07-04,Retail,Lampa,Rancagua,1.48,10427,1040,3275,1659,5974,4453,42.706435216265461
RET-11424,2025-07-05,Retail,Lampa,Rancagua,5.696,39799,3407,12749,6761,22917,16882,42.418151209829389
RET-11922,2025-07-05,Retail,Lampa,Puerto Montt,1.375,15778,912,6716,1662,9290,6488,41.12054759792116
RET-11301,2025-07-06,Retail,Lampa,Rancagua,5.513,38190,3812,12322,6092,22226,15964,41.801518722178585
RET-11609,2025-07-06,Retail,Lampa,Concepción,3.19,29527,2034,11071,3394,16499,13028,44.122328716090358
RET-12344,2025-07-06,Retail,Lampa,Valparaíso,2.808,21380,1974,6847,3051,11872,9508,44.47146866230122
RET-10381,2025-07-07,Retail,Lampa,Rancagua,4.685,33152,3337,9935,5369,18641,14511,43.771114864864863
RET-10530,2025-07-07,Retail,Lampa,Valparaíso,1.809,13757,1201,4486,1987,7674,6083,44.217489278185653
RET-10680,2025-07-07,Retail,Lampa,La Serena,1.467,13452,867,4498,1678,7043,6409,47.643473089503416
RET-10956,2025-07-07,Retail,Lampa,Puerto Montt,4.581,53262,3126,21595,5298,30019,23243,43.638992152003304
RET-11503,2025-07-08,Retail,Lampa,Puerto Montt,5.57,63981,3836,26588,6205,36629,27352,42.7501914630906
RET-11587,2025-07-09,Retail,Lampa,Valparaíso,5.146,38827,3671,11953,5152,20776,18051,46.49084400030906
RET-13195,2025-07-09,Retail,Lampa,Valparaíso,1.072,8124,693,2462,1090,4245,3879,47.747415066469721
RET-11091,2025-07-10,Retail,Lampa,Concepción,4.732,43985,3298,16815,5148,25261,18724,42.569057633284075
RET-12329,2025-07-10,Retail,Lampa,Concepción,5.031,47076,3575,16952,6079,26606,20470,43.482878749256521
RET-12389,2025-07-10,Retail,Lampa,Concepción,1.238,11420,875,4015,1304,6194,5226,45.76182136602452
RET-11079,2025-07-11,Retail,Lampa,Rancagua,1.898,13148,1348,4165,2092,7605,5543,42.158503194402194
RET-12037,2025-07-11,Retail,Lampa,La Serena,1.763,15911,1091,5621,1987,8699,7212,45.327132172710705
RET-10189,2025-07-12,Retail,Lampa,Rancagua,2.183,15106,1376,4646,2193,8215,6891,45.617635376671522
RET-11108,2025-07-12,Retail,Lampa,Puerto Montt,4.03,46513,2384,19824,4413,26621,19892,42.766538387117578
RET-11639,2025-07-14,Retail,Lampa,Rancagua,5.783,41150,3593,12924,6813,23330,17820,43.304981773997568
RET-12292,2025-07-14,Retail,Lampa,Valparaíso,4.066,30646,2823,10082,4152,17057,13589,44.341839065457158
RET-11909,2025-07-15,Retail,Lampa,La Serena,2.525,22458,1762,8280,2691,12733,9725,43.3030545907917
RET-13216,2025-07-15,Retail,Lampa,Concepción,2.494,23150,1760,8314,3006,13080,10070,43.498920086393092
RET-10259,2025-07-16,Retail,Lampa,Valparaíso,4.084,30732,2460,9821,4105,16386,14346,46.680983990628661
RET-10157,2025-07-17,Retail,Lampa,Temuco,3.331,35114,2094,13355,3568,19017,16097,45.842114256421937
RET-10444,2025-07-17,Retail,Lampa,Rancagua,1.385,9642,990,2983,1419,5392,4250,44.077992117817885
RET-11192,2025-07-17,Retail,Lampa,La Serena,3.113,28165,2052,9884,3093,15029,13136,46.639446121072254
RET-13142,2025-07-17,Retail,Lampa,Rancagua,5.134,35512,3611,11730,5833,21174,14338,40.375084478486144
RET-11056,2025-07-18,Retail,Lampa,Valparaíso,1.067,7925,689,2610,1146,4445,3480,43.911671924290218
RET-11818,2025-07-18,Retail,Lampa,Antofagasta,4.905,62860,3075,28311,4992,36378,26482,42.128539611835826
RET-11913,2025-07-18,Retail,Lampa,Temuco,1.852,19130,1208,7892,2173,11273,7857,41.071615263983276
RET-10808,2025-07-19,Retail,Lampa,Valparaíso,2.277,17228,1429,5265,2495,9189,8039,46.662410030183423
RET-12522,2025-07-19,Retail,Lampa,La Serena,3.648,32244,2318,12166,3892,18376,13868,43.00955216474383
RET-13021,2025-07-19,Retail,Lampa,Concepción,4.2,38801,2952,13588,4220,20760,18041,46.49622432411536
RET-13370,2025-07-19,Retail,Lampa,Antofagasta,4.766,62619,3115,26529,5417,35061,27558,44.009006850955778
RET-10521,2025-07-21,Retail,Lampa,Concepción,3.286,29677,2032,11006,3509,16547,13130,44.243016477406741
RET-11750,2025-07-21,Retail,Lampa,Rancagua,1.259,8741,760,2873,1362,4995,3746,42.855508523052279
RET-12971,2025-07-21,Retail,Lampa,Valparaíso,2.053,15297,1338,4975,2227,8540,6757,44.172059881022427
RET-13129,2025-07-21,Retail,Lampa,La Serena,4.308,38585,2685,13766,5113,21564,17021,44.112997278735264
RET-10246,2025-07-23,Retail,Lampa,La Serena,4.396,39238,2823,14498,4671,21992,17246,43.952291146337735
RET-10560,2025-07-23,Retail,Lampa,Valparaíso,5.322,39616,3303,12519,6175,21997,17619,44.474454765751211
RET-10771,2025-07-23,Retail,Lampa,Valparaíso,2.9,21830,1949,7061,3421,12431,9399,43.0554283096656
RET-11460,2025-07-23,Retail,Lampa,Concepción,2.28,21255,1467,8129,2268,11864,9391,44.182545283462716
RET-12149,2025-07-24,Retail,Lampa,Concepción,5.923,54268,3889,20205,7083,31177,23091,42.549937347976709
RET-12703,2025-07-24,Retail,Lampa,Temuco,2.945,30571,2072,12227,3414,17713,12858,42.05946812338491
RET-12845,2025-07-24,Retail,Lampa,Rancagua,3.376,23431,2291,7557,3967,13815,9616,41.039648329136611
RET-13451,2025-07-25,Retail,Lampa,Valparaíso,2.381,18197,1596,5663,2817,10076,8121,44.628235423421444
RET-12459,2025-07-27,Retail,Lampa,Concepción,4.844,44007,3412,16942,5463,25817,18190,41.334333174267726
RET-12763,2025-07-27,Retail,Lampa,Rancagua,5.64,39389,3855,11943,6733,22531,16858,42.7987509203077
RET-10878,2025-07-29,Retail,Lampa,Concepción,4.727,43513,2813,15323,5654,23790,19723,45.32668397950038
RET-11418,2025-07-29,Retail,Lampa,Valparaíso,4.823,36377,3013,12079,4998,20090,16287,44.772795997470929
RET-10294,2025-07-30,Retail,Lampa,Temuco,3.063,32161,1810,12582,3280,17672,14489,45.051459842666588
RET-11124,2025-07-30,Retail,Lampa,Concepción,4.18,37859,2948,14182,4841,21971,15888,41.966243165429624
RET-12465,2025-07-30,Retail,Lampa,Temuco,2.735,29069,1905,11130,2918,15953,13116,45.120231174103
RET-10534,2025-07-31,Retail,Lampa,Valparaíso,5.063,38197,3576,12303,5659,21538,16659,43.613372777966859
RET-10831,2025-07-31,Retail,Lampa,Antofagasta,1.038,13727,736,5750,1230,7716,6011,43.789611714140015
RET-12497,2025-07-31,Retail,Lampa,Puerto Montt,1.172,13262,798,5768,1316,7882,5380,40.567033629920076
RET-13251,2025-07-31,Retail,Lampa,Valparaíso,3.735,27777,2392,9273,3940,15605,12172,43.820426971955214
RET-13215,2025-08-01,Retail,Lampa,Concepción,5.775,52237,3957,20128,6059,30144,22093,42.293776441985564
RET-11267,2025-08-02,Retail,Lampa,Puerto Montt,1.633,18488,1069,8039,1753,10861,7627,41.253786239723063
RET-12725,2025-08-02,Retail,Lampa,Puerto Montt,3.211,37037,2083,16044,3656,21783,15254,41.185841185841184
RET-12779,2025-08-02,Retail,Lampa,Puerto Montt,2.819,32579,1959,12868,2955,17782,14797,45.418828079437674
RET-11396,2025-08-04,Retail,Lampa,Temuco,2.755,28369,1784,12145,2938,16867,11502,40.544256054143609
RET-11769,2025-08-04,Retail,Lampa,Valparaíso,3.875,28607,2606,9284,4264,16154,12453,43.531303527108747
RET-12107,2025-08-04,Retail,Lampa,Valparaíso,3.757,27822,2332,8903,3882,15117,12705,45.665300841061033
RET-12631,2025-08-04,Retail,Lampa,Puerto Montt,4.051,45885,2457,18600,4138,25195,20690,45.09098834041626
RET-13243,2025-08-04,Retail,Lampa,Rancagua,1.026,7223,722,2244,1213,4179,3044,42.143153814204624
RET-13401,2025-08-04,Retail,Lampa,Concepción,5.655,52982,3505,19777,6552,29834,23148,43.690309916575444
RET-11540,2025-08-05,Retail,Lampa,Rancagua,4.264,29616,2779,9409,4776,16964,12652,42.720151269584008
RET-11618,2025-08-05,Retail,Lampa,Temuco,4.453,47050,2860,18967,5131,26958,20092,42.703506907545162
RET-11831,2025-08-05,Retail,Lampa,La Serena,5.728,52096,3677,18287,6487,28451,23645,45.387361793611788
RET-13070,2025-08-05,Retail,Lampa,Antofagasta,1.569,20575,970,9027,1697,11694,8881,43.1640340218712
RET-10123,2025-08-06,Retail,Lampa,Valparaíso,5.288,39209,3650,12415,5275,21340,17869,45.57372031931444
RET-11573,2025-08-06,Retail,Lampa,Rancagua,2.039,14463,1319,4365,2184,7868,6595,45.599114983060225
RET-12521,2025-08-06,Retail,Lampa,Antofagasta,4.209,55393,2534,24857,5029,32420,22973,41.472749264347478
RET-10930,2025-08-07,Retail,Lampa,La Serena,4.366,39565,2603,14393,5216,22212,17353,43.859471755339314
RET-11670,2025-08-07,Retail,Lampa,Antofagasta,4.575,58350,3230,26325,4899,34454,23896,40.9528706083976
RET-10213,2025-08-08,Retail,Lampa,Temuco,4.289,44672,2614,17251,4799,24664,20008,44.78868194842407
RET-11021,2025-08-08,Retail,Lampa,Valparaíso,5.492,41398,3564,13263,5794,22621,18777,45.35726363592444
RET-11154,2025-08-08,Retail,Lampa,La Serena,4.118,36627,2851,13329,4661,20841,15786,43.099352936358429
RET-11661,2025-08-08,Retail,Lampa,Rancagua,2.749,18984,1848,6097,2741,10686,8298,43.710493046776236
RET-11996,2025-08-08,Retail,Lampa,Antofagasta,2.356,30580,1387,13574,2542,17503,13077,42.76324395029431
RET-12991,2025-08-08,Retail,Lampa,La Serena,5.652,51548,3650,18218,6481,28349,23199,45.004655854737329
RET-11707,2025-08-09,Retail,Lampa,Concepción,2.46,22374,1668,8537,2758,12963,9411,42.062215071064628
RET-12728,2025-08-09,Retail,Lampa,Rancagua,1.516,10755,1048,3218,1736,6002,4753,44.193398419339843
RET-10144,2025-08-10,Retail,Lampa,Concepción,1.197,10838,852,4271,1381,6504,4334,39.98892784646614
RET-12314,2025-08-10,Retail,Lampa,Valparaíso,4.738,35974,2972,11604,5143,19719,16255,45.185411686217826
RET-11972,2025-08-11,Retail,Lampa,Valparaíso,2.808,21206,1873,7055,3310,12238,8968,42.289917947750638
RET-12219,2025-08-11,Retail,Lampa,Puerto Montt,5.59,64435,3295,26464,6664,36423,28012,43.473267634049819
RET-13494,2025-08-11,Retail,Lampa,Antofagasta,4.996,64877,3278,28454,5858,37590,27287,42.059589685096412
RET-10209,2025-08-12,Retail,Lampa,Temuco,2.381,25397,1466,9576,2440,13482,11915,46.914989959444029
RET-11486,2025-08-12,Retail,Lampa,Valparaíso,1.516,11583,1040,3720,1820,6580,5003,43.192609859276523
RET-12374,2025-08-12,Retail,Lampa,La Serena,1.314,11602,776,4312,1429,6517,5085,43.828650232718495
RET-12419,2025-08-12,Retail,Lampa,Valparaíso,5.168,38383,3127,12691,6001,21819,16564,43.154521532970321
RET-12451,2025-08-12,Retail,Lampa,Rancagua,1.62,11535,982,3467,1650,6099,5436,47.1261378413524
RET-13431,2025-08-12,Retail,Lampa,Rancagua,5.868,41467,4189,13259,5975,23423,18044,43.51411966141751
RET-10851,2025-08-13,Retail,Lampa,La Serena,2.566,23130,1536,7990,2961,12487,10643,46.013834846519671
RET-10479,2025-08-14,Retail,Lampa,Rancagua,3.331,22884,2238,7004,3361,12603,10281,44.926586261143157
RET-12179,2025-08-14,Retail,Lampa,Valparaíso,4.431,33115,3114,10757,4536,18407,14708,44.414917711007092
RET-11801,2025-08-15,Retail,Lampa,Concepción,5.779,53593,3473,19446,6884,29803,23790,44.390125576101354
RET-12578,2025-08-15,Retail,Lampa,Valparaíso,4.651,35425,2924,10755,5257,18936,16489,46.546224417784046
RET-13091,2025-08-15,Retail,Lampa,Temuco,3.273,34919,2219,13651,3941,19811,15108,43.265843809960188
RET-10042,2025-08-16,Retail,Lampa,La Serena,4.739,42267,3190,15477,5576,24243,18024,42.643196820214349
RET-10348,2025-08-16,Retail,Lampa,Concepción,2.602,23840,1750,8739,2690,13179,10661,44.71895973154362
RET-11756,2025-08-16,Retail,Lampa,Rancagua,3.079,21303,2048,6758,3301,12107,9196,43.167628972445193
RET-11764,2025-08-16,Retail,Lampa,Valparaíso,1.632,12232,975,3826,1788,6589,5643,46.133093525179859
RET-13052,2025-08-16,Retail,Lampa,Rancagua,5.112,35382,3460,11277,5837,20574,14808,41.851789045277258
RET-10267,2025-08-17,Retail,Lampa,La Serena,4.634,41224,2993,15056,5137,23186,18038,43.756064428488258
RET-10517,2025-08-17,Retail,Lampa,La Serena,3.806,34869,2550,12736,3857,19143,15726,45.100232298029766
RET-12064,2025-08-17,Retail,Lampa,Antofagasta,2.833,36699,1806,16951,2940,21697,15002,40.878498051718033
RET-13125,2025-08-17,Retail,Lampa,Concepción,3.649,33191,2192,12538,4272,19002,14189,42.749540538097676
RET-13299,2025-08-17,Retail,Lampa,Valparaíso,2.525,18860,1724,5764,2520,10008,8852,46.935312831389183
RET-10170,2025-08-19,Retail,Lampa,Puerto Montt,3.093,35809,2057,14663,3446,20166,15643,43.684548577173338
RET-10583,2025-08-19,Retail,Lampa,Valparaíso,3.051,22715,1958,7403,3351,12712,10003,44.036979969183356
RET-10378,2025-08-20,Retail,Lampa,La Serena,2.445,21925,1565,7953,2919,12437,9488,43.274800456100344
RET-12294,2025-08-20,Retail,Lampa,La Serena,3.737,33759,2308,12271,4107,18686,15073,44.648834384904767
RET-12938,2025-08-20,Retail,Lampa,Antofagasta,1.549,20155,929,9149,1794,11872,8283,41.0965021086579
RET-10689,2025-08-21,Retail,Lampa,La Serena,5.299,47256,3109,16657,5257,25023,22233,47.047993905535805
RET-11249,2025-08-22,Retail,Lampa,Valparaíso,4.197,32042,2839,10354,4437,17630,14412,44.978465763685165
RET-11753,2025-08-22,Retail,Lampa,Rancagua,5.517,37953,3240,12133,6193,21566,16387,43.177087450267436
RET-12111,2025-08-22,Retail,Lampa,Valparaíso,1.619,12106,1028,3943,1957,6928,5178,42.772179084751357
RET-12180,2025-08-22,Retail,Lampa,Temuco,4.217,44960,2878,16934,4279,24091,20869,46.416814946619219
RET-12479,2025-08-23,Retail,Lampa,Temuco,5.754,60184,3403,23537,5825,32765,27419,45.55862023129071
RET-12865,2025-08-23,Retail,Lampa,Rancagua,2.002,13952,1298,4519,2231,8048,5904,42.316513761467888
RET-11328,2025-08-24,Retail,Lampa,Valparaíso,5.672,42974,3519,12940,6612,23071,19903,46.314050356029227
RET-11591,2025-08-24,Retail,Lampa,Valparaíso,5.954,45045,3880,14403,6706,24989,20056,44.524364524364522
RET-10849,2025-08-25,Retail,Lampa,Temuco,2.099,21607,1366,9015,2239,12620,8987,41.593002267783589
RET-11821,2025-08-25,Retail,Lampa,Valparaíso,3.709,27560,2409,9012,3738,15159,12401,44.996371552975326
RET-11997,2025-08-25,Retail,Lampa,Valparaíso,2.643,19909,1858,6175,3010,11043,8866,44.5326234366367
RET-13365,2025-08-25,Retail,Lampa,La Serena,1.976,17646,1378,6249,2200,9827,7819,44.31032528618384
RET-10111,2025-08-26,Retail,Lampa,Rancagua,1.408,10017,838,2978,1570,5386,4631,46.2314066087651
RET-12228,2025-08-26,Retail,Lampa,Concepción,4.56,42003,2964,15007,4945,22916,19087,45.441992238649618
RET-13165,2025-08-26,Retail,Lampa,Concepción,1.162,10642,728,4137,1348,6213,4429,41.618116895320426
RET-10490,2025-08-27,Retail,Lampa,La Serena,5.493,50190,3321,16842,5794,25957,24233,48.282526399681217
RET-10904,2025-08-27,Retail,Lampa,Antofagasta,5.299,68949,3451,29860,5936,39247,29702,43.07821723302731
RET-11063,2025-08-27,Retail,Lampa,Temuco,2.065,21864,1320,8305,2386,12011,9853,45.064946944749366
RET-13433,2025-08-27,Retail,Lampa,Antofagasta,4.139,53481,2432,24622,4206,31260,22221,41.549335277949176
RET-11488,2025-08-28,Retail,Lampa,La Serena,4.108,36381,2499,13294,4661,20454,15927,43.778345839861466
RET-12770,2025-08-28,Retail,Lampa,La Serena,4.247,38277,2517,13485,4213,20215,18062,47.187606134232048
RET-13391,2025-08-28,Retail,Lampa,Puerto Montt,2.989,33730,1877,13920,3045,18842,14888,44.138748888230062
RET-11611,2025-08-29,Retail,Lampa,Rancagua,4.667,32860,2979,9923,5600,18502,14358,43.694461351186852
RET-12094,2025-08-29,Retail,Lampa,La Serena,4.881,44498,2901,15936,5260,24097,20401,45.847004359746506
RET-12964,2025-08-29,Retail,Lampa,Puerto Montt,1.828,21395,1265,8407,1988,11660,9735,45.501285347043705
RET-13046,2025-08-29,Retail,Lampa,Temuco,2.738,28757,1677,11802,3043,16522,12235,42.546162673436037
RET-11033,2025-08-30,Retail,Lampa,Rancagua,1.107,7605,790,2552,1177,4519,3086,40.578566732412888
RET-11981,2025-08-30,Retail,Lampa,Valparaíso,4.154,31764,2452,9639,4276,16367,15397,48.473114217352979
RET-12812,2025-08-30,Retail,Lampa,Valparaíso,3.134,23600,2131,7259,3297,12687,10913,46.241525423728817
RET-13075,2025-08-30,Retail,Lampa,Rancagua,5.474,38026,3894,12437,5967,22298,15728,41.361173933624364
RET-13456,2025-08-30,Retail,Lampa,Temuco,2.646,27261,1595,11579,2831,16005,11256,41.289754594475625
RET-11985,2025-08-31,Retail,Lampa,Temuco,5.182,55199,3056,22838,5703,31597,23602,42.758020978640914
RET-10262,2025-09-02,Retail,Lampa,La Serena,5.24,47258,3479,15980,6178,25637,21621,45.750983960387657
RET-13163,2025-09-03,Retail,Lampa,Rancagua,3.191,22216,2130,6806,3800,12736,9480,42.671948145480734
RET-10874,2025-09-04,Retail,Lampa,Puerto Montt,4.123,47533,2699,19494,4832,27025,20508,43.144762585992893
RET-10946,2025-09-04,Retail,Lampa,Temuco,1.349,14252,907,5660,1539,8106,6146,43.1237721021611
RET-10977,2025-09-05,Retail,Lampa,Puerto Montt,5.114,59902,3231,24951,5251,33433,26469,44.187172381556543
RET-10981,2025-09-06,Retail,Lampa,La Serena,4.467,39765,2657,14384,4475,21516,18249,45.892116182572614
RET-11684,2025-09-07,Retail,Lampa,Valparaíso,4.084,31076,2438,10095,4258,16791,14285,45.967949543055738
RET-11878,2025-09-07,Retail,Lampa,Rancagua,4.64,31986,3196,9797,4926,17919,14067,43.9786156443444
RET-11708,2025-09-08,Retail,Lampa,Concepción,2.801,26220,1813,9066,2987,13866,12354,47.116704805491992
RET-11709,2025-09-08,Retail,Lampa,Valparaíso,4.041,29728,2821,9805,4263,16889,12839,43.18824004305705
RET-11865,2025-09-08,Retail,Lampa,Rancagua,1.222,8394,757,2605,1354,4716,3678,43.817012151536808
RET-10028,2025-09-09,Retail,Lampa,Concepción,3.301,30089,2288,10971,3746,17005,13084,43.484329821529464
RET-10634,2025-09-09,Retail,Lampa,La Serena,1.114,10215,791,3523,1336,5650,4565,44.68918257464513
RET-10797,2025-09-09,Retail,Lampa,Rancagua,2.15,14892,1351,4939,2509,8799,6093,40.914585012087031
RET-11745,2025-09-09,Retail,Lampa,Valparaíso,5.803,44343,3536,14388,5991,23915,20428,46.068150553638681
RET-13084,2025-09-10,Retail,Lampa,Puerto Montt,4.586,52870,3241,22920,4592,30753,22117,41.832797427652736
RET-12302,2025-09-11,Retail,Lampa,Puerto Montt,1.411,16273,883,6927,1625,9435,6838,42.020524795673815
RET-12746,2025-09-11,Retail,Lampa,Valparaíso,4.22,32180,2809,10489,4290,17588,14592,45.344934742075822
RET-13016,2025-09-11,Retail,Lampa,Puerto Montt,2.995,34723,2022,14249,3029,19300,15423,44.417245053710793
RET-10010,2025-09-12,Retail,Lampa,Temuco,5.992,63113,3551,25872,6029,35452,27661,43.827737550108537
RET-11171,2025-09-12,Retail,Lampa,Valparaíso,2.837,21684,1944,6997,3183,12124,9560,44.08780667773474
RET-11890,2025-09-12,Retail,Lampa,Valparaíso,2.255,16915,1432,5182,2498,9112,7803,46.130653266331656
RET-13209,2025-09-12,Retail,Lampa,Valparaíso,5.202,38896,3576,12369,5230,21175,17721,45.559954751131222
RET-10452,2025-09-13,Retail,Lampa,La Serena,1.051,9281,622,3376,1118,5116,4165,44.876629673526558
RET-12677,2025-09-13,Retail,Lampa,Rancagua,1.494,10435,896,3306,1605,5807,4628,44.350742692860564
RET-11380,2025-09-14,Retail,Lampa,Rancagua,4.648,32062,2750,10507,5526,18783,13279,41.416630278834759
RET-10637,2025-09-15,Retail,Lampa,Rancagua,3.39,23572,2372,7139,3974,13485,10087,42.792295944340744
RET-11150,2025-09-15,Retail,Lampa,Temuco,2.5,26505,1641,10793,2701,15135,11370,42.897566496887379
RET-13330,2025-09-15,Retail,Lampa,Rancagua,3.519,24572,2358,7718,3869,13945,10627,43.248412827608661
RET-13343,2025-09-15,Retail,Lampa,Rancagua,1.546,10822,1023,3266,1634,5923,4899,45.268896691923857
RET-11376,2025-09-17,Retail,Lampa,La Serena,4.984,45301,3153,16114,5734,25001,20300,44.8113728173771
RET-11389,2025-09-18,Retail,Lampa,Rancagua,2.303,16426,1416,4880,2714,9010,7416,45.147936198709367
RET-12542,2025-09-18,Retail,Lampa,Valparaíso,3.337,25099,2374,8319,3716,14409,10690,42.59133830033069
RET-13424,2025-09-18,Retail,Lampa,Temuco,4.919,52282,2897,19693,5847,28437,23845,45.6084312000306
RET-10049,2025-09-19,Retail,Lampa,Valparaíso,4.577,34543,2789,10558,5196,18543,16000,46.319080566250761
RET-10365,2025-09-19,Retail,Lampa,La Serena,2.048,18555,1344,6752,2107,10203,8352,45.012126111560221
RET-13393,2025-09-19,Retail,Lampa,Concepción,1.415,13129,864,5020,1691,7575,5554,42.303298042501332
RET-10295,2025-09-20,Retail,Lampa,La Serena,4.039,36661,2385,12612,4150,19147,17514,47.77283762035951
RET-11907,2025-09-20,Retail,Lampa,La Serena,3.978,35931,2344,13135,4108,19587,16344,45.487183768890368
RET-12384,2025-09-20,Retail,Lampa,Concepción,5.275,47573,3265,18022,6314,27601,19972,41.981796397116014
RET-11421,2025-09-21,Retail,Lampa,Rancagua,3.436,24239,2349,7852,3615,13816,10423,43.000948884029874
RET-11527,2025-09-21,Retail,Lampa,La Serena,5.727,51179,3790,19162,6011,28963,22216,43.408429238554874
RET-10665,2025-09-22,Retail,Lampa,Valparaíso,5.504,41608,3355,13302,6580,23237,18371,44.15256681407422
RET-11451,2025-09-22,Retail,Lampa,Rancagua,3.063,21540,1862,6607,3463,11932,9608,44.60538532961931
RET-10694,2025-09-23,Retail,Lampa,Valparaíso,3.96,29667,2469,9848,4274,16591,13076,44.075909259446519
RET-11566,2025-09-23,Retail,Lampa,Valparaíso,3.422,25419,2091,7802,4113,14006,11413,44.899484637475908
RET-10024,2025-09-24,Retail,Lampa,Temuco,3.31,35386,2360,13892,3906,20158,15228,43.033968236025551
RET-11511,2025-09-24,Retail,Lampa,La Serena,2.315,20756,1389,7134,2699,11222,9534,45.933705916361532
RET-12109,2025-09-24,Retail,Lampa,La Serena,5.089,45818,3459,15878,6081,25418,20400,44.523986206294467
RET-12873,2025-09-25,Retail,Lampa,Rancagua,2.926,20244,2020,6550,3521,12091,8153,40.273661331752621
RET-11065,2025-09-26,Retail,Lampa,Valparaíso,5.389,40236,3783,12729,5345,21857,18379,45.67799980117308
RET-11930,2025-09-26,Retail,Lampa,Temuco,4.277,44840,3032,17450,4506,24988,19852,44.272970561998214
RET-11448,2025-09-27,Retail,Lampa,Rancagua,4.018,28336,2504,8930,4663,16097,12239,43.19240542066629
RET-12681,2025-09-27,Retail,Lampa,Puerto Montt,2.903,33409,1978,13303,2908,18189,15220,45.556586548534824
RET-11518,2025-09-28,Retail,Lampa,Concepción,1.635,14808,1157,5710,1767,8634,6174,41.693679092382496
RET-10324,2025-09-29,Retail,Lampa,Concepción,4.842,44242,3414,17184,4836,25434,18808,42.51164052258035
RET-10796,2025-09-29,Retail,Lampa,Concepción,1.553,14519,979,5286,1598,7863,6656,45.843377643088367
RET-11624,2025-09-29,Retail,Lampa,Temuco,2.72,28818,1688,11053,3220,15961,12857,44.614477062946769
RET-11924,2025-09-29,Retail,Lampa,Valparaíso,4.372,33289,2611,10534,4613,17758,15531,46.6550512181201
RET-13020,2025-09-29,Retail,Lampa,Rancagua,1.185,8270,759,2538,1372,4669,3601,43.542926239419586
RET-13199,2025-09-29,Retail,Lampa,Puerto Montt,3.38,38953,2025,16052,4005,22082,16871,43.311169871383463
RET-10305,2025-09-30,Retail,Lampa,Rancagua,5.412,38132,3839,11329,5428,20596,17536,45.987621944823246
RET-12695,2025-09-30,Retail,Lampa,Concepción,4.408,39761,3074,15426,4653,23153,16608,41.769573199869221
RET-13245,2025-09-30,Retail,Lampa,Rancagua,2.735,19095,1658,5812,2808,10278,8817,46.174391201885314
RET-10505,2025-10-01,Retail,Lampa,Concepción,5.725,51789,3430,20134,5805,29369,22420,43.291046361196393
RET-13329,2025-10-02,Retail,Lampa,La Serena,5.423,49245,3293,18116,6290,27699,21546,43.752665245202557
RET-11075,2025-10-03,Retail,Lampa,Concepción,2.012,18543,1290,6879,2051,10220,8323,44.884862212155532
RET-11572,2025-10-04,Retail,Lampa,Antofagasta,1.764,22951,1139,10587,1900,13626,9325,40.630037906845018
RET-12532,2025-10-04,Retail,Lampa,La Serena,2.706,24724,1932,8365,2692,12989,11735,47.464002588577905
RET-12592,2025-10-04,Retail,Lampa,La Serena,3.736,33001,2487,11599,4013,18099,14902,45.156207387654916
RET-11327,2025-10-05,Retail,Lampa,Valparaíso,1.48,11301,1032,3397,1519,5948,5353,47.367489602690029
RET-12224,2025-10-05,Retail,Lampa,Concepción,4.309,40292,2700,14077,5085,21862,18430,45.741090042688377
RET-11334,2025-10-06,Retail,Lampa,Temuco,5.841,61667,3683,25006,6214,34903,26764,43.400846481910911
RET-11490,2025-10-06,Retail,Lampa,Valparaíso,3.475,25806,2442,8160,4091,14693,11113,43.06362861350074
RET-12898,2025-10-06,Retail,Lampa,Valparaíso,3.964,29894,2665,9204,4170,16039,13855,46.347093062152936
RET-12705,2025-10-07,Retail,Lampa,Valparaíso,4.93,37275,3324,11417,5395,20136,17139,45.979879275653921
RET-13207,2025-10-07,Retail,Lampa,Temuco,1.446,15459,940,6376,1624,8940,6519,42.169609935959635
RET-12142,2025-10-08,Retail,Lampa,Temuco,4.213,44258,2603,17614,4442,24659,19599,44.283519363730846
RET-10509,2025-10-09,Retail,Lampa,Valparaíso,2.616,19589,1714,6053,2997,10764,8825,45.050793812854153
RET-11537,2025-10-10,Retail,Lampa,Puerto Montt,4.156,48267,2790,20229,4949,27968,20299,42.055648786955892
RET-12570,2025-10-10,Retail,Lampa,Concepción,4.902,44653,3057,16722,5332,25111,19542,43.764136788121739
RET-10562,2025-10-11,Retail,Lampa,Concepción,1.149,10563,712,3896,1142,5750,4813,45.564706996118524
RET-10683,2025-10-11,Retail,Lampa,La Serena,4.495,39812,2784,14839,4948,22571,17241,43.306038380387825
RET-13176,2025-10-11,Retail,Lampa,Rancagua,4.01,28479,2652,8771,4479,15902,12577,44.162365251588895
RET-13439,2025-10-11,Retail,Lampa,Rancagua,3.195,22308,2276,6767,3503,12546,9762,43.760086067778374
RET-11392,2025-10-12,Retail,Lampa,Concepción,1.819,16435,1269,6206,2029,9504,6931,42.1721934895041
RET-11420,2025-10-12,Retail,Lampa,Puerto Montt,4.767,55314,2907,23645,4762,31314,24000,43.38865386701378
RET-12415,2025-10-12,Retail,Lampa,Rancagua,1.955,13879,1186,4105,2040,7331,6548,47.179191584408095
RET-13294,2025-10-12,Retail,Lampa,Temuco,3.945,41025,2483,16445,4496,23424,17601,42.903107861060327
RET-12526,2025-10-13,Retail,Lampa,Temuco,3.734,38631,2401,15098,3769,21268,17363,44.945768942041362
RET-12684,2025-10-13,Retail,Lampa,La Serena,2.232,20225,1528,7388,2348,11264,8961,44.306551297898636
RET-10265,2025-10-14,Retail,Lampa,Temuco,5.83,60546,3466,24306,6902,34674,25872,42.731146566247155
RET-11199,2025-10-14,Retail,Lampa,Valparaíso,1.68,12468,1182,4153,1715,7050,5418,43.455245428296443
RET-11268,2025-10-14,Retail,Lampa,La Serena,2.688,24048,1797,8933,2991,13721,10327,42.943280106453756
RET-11370,2025-10-14,Retail,Lampa,Antofagasta,3.932,50163,2502,23802,4142,30446,19717,39.305862886988422
RET-12822,2025-10-14,Retail,Lampa,Valparaíso,4.115,30927,2521,10043,4115,16679,14248,46.069777217318205
RET-12340,2025-10-15,Retail,Lampa,Valparaíso,4.797,36590,2939,11857,4931,19727,16863,46.086362394096746
RET-10699,2025-10-16,Retail,Lampa,Concepción,3.656,33503,2592,12864,4090,19546,13957,41.658955914395726
RET-12368,2025-10-16,Retail,Lampa,Valparaíso,3.525,26706,2070,8499,3861,14430,12276,45.96719838238598
RET-10891,2025-10-17,Retail,Lampa,Concepción,5.877,54171,3972,19022,6490,29484,24687,45.572354211663068
RET-11813,2025-10-17,Retail,Lampa,Concepción,1.876,17125,1146,6443,2091,9680,7445,43.474452554744524
RET-12100,2025-10-17,Retail,Lampa,Concepción,2.064,18947,1362,6785,2367,10514,8433,44.508365440439121
RET-12434,2025-10-17,Retail,Lampa,Concepción,4.47,40653,2956,14916,5265,23137,17516,43.086611074213465
RET-11854,2025-10-18,Retail,Lampa,Rancagua,1.129,8032,704,2475,1140,4319,3713,46.227589641434264
RET-12760,2025-10-18,Retail,Lampa,Rancagua,5.57,39521,3793,11963,6390,22146,17375,43.963968523063691
RET-11335,2025-10-19,Retail,Lampa,Valparaíso,2.335,17214,1493,5670,2716,9879,7335,42.610665737190658
RET-12699,2025-10-20,Retail,Lampa,Valparaíso,1.495,11089,949,3745,1762,6456,4633,41.780142483542249
RET-11422,2025-10-21,Retail,Lampa,Antofagasta,2.038,26669,1444,12289,2216,15949,10720,40.196482807754322
RET-11466,2025-10-21,Retail,Lampa,La Serena,1.51,13353,1014,4908,1743,7665,5688,42.597169175466185
RET-12330,2025-10-21,Retail,Lampa,Valparaíso,5.394,40774,3312,12342,5686,21340,19434,47.662726247118258
RET-12583,2025-10-21,Retail,Lampa,Concepción,2.712,24574,1914,9211,2921,14046,10528,42.842028159843736
RET-12944,2025-10-21,Retail,Lampa,Concepción,1.212,10960,797,4129,1326,6252,4708,42.956204379562045
RET-12987,2025-10-21,Retail,Lampa,Valparaíso,1.366,10237,896,3316,1422,5634,4603,44.964345022955939
RET-13346,2025-10-21,Retail,Lampa,Temuco,3.869,40883,2600,16395,3844,22839,18044,44.135704326981873
RET-13416,2025-10-21,Retail,Lampa,La Serena,4.735,41793,3012,15237,4911,23160,18633,44.58402124757734
RET-12307,2025-10-22,Retail,Lampa,Rancagua,4.309,30600,2701,9081,4291,16073,14527,47.473856209150327
RET-12471,2025-10-22,Retail,Lampa,La Serena,5.739,51908,3634,17654,6624,27912,23996,46.227941743083917
RET-10507,2025-10-23,Retail,Lampa,La Serena,1.422,13031,832,4676,1417,6925,6106,46.857493668943292
RET-10635,2025-10-23,Retail,Lampa,Concepción,1.96,17849,1345,6582,1943,9870,7979,44.702784469718196
RET-10985,2025-10-23,Retail,Lampa,Valparaíso,4.999,36974,3135,11830,5596,20561,16413,44.390652891220853
RET-11887,2025-10-23,Retail,Lampa,Rancagua,1.141,7830,721,2630,1354,4705,3125,39.910600255427845
RET-12275,2025-10-23,Retail,Lampa,Valparaíso,4.761,36141,2826,11075,5648,19549,16592,45.909078332088207
RET-10256,2025-10-24,Retail,Lampa,Rancagua,4.355,30160,2690,9792,5071,17553,12607,41.800397877984082
RET-11153,2025-10-24,Retail,Lampa,Rancagua,3.1,21658,2055,6660,3592,12307,9351,43.175731831194014
RET-11195,2025-10-25,Retail,Lampa,Rancagua,1.877,13101,1336,4061,2118,7515,5586,42.6379665674376
RET-11354,2025-10-25,Retail,Lampa,La Serena,1.426,13021,842,4508,1443,6793,6228,47.830427770524537
RET-10085,2025-10-26,Retail,Lampa,Temuco,3.037,32218,1929,12870,3526,18325,13893,43.121857346824754
RET-10207,2025-10-26,Retail,Lampa,Rancagua,5.718,40484,3494,12752,6615,22861,17623,43.530777591147121
RET-10944,2025-10-26,Retail,Lampa,La Serena,2.523,22868,1709,8215,3023,12947,9921,43.383767710337587
RET-11190,2025-10-26,Retail,Lampa,Valparaíso,4.4,32430,2989,10626,4597,18212,14218,43.842121492445266
RET-11752,2025-10-26,Retail,Lampa,Antofagasta,1.937,25204,1333,10673,2216,14222,10982,43.572448817647988
RET-12544,2025-10-26,Retail,Lampa,La Serena,4.742,42306,3073,15842,5448,24363,17943,42.412423769678057
RET-10838,2025-10-27,Retail,Lampa,La Serena,3.546,31734,2460,10875,3852,17187,14547,45.840423520514271
RET-11054,2025-10-27,Retail,Lampa,Antofagasta,1.034,13395,703,6194,1037,7934,5461,40.768943635684955
RET-11544,2025-10-28,Retail,Lampa,Puerto Montt,3.054,35627,1874,13968,3408,19250,16377,45.967945659191059
RET-11717,2025-10-28,Retail,Lampa,La Serena,2.027,17879,1442,6441,2183,10066,7813,43.699312042060519
RET-11721,2025-10-28,Retail,Lampa,Rancagua,4.586,32500,2929,9917,5129,17975,14525,44.692307692307693
RET-13072,2025-10-28,Retail,Lampa,Valparaíso,5.34,39935,3416,12802,5622,21840,18095,45.311130587204204
RET-11093,2025-10-30,Retail,Lampa,Valparaíso,2.11,15961,1283,5013,2224,8520,7441,46.619885972056892
RET-11582,2025-10-30,Retail,Lampa,Concepción,2.937,27255,2024,10238,3344,15606,11649,42.740781507980188
RET-12256,2025-10-31,Retail,Lampa,Puerto Montt,3.7,43130,2417,18243,3704,24364,18766,43.510317644331096
RET-12271,2025-10-31,Retail,Lampa,La Serena,2.636,23634,1864,8144,2834,12842,10792,45.663027841245665
RET-12996,2025-10-31,Retail,Lampa,La Serena,2.012,18389,1290,6502,2103,9895,8494,46.19065745826309
RET-13248,2025-10-31,Retail,Lampa,Temuco,5.79,61635,3734,23888,6476,34098,27537,44.677537113652953
RET-12935,2025-11-01,Retail,Lampa,Concepción,1.282,11560,764,4557,1493,6814,4746,41.055363321799312
RET-13461,2025-11-01,Retail,Lampa,Antofagasta,4.667,60714,3181,27370,4803,35354,25360,41.769608327568605
RET-12740,2025-11-04,Retail,Lampa,Temuco,2.339,24653,1526,9763,2356,13645,11008,44.651766519287712
RET-13138,2025-11-04,Retail,Lampa,Valparaíso,3.024,22295,2054,7411,3224,12689,9606,43.085893698138591
RET-10400,2025-11-05,Retail,Lampa,Concepción,1.453,13349,899,4923,1686,7508,5841,43.756086598247059
RET-11881,2025-11-05,Retail,Lampa,La Serena,2.536,22586,1640,7949,2745,12334,10252,45.39095014610821
RET-12848,2025-11-05,Retail,Lampa,Puerto Montt,4.528,52666,2894,21295,4849,29038,23628,44.863859036190327
RET-12914,2025-11-05,Retail,Lampa,Concepción,5.784,53815,3386,20417,6624,30427,23388,43.460001858217964
RET-11344,2025-11-06,Retail,Lampa,Concepción,1.871,16941,1152,6243,2077,9472,7469,44.088306475414676
RET-12702,2025-11-06,Retail,Lampa,Rancagua,1.181,8160,795,2673,1355,4823,3337,40.894607843137251
RET-13259,2025-11-06,Retail,Lampa,Rancagua,3.463,24322,2432,7641,3955,14028,10294,42.323822054107389
RET-10001,2025-11-07,Retail,Lampa,Puerto Montt,3.022,35252,2125,15091,3544,20760,14492,41.109724270963348
RET-11029,2025-11-08,Retail,Lampa,Rancagua,1.645,11674,1118,3588,1950,6656,5018,42.98440979955457
RET-12002,2025-11-09,Retail,Lampa,La Serena,5.709,51646,3452,18474,6026,27952,23694,45.87770592107811
RET-11238,2025-11-10,Retail,Lampa,La Serena,1.594,14615,1061,5109,1888,8058,6557,44.86486486486487
RET-11564,2025-11-10,Retail,Lampa,Temuco,1.789,18542,1152,7314,2126,10592,7950,42.875633696472867
RET-12960,2025-11-10,Retail,Lampa,Concepción,2.749,25492,1951,8902,2820,13673,11819,46.363565040012553
RET-11385,2025-11-11,Retail,Lampa,Temuco,4.735,49934,2916,19234,4740,26890,23044,46.148916569872235
RET-11561,2025-11-11,Retail,Lampa,La Serena,1.628,14494,1123,5160,1853,8136,6358,43.866427487236095
RET-13473,2025-11-11,Retail,Lampa,Rancagua,5.567,38373,3630,12684,6089,22403,15970,41.617804185234405
RET-10725,2025-11-12,Retail,Lampa,Rancagua,5.231,36760,3651,11931,5806,21388,15372,41.817192600652888
RET-13472,2025-11-12,Retail,Lampa,Valparaíso,5.894,44282,3775,13783,6931,24489,19793,44.697619800370354
RET-10863,2025-11-13,Retail,Lampa,Rancagua,1.696,11878,1209,3871,1805,6885,4993,42.035696245159116
RET-11419,2025-11-14,Retail,Lampa,Rancagua,3.776,26886,2512,8331,4042,14885,12001,44.636613851074905
RET-11552,2025-11-14,Retail,Lampa,La Serena,3.599,31974,2312,11923,3626,17861,14113,44.138987927691247
RET-10196,2025-11-15,Retail,Lampa,La Serena,2.458,22136,1651,8083,2817,12551,9585,43.30050596313697
RET-11557,2025-11-15,Retail,Lampa,Rancagua,3.578,24939,2452,8131,4081,14664,10275,41.200529291471192
RET-11761,2025-11-15,Retail,Lampa,La Serena,2.479,22423,1532,8148,2729,12409,10014,44.659501404807564
RET-10537,2025-11-16,Retail,Lampa,Rancagua,4.845,33354,2924,11083,5599,19606,13748,41.218444564370088
RET-11535,2025-11-17,Retail,Lampa,Temuco,3.891,40995,2670,15889,4306,22865,18130,44.224905476277591
RET-11943,2025-11-17,Retail,Lampa,Valparaíso,1.222,9083,743,2879,1374,4996,4087,44.996146647583394
RET-13334,2025-11-17,Retail,Lampa,La Serena,1.313,11738,918,4215,1426,6559,5179,44.121656159482029
RET-10586,2025-11-18,Retail,Lampa,La Serena,2.841,25128,1880,8742,3277,13899,11229,44.687201528175741
RET-10983,2025-11-18,Retail,Lampa,Concepción,4.263,39803,2545,14175,4344,21064,18739,47.079365876943953
RET-11512,2025-11-18,Retail,Lampa,Rancagua,4.339,30505,2940,9521,4553,17014,13491,44.225536797246349
RET-12777,2025-11-18,Retail,Lampa,Temuco,2.797,29558,1751,11667,3098,16516,13042,44.123418363894714
RET-13258,2025-11-18,Retail,Lampa,Valparaíso,3.775,28762,2255,8746,4281,15282,13480,46.867394478826228
RET-12103,2025-11-19,Retail,Lampa,Rancagua,3.767,26608,2295,8554,4117,14966,11642,43.753758268190019
RET-10854,2025-11-20,Retail,Lampa,Antofagasta,1.187,15255,738,7147,1415,9300,5955,39.03638151425762
RET-11549,2025-11-20,Retail,Lampa,Valparaíso,1.665,12377,1181,4078,1651,6910,5467,44.170639088632143
RET-11807,2025-11-21,Retail,Lampa,Rancagua,4.356,31025,2675,9194,4517,16386,14639,47.184528605962932
RET-13298,2025-11-21,Retail,Lampa,Temuco,1.742,18118,1068,7472,1785,10325,7793,43.012473782978255
RET-10756,2025-11-22,Retail,Lampa,Antofagasta,5.838,77198,3766,33464,6686,43916,33282,43.112515868286742
RET-13179,2025-11-22,Retail,Lampa,Rancagua,4.683,32674,3101,9897,5286,18284,14390,44.041133623064212
RET-10519,2025-11-24,Retail,Lampa,Valparaíso,1.703,12895,1019,4117,1913,7049,5846,45.335401318340438
RET-10527,2025-11-24,Retail,Lampa,Rancagua,2.297,16054,1374,5089,2334,8797,7257,45.203687554503553
RET-12785,2025-11-24,Retail,Lampa,Temuco,1.666,17390,986,7089,1770,9845,7545,43.3870040253019
RET-10681,2025-11-25,Retail,Lampa,Rancagua,4.214,28947,2991,9452,4344,16787,12160,42.007807372093822
RET-10776,2025-11-25,Retail,Lampa,Valparaíso,4.439,33244,3030,10545,4541,18116,15128,45.5059559619781
RET-10820,2025-11-25,Retail,Lampa,Valparaíso,5.435,40942,3746,13448,5524,22718,18224,44.511748326901468
RET-13236,2025-11-25,Retail,Lampa,Rancagua,4.455,31206,2821,10021,4857,17699,13507,43.28334294686919
RET-10787,2025-11-26,Retail,Lampa,La Serena,3.238,29687,2089,10508,3471,16068,13619,45.875298952403412
RET-11433,2025-11-26,Retail,Lampa,Rancagua,3.798,26314,2533,8172,3833,14538,11776,44.751843125332528
RET-11496,2025-11-26,Retail,Lampa,Rancagua,3.957,27213,2607,8838,4045,15490,11723,43.078675632969535
RET-12857,2025-11-26,Retail,Lampa,Rancagua,3.862,26981,2670,8363,4566,15599,11382,42.185241466216965
RET-10934,2025-11-27,Retail,Lampa,Temuco,2.937,31039,1987,12514,3292,17793,13246,42.67534392216244
RET-11016,2025-11-27,Retail,Lampa,Temuco,4.236,43982,2742,18675,4499,25916,18066,41.075894684188988
RET-12081,2025-11-27,Retail,Lampa,Valparaíso,3.724,27383,2249,9066,4147,15462,11921,43.534309608151048
RET-12469,2025-11-27,Retail,Lampa,Puerto Montt,5.9,69128,3627,28311,6177,38115,31013,44.86315241291517
RET-13028,2025-11-27,Retail,Lampa,Concepción,1.844,17274,1160,6403,2131,9694,7580,43.880977191154336
RET-10761,2025-11-29,Retail,Lampa,La Serena,1.464,13418,897,4543,1735,7175,6243,46.527053212103148
RET-11691,2025-11-29,Retail,Lampa,Concepción,5.241,48637,3676,17075,5271,26022,22615,46.49752246232292
RET-13493,2025-11-29,Retail,Lampa,Antofagasta,4.801,61862,3284,27449,5395,36128,25734,41.599043031263136
RET-11071,2025-11-30,Retail,Lampa,Valparaíso,3.692,27458,2230,9299,4386,15915,11543,42.038750091048144
RET-11614,2025-11-30,Retail,Lampa,Rancagua,3.111,22160,1865,6947,3374,12186,9974,45.009025270758123
RET-10280,2025-12-01,Retail,Lampa,Rancagua,2.168,15446,1376,4978,2277,8631,6815,44.121455392982
RET-10559,2025-12-01,Retail,Lampa,Temuco,1.696,18054,997,7303,1892,10192,7862,43.547136368671765
RET-13230,2025-12-01,Retail,Lampa,La Serena,4.768,43085,3405,15494,5480,24379,18706,43.41650226296855
RET-11593,2025-12-02,Retail,Lampa,Rancagua,1.718,12086,1121,3808,1865,6794,5292,43.786198907827242
RET-12659,2025-12-02,Retail,Lampa,Puerto Montt,4.434,50187,3022,20702,5179,28903,21284,42.409388885567978
RET-13061,2025-12-02,Retail,Lampa,Rancagua,5.259,36681,3606,11479,5284,20369,16312,44.469889043373954
RET-11441,2025-12-03,Retail,Lampa,La Serena,1.675,15247,986,5623,1963,8572,6675,43.779104086049713
RET-11507,2025-12-03,Retail,Lampa,Temuco,1.786,19008,1160,7176,1820,10156,8852,46.569865319865322
RET-12800,2025-12-03,Retail,Lampa,La Serena,2.398,21482,1471,7458,2622,11551,9931,46.229401359277531
RET-10003,2025-12-04,Retail,Lampa,Valparaíso,4.115,31265,2676,9483,4299,16458,14807,47.359667359667363
RET-11904,2025-12-07,Retail,Lampa,Temuco,3.353,35131,1962,14530,3683,20175,14956,42.5720873302781
RET-13358,2025-12-07,Retail,Lampa,Concepción,1.885,17563,1295,6625,1980,9900,7663,43.631498035643112
RET-11103,2025-12-08,Retail,Lampa,Temuco,5.3,56589,3558,21538,6131,31227,25362,44.817897471239995
RET-11626,2025-12-08,Retail,Lampa,Antofagasta,3.598,46372,2512,21086,4000,27598,18774,40.485637884930561
RET-12099,2025-12-08,Retail,Lampa,Puerto Montt,2.003,23330,1418,9492,2033,12943,10387,44.522074582083157
RET-12206,2025-12-08,Retail,Lampa,Puerto Montt,1.607,18796,1121,7362,1936,10419,8377,44.567993190040433
RET-12543,2025-12-09,Retail,Lampa,Valparaíso,3.863,29229,2501,9089,4345,15935,13294,45.482226555817853
RET-11145,2025-12-10,Retail,Lampa,Rancagua,1.51,10482,913,3333,1640,5886,4596,43.846594161419574
RET-11903,2025-12-10,Retail,Lampa,Rancagua,4.762,33097,2942,10121,5224,18287,14810,44.747258059642867
RET-11984,2025-12-10,Retail,Lampa,Rancagua,2.45,17282,1491,5235,2472,9198,8084,46.776993403541255
RET-13228,2025-12-10,Retail,Lampa,Antofagasta,3.025,39161,1966,16712,3272,21950,17211,43.949337350935878
RET-10766,2025-12-11,Retail,Lampa,Puerto Montt,3.208,36939,2139,15651,3220,21010,15929,43.122445112212027
RET-13085,2025-12-11,Retail,Lampa,Concepción,5.609,51458,3309,19343,5793,28445,23013,44.721909129775739
RET-12195,2025-12-12,Retail,Lampa,Valparaíso,3.345,25340,2165,7699,3463,13327,12013,47.407261247040253
RET-12488,2025-12-12,Retail,Lampa,Concepción,2.164,20124,1447,7410,2535,11392,8732,43.390975949115486
RET-13182,2025-12-12,Retail,Lampa,Valparaíso,5.677,43251,4024,13749,6246,24019,19232,44.466023906961688
RET-13458,2025-12-12,Retail,Lampa,Valparaíso,3.819,28861,2411,9052,3873,15336,13525,46.862548075257266
RET-10520,2025-12-13,Retail,Lampa,Rancagua,4.267,29726,2718,9389,4443,16550,13176,44.3248334791092
RET-10715,2025-12-13,Retail,Lampa,Rancagua,2.738,19272,1778,5791,2763,10332,8940,46.388542963885435
RET-10193,2025-12-14,Retail,Lampa,Concepción,5.909,54988,3803,20444,6858,31105,23883,43.433112679129991
RET-10795,2025-12-14,Retail,Lampa,Rancagua,3.726,25923,2520,7802,4238,14560,11363,43.833661227481386
RET-10883,2025-12-14,Retail,Lampa,Rancagua,2.33,16071,1487,5172,2452,9111,6960,43.307821541907785
RET-10896,2025-12-14,Retail,Lampa,Valparaíso,5.971,44527,3979,14886,6749,25614,18913,42.475352033597588
RET-12954,2025-12-15,Retail,Lampa,Rancagua,4.702,33023,3305,10795,4904,19004,14019,42.452230263755567
RET-13225,2025-12-15,Retail,Lampa,Valparaíso,5.899,44981,3897,13699,6562,24158,20823,46.292879215668833
RET-10720,2025-12-16,Retail,Lampa,Temuco,4.524,47015,2958,19107,4927,26992,20023,42.588535573753056
RET-12783,2025-12-16,Retail,Lampa,Rancagua,4.473,31594,2931,10151,4627,17709,13885,43.948218016079004
RET-12896,2025-12-16,Retail,Lampa,Antofagasta,2.034,26405,1452,12306,2171,15929,10476,39.674304109070249
RET-12933,2025-12-16,Retail,Lampa,Puerto Montt,3.998,45522,2606,18667,4115,25388,20134,44.22916392074162
RET-13190,2025-12-17,Retail,Lampa,Rancagua,5.714,39760,3982,12782,6864,23628,16132,40.573440643863179
RET-10009,2025-12-18,Retail,Lampa,La Serena,1.984,17595,1315,6344,2127,9786,7809,44.381926683716969
RET-10511,2025-12-18,Retail,Lampa,Rancagua,5.908,41011,4150,12579,6913,23642,17369,42.352051888517714
RET-10039,2025-12-19,Retail,Lampa,Concepción,1.511,13781,920,5164,1790,7874,5907,42.863362600682095
RET-10327,2025-12-19,Retail,Lampa,Valparaíso,1.609,12226,994,3866,1837,6697,5529,45.223294618027154
RET-11057,2025-12-19,Retail,Lampa,Rancagua,4.115,28735,2839,9225,4174,16238,12497,43.490516791369409
RET-12074,2025-12-19,Retail,Lampa,La Serena,1.953,17475,1223,6554,2208,9985,7490,42.86123032904149
RET-12967,2025-12-19,Retail,Lampa,Temuco,2.19,23435,1320,9028,2404,12752,10683,45.585662470663536
RET-12983,2025-12-19,Retail,Lampa,Rancagua,1.653,11768,1115,3626,1671,6412,5356,45.5132562882393
RET-13227,2025-12-19,Retail,Lampa,Rancagua,1.454,10148,996,3301,1532,5829,4319,42.56011036657469
RET-13438,2025-12-19,Retail,Lampa,Rancagua,2.564,18291,1661,5598,2622,9881,8410,45.978896725165377
RET-10421,2025-12-20,Retail,Lampa,Concepción,1.847,16897,1124,6244,1995,9363,7534,44.587796650292951
RET-11122,2025-12-20,Retail,Lampa,Temuco,4.238,44079,2596,17142,4421,24159,19920,45.191587830939909
RET-10288,2025-12-21,Retail,Lampa,La Serena,1.612,14474,952,5167,1878,7997,6477,44.749205471880614
RET-10814,2025-12-21,Retail,Lampa,Temuco,2.556,26533,1762,10585,2692,15039,11494,43.319639693966
RET-12439,2025-12-21,Retail,Lampa,Valparaíso,2.565,19555,1516,6143,2798,10457,9098,46.5251853745845
RET-13053,2025-12-21,Retail,Lampa,Concepción,1.164,10512,816,4056,1364,6236,4276,40.67732115677321
RET-10198,2025-12-22,Retail,Lampa,Temuco,3.451,36041,2067,13844,3719,19630,16411,45.534252656696538
RET-12058,2025-12-22,Retail,Lampa,Rancagua,4.698,33307,2773,10207,5227,18207,15100,45.335815294082323
RET-12566,2025-12-22,Retail,Lampa,Rancagua,3.495,24176,2195,7400,3887,13482,10694,44.233951025810718
RET-12735,2025-12-22,Retail,Lampa,La Serena,2.374,21410,1548,7482,2690,11720,9690,45.259224661373189
RET-13321,2025-12-22,Retail,Lampa,Rancagua,5.673,39928,4012,12584,5695,22291,17637,44.172009617311161
RET-10661,2025-12-23,Retail,Lampa,La Serena,5.105,46541,3196,15526,6077,24799,21742,46.715798972948583
RET-10165,2025-12-24,Retail,Lampa,Concepción,5.741,52898,3835,19771,6577,30183,22715,42.941131989867294
RET-10325,2025-12-25,Retail,Lampa,Concepción,5.017,45755,3227,16229,5854,25310,20445,44.683641132116705
RET-11958,2025-12-25,Retail,Lampa,Rancagua,4.501,31542,2798,9585,5091,17474,14068,44.600849660769768
RET-12606,2025-12-25,Retail,Lampa,Rancagua,4.71,32764,2772,10370,5218,18360,14404,43.96288609449396
RET-13035,2025-12-25,Retail,Lampa,Rancagua,2.31,16342,1547,5308,2523,9378,6964,42.614123118345368
RET-12145,2025-12-26,Retail,Lampa,Puerto Montt,3.494,39992,2281,16944,4110,23335,16657,41.650830166033209
RET-10982,2025-12-27,Retail,Lampa,Temuco,2.647,27780,1868,11085,3200,16153,11627,41.853851691864655
RET-11556,2025-12-27,Retail,Lampa,Rancagua,5.342,36730,3206,11239,5786,20231,16499,44.91968418186768
RET-12443,2025-12-27,Retail,Lampa,Temuco,2.782,28841,1720,11141,2809,15670,13171,45.667625949169583
RET-13113,2025-12-27,Retail,Lampa,Rancagua,2.935,20216,1906,6745,3124,11775,8441,41.754056193114366
RET-13309,2025-12-27,Retail,Lampa,Valparaíso,1.221,9034,781,2822,1244,4847,4187,46.347133052911225
RET-12288,2025-12-28,Retail,Lampa,Valparaíso,2.137,16280,1300,5323,2493,9116,7164,44.004914004914006
RET-13295,2025-12-28,Retail,Lampa,Concepción,4.564,42254,3206,15688,4532,23426,18828,44.559094996923371
RET-12065,2025-12-29,Retail,Lampa,Concepción,2.101,18993,1440,6942,2490,10872,8121,42.757858158268839
RET-12904,2025-12-29,Retail,Lampa,Rancagua,2.708,18949,1910,6200,3200,11310,7639,40.313473006491108
RET-11577,2025-12-30,Retail,Lampa,Antofagasta,4.163,54533,2945,24185,4414,31544,22989,42.156125648689788
RET-12633,2025-12-30,Retail,Lampa,Rancagua,4.87,34017,3146,10868,5602,19616,14401,42.334714995443456
RET-13226,2025-12-30,Retail,Lampa,La Serena,1.309,11552,783,4116,1470,6369,5183,44.866689750692522
RET-10368,2025-12-31,Retail,Lampa,Concepción,5.052,47006,2978,16370,5933,25281,21725,46.217504148406583
RET-11770,2025-12-31,Retail,Lampa,Rancagua,4.056,28572,2635,9160,4518,16313,12259,42.905641887162254
RET-11905,2025-12-31,Retail,Lampa,Temuco,1.314,13723,867,5497,1353,7717,6006,43.765940392042559
RET-13136,2025-12-31,Retail,Lampa,Antofagasta,4.752,61956,3212,26819,5424,35455,26501,42.773904060946478
RET-12102,2025-01-01,Retail,Pudahuel,Valparaíso,5.711,43600,3651,13951,6885,24487,19113,43.837155963302756
RET-10514,2025-01-02,Retail,Pudahuel,Rancagua,4.556,32023,3088,10428,4657,18173,13850,43.25016394466477
RET-10746,2025-01-02,Retail,Pudahuel,La Serena,1.036,9481,614,3460,1032,5106,4375,46.144921421790954
RET-11816,2025-01-02,Retail,Pudahuel,Puerto Montt,3.64,41644,2406,17004,3822,23232,18412,44.212851791374504
RET-11797,2025-01-03,Retail,Pudahuel,Concepción,3.594,33195,2102,11764,3966,17832,15363,46.281066425666516
RET-11986,2025-01-03,Retail,Pudahuel,Rancagua,3.987,27723,2439,8492,4437,15368,12355,44.565883923096344
RET-11132,2025-01-04,Retail,Pudahuel,Concepción,1.949,17760,1201,6394,2034,9629,8131,45.782657657657651
RET-12930,2025-01-04,Retail,Pudahuel,Concepción,2.842,26034,1874,10133,2920,14927,11107,42.663440116770381
RET-10070,2025-01-05,Retail,Pudahuel,Valparaíso,2.065,15293,1304,4725,2172,8201,7092,46.3741581115543
RET-11871,2025-01-05,Retail,Pudahuel,Temuco,1.996,20882,1305,8417,2291,12013,8869,42.471985442007472
RET-12028,2025-01-05,Retail,Pudahuel,Rancagua,3.118,21697,1914,6730,3087,11731,9966,45.932617412545511
RET-12755,2025-01-05,Retail,Pudahuel,Valparaíso,5.433,41318,3730,13678,5668,23076,18242,44.150249286025463
RET-12911,2025-01-05,Retail,Pudahuel,Temuco,1.499,15846,955,6132,1708,8795,7051,44.497033951785944
RET-10004,2025-01-06,Retail,Pudahuel,Concepción,2.233,20324,1389,7662,2452,11503,8821,43.401889391852
RET-10486,2025-01-06,Retail,Pudahuel,Temuco,4.325,45276,2599,18911,4544,26054,19222,42.455163883735317
RET-11960,2025-01-06,Retail,Pudahuel,Temuco,4.15,43506,2447,18165,4451,25063,18443,42.391853997149823
RET-12491,2025-01-07,Retail,Pudahuel,Rancagua,5.552,39485,3459,11705,6243,21407,18078,45.784475117133091
RET-13017,2025-01-07,Retail,Pudahuel,Antofagasta,3.775,48763,2573,22302,4217,29092,19671,40.340011894264094
RET-13092,2025-01-07,Retail,Pudahuel,Valparaíso,5.473,41387,3447,12782,5632,21861,19526,47.179065890255394
RET-10708,2025-01-08,Retail,Pudahuel,Temuco,5.806,62165,3743,25280,5904,34927,27238,43.815651894152658
RET-10952,2025-01-08,Retail,Pudahuel,Puerto Montt,1.756,19824,1118,8447,1937,11502,8322,41.979418886198552
RET-12680,2025-01-08,Retail,Pudahuel,Antofagasta,4.723,61683,3056,26511,5675,35242,26441,42.865943614934423
RET-13044,2025-01-08,Retail,Pudahuel,Rancagua,1.986,13941,1232,4563,2331,8126,5815,41.711498457786384
RET-10065,2025-01-09,Retail,Pudahuel,Concepción,3.849,34797,2331,13693,4027,20051,14746,42.377216426703448
RET-12164,2025-01-09,Retail,Pudahuel,Rancagua,3.712,26140,2457,8474,4382,15313,10827,41.41928079571538
RET-12383,2025-01-09,Retail,Pudahuel,Valparaíso,2.409,17943,1514,5851,2718,10083,7860,43.805383715097811
RET-11151,2025-01-10,Retail,Pudahuel,Concepción,3.785,35453,2294,13069,4141,19504,15949,44.986319916509181
RET-11647,2025-01-10,Retail,Pudahuel,Valparaíso,3.839,29307,2545,8888,3806,15239,14068,48.002183778619447
RET-11076,2025-01-11,Retail,Pudahuel,Concepción,3.793,34963,2470,13468,4534,20472,14491,41.446672196321828
RET-12204,2025-01-11,Retail,Pudahuel,La Serena,4.659,42722,2987,14848,5458,23293,19429,45.47773980618885
RET-10741,2025-01-12,Retail,Pudahuel,Valparaíso,2.162,16421,1311,5109,2426,8846,7575,46.129955544729313
RET-11073,2025-01-12,Retail,Pudahuel,Valparaíso,3.23,24646,2166,8042,3736,13944,10702,43.422867808163595
RET-11066,2025-01-13,Retail,Pudahuel,La Serena,4.753,43610,2854,14863,5419,23136,20474,46.947947718413211
RET-13122,2025-01-14,Retail,Pudahuel,Valparaíso,5.794,43108,3723,14260,6129,24112,18996,44.066066623364577
RET-12056,2025-01-15,Retail,Pudahuel,Rancagua,2.336,16593,1600,4883,2761,9244,7349,44.289760742481768
RET-11173,2025-01-16,Retail,Pudahuel,Rancagua,5.843,41159,3469,12892,6749,23110,18049,43.851891445370391
RET-12612,2025-01-17,Retail,Pudahuel,Rancagua,2.476,17231,1700,5208,2805,9713,7518,43.630665660727757
RET-11164,2025-01-18,Retail,Pudahuel,Antofagasta,1.674,22099,1132,9294,1835,12261,9838,44.517851486492596
RET-11607,2025-01-19,Retail,Pudahuel,Temuco,1.093,11604,714,4790,1321,6825,4779,41.184074457083767
RET-11664,2025-01-19,Retail,Pudahuel,Puerto Montt,2.389,27718,1530,11623,2852,16005,11713,42.257738653582507
RET-11172,2025-01-21,Retail,Pudahuel,Concepción,2.884,26832,2028,9875,3097,15000,11832,44.096601073345262
RET-11645,2025-01-21,Retail,Pudahuel,Valparaíso,1.436,10965,995,3313,1698,6006,4959,45.225718194254441
RET-12943,2025-01-21,Retail,Pudahuel,Temuco,1.185,12264,708,4844,1218,6770,5494,44.797782126549251
RET-13287,2025-01-21,Retail,Pudahuel,Temuco,2.487,26000,1478,10047,2536,14061,11939,45.919230769230765
RET-10261,2025-01-22,Retail,Pudahuel,Temuco,2.881,30072,1852,11616,3097,16565,13507,44.915536046820961
RET-10355,2025-01-22,Retail,Pudahuel,Rancagua,1.274,9023,848,2921,1414,5183,3840,42.5579075695445
RET-11178,2025-01-22,Retail,Pudahuel,Concepción,2.936,26579,1867,9641,3159,14667,11912,44.817336995372287
RET-12768,2025-01-22,Retail,Pudahuel,Concepción,2.353,21373,1633,8286,2474,12393,8980,42.015627193187669
RET-10268,2025-01-23,Retail,Pudahuel,La Serena,1.996,17899,1305,6566,2263,10134,7765,43.382311860997817
RET-11819,2025-01-23,Retail,Pudahuel,La Serena,5.722,51681,3736,17525,5852,27113,24568,47.537779841721331
RET-10072,2025-01-24,Retail,Pudahuel,Rancagua,2.382,16435,1432,5480,2555,9467,6968,42.397322786735629
RET-12776,2025-01-24,Retail,Pudahuel,La Serena,1.904,16803,1330,6262,2082,9674,7129,42.426947568886511
RET-11811,2025-01-25,Retail,Pudahuel,Rancagua,3.421,24310,2363,7875,3851,14089,10221,42.044426162073222
RET-12265,2025-01-25,Retail,Pudahuel,Rancagua,3.488,24422,2079,7394,3767,13240,11182,45.786585865203506
RET-12875,2025-01-26,Retail,Pudahuel,Temuco,4.485,47782,3022,18250,5079,26351,21431,44.85161776401155
RET-10691,2025-01-27,Retail,Pudahuel,Rancagua,4.865,33824,3435,10715,5723,19873,13951,41.245860927152314
RET-11257,2025-01-27,Retail,Pudahuel,Antofagasta,5.328,70337,3591,29851,5940,39382,30955,44.009554004293619
RET-11590,2025-01-27,Retail,Pudahuel,Concepción,3.03,27575,1811,10448,3094,15353,12222,44.32275611967362
RET-11777,2025-01-27,Retail,Pudahuel,Concepción,3.278,30016,2318,11671,3714,17703,12313,41.0214552238806
RET-11316,2025-01-28,Retail,Pudahuel,La Serena,3.405,30624,2412,11380,4055,17847,12777,41.722178683385579
RET-12237,2025-01-28,Retail,Pudahuel,Concepción,1.019,9516,689,3316,1209,5214,4302,45.208070617906685
RET-13103,2025-01-28,Retail,Pudahuel,Rancagua,5.747,39594,4103,12170,5905,22178,17416,43.986462595342729
RET-13134,2025-01-28,Retail,Pudahuel,Rancagua,3.222,22362,2272,7020,3811,13103,9259,41.405062159019771
RET-10927,2025-01-29,Retail,Pudahuel,La Serena,4.665,41222,3201,15643,4709,23553,17669,42.863034302071711
RET-11315,2025-01-29,Retail,Pudahuel,Valparaíso,5.759,42775,3737,14445,6304,24486,18289,42.756282875511396
RET-11084,2025-01-30,Retail,Pudahuel,Temuco,3.758,39442,2680,15441,4156,22277,17165,43.519598397647179
RET-11838,2025-01-30,Retail,Pudahuel,Valparaíso,5.006,38124,3383,12534,5952,21869,16255,42.637183926135769
RET-12162,2025-01-30,Retail,Pudahuel,Rancagua,5.752,41057,3946,12055,6305,22306,18751,45.670652994617242
RET-12778,2025-01-30,Retail,Pudahuel,Valparaíso,4.123,30423,2828,9499,4863,17190,13233,43.49669657824672
RET-12969,2025-01-30,Retail,Pudahuel,Concepción,2.83,25735,1697,9410,3101,14208,11527,44.791140470176806
RET-13063,2025-01-30,Retail,Pudahuel,Valparaíso,3.742,27828,2583,8843,4248,15674,12154,43.675434813856548
RET-13237,2025-01-30,Retail,Pudahuel,Rancagua,2.58,17702,1819,5559,2656,10034,7668,43.317139306293072
RET-13247,2025-01-30,Retail,Pudahuel,Rancagua,1.749,12423,1232,4027,2052,7311,5112,41.149480801738711
RET-10075,2025-01-31,Retail,Pudahuel,Concepción,3.569,32272,2292,12388,3578,18258,14014,43.424640555280121
RET-10961,2025-01-31,Retail,Pudahuel,Puerto Montt,1.697,19436,1055,7746,1786,10587,8849,45.528915414694382
RET-12031,2025-01-31,Retail,Pudahuel,Valparaíso,1.894,13936,1261,4571,2067,7899,6037,43.319460390355914
RET-11166,2025-02-02,Retail,Pudahuel,Antofagasta,2.348,30085,1587,14056,2357,18000,12085,40.169519694199771
RET-11999,2025-02-02,Retail,Pudahuel,Valparaíso,4.079,30247,2440,9801,4686,16927,13320,44.037425199193308
RET-13206,2025-02-02,Retail,Pudahuel,Valparaíso,5.359,40125,3436,12728,6350,22514,17611,43.890342679127727
RET-10996,2025-02-03,Retail,Pudahuel,La Serena,5.211,46448,3490,16039,5493,25022,21426,46.129004478126078
RET-12309,2025-02-03,Retail,Pudahuel,Puerto Montt,5.532,64596,3801,26003,5578,35382,29214,45.225710570313957
RET-13324,2025-02-03,Retail,Pudahuel,Concepción,4.518,42173,3138,15133,5458,23729,18444,43.7341426979347
RET-11094,2025-02-04,Retail,Pudahuel,La Serena,4.355,39169,2834,14160,5092,22086,17083,43.6135719574153
RET-12574,2025-02-04,Retail,Pudahuel,Antofagasta,3.966,51755,2788,23379,4344,30511,21244,41.047241812385273
RET-10676,2025-02-05,Retail,Pudahuel,Rancagua,5.104,36274,3636,11609,5553,20798,15476,42.664167172079175
RET-11815,2025-02-05,Retail,Pudahuel,Valparaíso,5.432,40149,3839,13448,6189,23476,16673,41.527808911803533
RET-11892,2025-02-05,Retail,Pudahuel,Valparaíso,4.159,30624,2751,10205,4443,17399,13225,43.18508359456635
RET-11436,2025-02-06,Retail,Pudahuel,Rancagua,4.722,33312,3254,10787,5462,19503,13809,41.453530259366
RET-12675,2025-02-06,Retail,Pudahuel,La Serena,4.17,37104,2620,13049,4862,20531,16573,44.666343251401464
RET-11294,2025-02-08,Retail,Pudahuel,Concepción,5.401,48745,3668,19279,6107,29054,19691,40.395938044927689
RET-12946,2025-02-08,Retail,Pudahuel,Puerto Montt,1.128,12876,789,5271,1150,7210,5666,44.004349176762972
RET-10736,2025-02-09,Retail,Pudahuel,Antofagasta,4.004,52449,2634,23878,4823,31335,21114,40.2562489275296
RET-11919,2025-02-09,Retail,Pudahuel,Temuco,2.872,29868,1743,12191,3002,16936,12932,43.297174233293156
RET-10299,2025-02-10,Retail,Pudahuel,Rancagua,5.903,42045,3663,13166,6791,23620,18425,43.822095374004043
RET-12089,2025-02-11,Retail,Pudahuel,Temuco,5.226,54846,3707,21115,5295,30117,24729,45.088064763155018
RET-13349,2025-02-11,Retail,Pudahuel,La Serena,4.25,38030,2861,13832,4927,21620,16410,43.150144622666318
RET-12584,2025-02-12,Retail,Pudahuel,Rancagua,2.546,17920,1522,5396,2806,9724,8196,45.736607142857146
RET-11686,2025-02-13,Retail,Pudahuel,Rancagua,4.756,32840,3365,10395,5352,19112,13728,41.8026796589525
RET-12576,2025-02-13,Retail,Pudahuel,Antofagasta,3.92,50759,2739,22689,4146,29574,21185,41.736440828227508
RET-12685,2025-02-13,Retail,Pudahuel,La Serena,5.28,46964,3377,16484,5242,25103,21861,46.548420066433863
RET-12950,2025-02-13,Retail,Pudahuel,Rancagua,3.44,23992,2135,7938,3706,13779,10213,42.568356118706234
RET-11504,2025-02-14,Retail,Pudahuel,Rancagua,4.733,32470,3125,10792,4916,18833,13637,41.998768093624882
RET-13360,2025-02-14,Retail,Pudahuel,Valparaíso,4.035,30394,2411,9855,4745,17011,13383,44.0317167862078
RET-10319,2025-02-15,Retail,Pudahuel,Antofagasta,2.371,30764,1387,13544,2384,17315,13449,43.716681835912105
RET-10383,2025-02-15,Retail,Pudahuel,La Serena,2.682,24431,1606,8805,3076,13487,10944,44.795546641561948
RET-10964,2025-02-16,Retail,Pudahuel,Rancagua,4.772,32940,3283,10362,5471,19116,13824,41.967213114754095
RET-10919,2025-02-17,Retail,Pudahuel,La Serena,4.706,41614,3343,14306,4995,22644,18970,45.58562022396309
RET-11207,2025-02-17,Retail,Pudahuel,Rancagua,4.128,28869,2950,8979,4956,16885,11984,41.511656101700787
RET-12214,2025-02-17,Retail,Pudahuel,Rancagua,4.842,33255,3014,10257,5597,18868,14387,43.262667268079994
RET-12408,2025-02-17,Retail,Pudahuel,La Serena,4.573,41355,2879,14628,5066,22573,18782,45.416515536210852
RET-11431,2025-02-18,Retail,Pudahuel,Valparaíso,1.744,13294,1200,4190,1866,7256,6038,45.418986008725746
RET-12854,2025-02-19,Retail,Pudahuel,Rancagua,4.832,34170,3008,10299,5648,18955,15215,44.527363184079604
RET-13266,2025-02-19,Retail,Pudahuel,Temuco,2.635,27185,1788,11608,2936,16332,10853,39.92275151738091
RET-11875,2025-02-20,Retail,Pudahuel,La Serena,1.392,12292,975,4614,1473,7062,5230,42.547998698340386
RET-13432,2025-02-20,Retail,Pudahuel,Concepción,1.834,17043,1233,6543,2065,9841,7202,42.257818459191462
RET-11410,2025-02-21,Retail,Pudahuel,Antofagasta,2.446,31304,1734,14528,2901,19163,12141,38.784180935343727
RET-11948,2025-02-21,Retail,Pudahuel,Concepción,2.912,26489,1794,10198,2925,14917,11572,43.686058363849142
RET-12216,2025-02-21,Retail,Pudahuel,Rancagua,2.335,16204,1557,5214,2417,9188,7016,43.297951123179459
RET-13264,2025-02-21,Retail,Pudahuel,Antofagasta,4.049,52752,2727,22989,4056,29772,22980,43.562329390354869
RET-13313,2025-02-21,Retail,Pudahuel,Temuco,1.041,11071,671,4356,1130,6157,4914,44.3862343058441
RET-13459,2025-02-21,Retail,Pudahuel,Valparaíso,5.681,43207,4028,13083,6818,23929,19278,44.617770268706458
RET-10962,2025-02-22,Retail,Pudahuel,Rancagua,3.832,26698,2264,8602,4408,15274,11424,42.789722076560047
RET-11613,2025-02-23,Retail,Pudahuel,Antofagasta,3.691,48397,2370,21101,4219,27690,20707,42.785709858049053
RET-12318,2025-02-23,Retail,Pudahuel,La Serena,2.714,24778,1868,9112,3002,13982,10796,43.570909677940108
RET-13464,2025-02-23,Retail,Pudahuel,Temuco,5.344,55688,3573,21940,5697,31210,24478,43.9556098261744
RET-12604,2025-02-24,Retail,Pudahuel,Rancagua,1.72,11878,1126,3831,1872,6829,5049,42.507156086883313
RET-12003,2025-02-25,Retail,Pudahuel,Temuco,5.867,62514,3680,24527,7077,35284,27230,43.5582429535784
RET-12795,2025-02-25,Retail,Pudahuel,Valparaíso,5.35,40826,3720,12709,6461,22890,17936,43.932787929260762
RET-11239,2025-02-26,Retail,Pudahuel,La Serena,5.292,47424,3627,16521,6056,26204,21220,44.745276653171388
RET-13068,2025-02-26,Retail,Pudahuel,Concepción,4.702,43510,2751,16443,4807,24001,19509,44.837968283153295
RET-12538,2025-02-27,Retail,Pudahuel,Rancagua,2.076,14822,1323,4622,2468,8413,6409,43.239778707326948
RET-10057,2025-02-28,Retail,Pudahuel,Valparaíso,4.197,31214,2778,10343,5060,18181,13033,41.75370026270263
RET-10248,2025-02-28,Retail,Pudahuel,Valparaíso,4.393,33012,2727,10697,4546,17970,15042,45.565249000363508
RET-13174,2025-02-28,Retail,Pudahuel,Rancagua,2.797,19630,1742,6459,3047,11248,8382,42.69994905756495
RET-10019,2025-03-03,Retail,Pudahuel,Antofagasta,1.654,21592,1182,9246,1791,12219,9373,43.409596146721007
RET-12067,2025-03-03,Retail,Pudahuel,Valparaíso,1.761,13466,1159,4173,1826,7158,6308,46.843903163522945
RET-10081,2025-03-04,Retail,Pudahuel,Concepción,1.212,11059,745,4028,1250,6023,5036,45.537571208970071
RET-10510,2025-03-04,Retail,Pudahuel,Valparaíso,1.902,14413,1158,4355,2142,7655,6758,46.88822590716714
RET-11134,2025-03-04,Retail,Pudahuel,Temuco,3.132,33080,1953,13329,3729,19011,14069,42.530229746070134
RET-13143,2025-03-04,Retail,Pudahuel,Valparaíso,4.505,33273,2916,10568,4835,18319,14954,44.943347458900611
RET-11489,2025-03-05,Retail,Pudahuel,La Serena,5.096,45395,3135,16122,5127,24384,21011,46.284833131402138
RET-12906,2025-03-05,Retail,Pudahuel,Valparaíso,4.234,31501,2870,10282,4633,17785,13716,43.541474873813527
RET-13037,2025-03-05,Retail,Pudahuel,La Serena,2.395,21232,1564,7530,2502,11596,9636,45.384325546345138
RET-10190,2025-03-06,Retail,Pudahuel,Temuco,4.985,52221,3485,20377,5575,29437,22784,43.629957296872909
RET-11295,2025-03-06,Retail,Pudahuel,Puerto Montt,3.771,43799,2494,17265,3910,23669,20130,45.959953423594143
RET-11262,2025-03-08,Retail,Pudahuel,Rancagua,5.409,37195,3323,11722,6248,21293,15902,42.753058206748221
RET-11726,2025-03-08,Retail,Pudahuel,Antofagasta,4.909,64801,3182,29089,5649,37920,26881,41.482384531102916
RET-10821,2025-03-09,Retail,Pudahuel,Antofagasta,3.4,44610,2239,19137,3512,24888,19722,44.2098184263618
RET-11155,2025-03-09,Retail,Pudahuel,Puerto Montt,4.47,51162,2753,20535,4587,27875,23287,45.516203432234867
RET-10463,2025-03-10,Retail,Pudahuel,Concepción,3.275,30638,2125,11611,3298,17034,13604,44.402376134212417
RET-10779,2025-03-10,Retail,Pudahuel,La Serena,3.468,30672,2316,11021,3746,17083,13589,44.304251434533128
RET-11404,2025-03-10,Retail,Pudahuel,Valparaíso,3.262,24629,2280,7566,3870,13716,10913,44.309553778066508
RET-11970,2025-03-10,Retail,Pudahuel,Rancagua,1.652,11601,1081,3795,1887,6763,4838,41.703301439531074
RET-11976,2025-03-10,Retail,Pudahuel,Concepción,2.996,27321,1844,10370,3556,15770,11551,42.278833132022989
RET-12120,2025-03-10,Retail,Pudahuel,Rancagua,1.414,9859,990,3221,1574,5785,4074,41.32264935591845
RET-10842,2025-03-11,Retail,Pudahuel,Temuco,3.953,41537,2318,17068,4085,23471,18066,43.493752557960377
RET-12900,2025-03-11,Retail,Pudahuel,Valparaíso,4.079,30886,2521,9593,4612,16726,14160,45.846014375445186
RET-10129,2025-03-12,Retail,Pudahuel,Concepción,4.033,37075,2854,13058,4624,20536,16539,44.609575185434927
RET-10995,2025-03-12,Retail,Pudahuel,La Serena,2.032,18396,1342,6349,2042,9733,8663,47.091759078060448
RET-12730,2025-03-13,Retail,Pudahuel,Puerto Montt,4.764,54726,3370,22395,5423,31188,23538,43.010634798815914
RET-11893,2025-03-14,Retail,Pudahuel,Rancagua,1.409,9701,854,2950,1477,5281,4420,45.562313163591384
RET-12357,2025-03-14,Retail,Pudahuel,Puerto Montt,2.224,25174,1569,10368,2568,14505,10669,42.381028044808133
RET-11957,2025-03-15,Retail,Pudahuel,Rancagua,3.134,21639,2057,6862,3186,12105,9534,44.059337307638984
RET-10145,2025-03-16,Retail,Pudahuel,Antofagasta,2.069,27145,1241,12178,2394,15813,11332,41.746177933321057
RET-10717,2025-03-16,Retail,Pudahuel,Concepción,5.839,53123,3578,18973,6626,29177,23946,45.07652052783164
RET-12121,2025-03-16,Retail,Pudahuel,Temuco,2.39,24763,1491,9764,2693,13948,10815,43.674029802527961
RET-10140,2025-03-17,Retail,Pudahuel,Rancagua,5.692,39936,3849,12948,5739,22536,17400,43.569711538461533
RET-10155,2025-03-17,Retail,Pudahuel,Valparaíso,5.299,39471,3733,12681,5258,21672,17799,45.093866382914037
RET-11774,2025-03-17,Retail,Pudahuel,Antofagasta,1.025,13409,713,6202,1047,7962,5447,40.621970318442834
RET-12866,2025-03-17,Retail,Pudahuel,Concepción,3.255,29758,2242,11430,3332,17004,12754,42.859063109079912
RET-11470,2025-03-18,Retail,Pudahuel,Puerto Montt,5.065,57598,3488,25413,5167,34068,23530,40.852112920587516
RET-12230,2025-03-18,Retail,Pudahuel,Valparaíso,4.977,37618,3476,12146,5059,20681,16937,45.023658886703174
RET-10235,2025-03-19,Retail,Pudahuel,Rancagua,2.414,16959,1532,5368,2474,9374,7585,44.725514476089387
RET-11350,2025-03-19,Retail,Pudahuel,Rancagua,4.921,35075,3369,11327,5526,20222,14853,42.3464005702067
RET-10773,2025-03-20,Retail,Pudahuel,Rancagua,4.23,29785,2991,9118,4364,16473,13312,44.693637737116
RET-10989,2025-03-22,Retail,Pudahuel,La Serena,3.748,33380,2376,11744,4030,18150,15230,45.626123427201918
RET-10407,2025-03-23,Retail,Pudahuel,Valparaíso,1.784,13204,1249,4347,2141,7737,5467,41.404119963647382
RET-10722,2025-03-24,Retail,Pudahuel,Concepción,5.909,54113,4004,19808,6960,30772,23341,43.133812577384361
RET-10733,2025-03-24,Retail,Pudahuel,Rancagua,4.403,30596,3054,9912,4551,17517,13079,42.747417963132435
RET-12188,2025-03-24,Retail,Pudahuel,Puerto Montt,4.795,54791,2901,23589,5352,31842,22949,41.884616086583563
RET-10415,2025-03-25,Retail,Pudahuel,Antofagasta,3.891,51270,2752,22726,3988,29466,21804,42.527794031597423
RET-11349,2025-03-25,Retail,Pudahuel,Antofagasta,4.516,58503,2713,26127,4925,33765,24738,42.285011025075633
RET-11794,2025-03-25,Retail,Pudahuel,Rancagua,5.977,42295,3947,12695,6594,23236,19059,45.06206407376758
RET-12966,2025-03-25,Retail,Pudahuel,Concepción,1.68,15735,1002,5540,1714,8256,7479,47.530981887511913
RET-10080,2025-03-26,Retail,Pudahuel,Rancagua,4.531,31451,2795,9793,5207,17795,13656,43.419923054910811
RET-10923,2025-03-26,Retail,Pudahuel,Valparaíso,5.995,44651,3836,15093,6422,25351,19300,43.224115921255965
RET-13211,2025-03-26,Retail,Pudahuel,Temuco,1.861,19515,1301,7463,1966,10730,8785,45.0166538560082
RET-10116,2025-03-27,Retail,Pudahuel,Rancagua,5.544,39166,3439,12192,5522,21153,18013,45.991421130572434
RET-10569,2025-03-27,Retail,Pudahuel,Valparaíso,5.936,45321,3915,14735,6218,24868,20453,45.129189558924118
RET-10898,2025-03-27,Retail,Pudahuel,Puerto Montt,5.719,66744,3502,26124,6840,36466,30278,45.364377322306126
RET-11530,2025-03-27,Retail,Pudahuel,La Serena,2.717,24212,1716,8427,3095,13238,10974,45.324632413679169
RET-12499,2025-03-27,Retail,Pudahuel,Concepción,5.087,47326,3322,18066,5824,27212,20114,42.500950851540381
RET-11234,2025-03-28,Retail,Pudahuel,Valparaíso,2.032,15468,1218,4907,2375,8500,6968,45.047840703387635
RET-11469,2025-03-28,Retail,Pudahuel,Valparaíso,3.914,29591,2396,9709,4603,16708,12883,43.536886215403328
RET-13275,2025-03-28,Retail,Pudahuel,Temuco,3.969,41230,2493,17337,4569,24399,16831,40.822216832403591
RET-10332,2025-03-31,Retail,Pudahuel,Rancagua,3.405,24069,2206,7386,3726,13318,10751,44.667414516598114
RET-11928,2025-03-31,Retail,Pudahuel,Valparaíso,3.558,26969,2500,8940,3856,15296,11673,43.28302866253847
RET-11259,2025-04-01,Retail,Pudahuel,Concepción,2.233,20634,1566,7635,2570,11771,8863,42.953377919937971
RET-12129,2025-04-01,Retail,Pudahuel,Valparaíso,3.321,25162,2353,7913,3841,14107,11055,43.935299260790082
RET-11224,2025-04-02,Retail,Pudahuel,Rancagua,2.173,15176,1284,4780,2595,8659,6517,42.942804428044276
RET-12811,2025-04-02,Retail,Pudahuel,Temuco,1.648,17428,1081,6576,1718,9375,8053,46.207252696809732
RET-13011,2025-04-03,Retail,Pudahuel,Valparaíso,2.685,20320,1674,6367,2875,10916,9404,46.279527559055119
RET-12167,2025-04-04,Retail,Pudahuel,Valparaíso,5.42,41296,3679,12593,5472,21744,19552,47.345989926385123
RET-12198,2025-04-04,Retail,Pudahuel,Concepción,2.869,26172,2035,9471,3319,14825,11347,43.355494421519182
RET-10050,2025-04-05,Retail,Pudahuel,Valparaíso,5.214,39853,3189,12610,5167,20966,18887,47.391664366547062
RET-10542,2025-04-05,Retail,Pudahuel,Rancagua,5.215,35904,3067,11169,5544,19780,16124,44.908645276292333
RET-10767,2025-04-06,Retail,Pudahuel,Rancagua,3.856,27010,2601,8610,4578,15789,11221,41.543872639763052
RET-11435,2025-04-07,Retail,Pudahuel,Rancagua,4.466,31297,2862,10118,4741,17721,13576,43.377959548838547
RET-11636,2025-04-07,Retail,Pudahuel,Antofagasta,4.524,57897,2873,25686,5183,33742,24155,41.720641829455758
RET-11868,2025-04-07,Retail,Pudahuel,La Serena,5.663,50228,3831,18009,5972,27812,22416,44.628494067054234
RET-11977,2025-04-07,Retail,Pudahuel,Temuco,4.907,52510,3354,20012,5712,29078,23432,44.623881165492286
RET-12936,2025-04-07,Retail,Pudahuel,Concepción,4.06,36605,2601,14096,4186,20883,15722,42.950416609752764
RET-12988,2025-04-07,Retail,Pudahuel,Puerto Montt,3.482,40729,2197,17359,4049,23605,17124,42.043752608706328
RET-10853,2025-04-08,Retail,Pudahuel,Valparaíso,2.679,20326,1750,6478,2982,11210,9116,44.848961920692709
RET-12113,2025-04-08,Retail,Pudahuel,Puerto Montt,4.719,55320,2880,22652,5495,31027,24293,43.913593637020973
RET-12087,2025-04-09,Retail,Pudahuel,Rancagua,5.777,39767,3958,12758,5797,22513,17254,43.387733547916611
RET-10143,2025-04-10,Retail,Pudahuel,Antofagasta,3.897,50311,2442,22329,4383,29154,21157,42.052433861382205
RET-10420,2025-04-10,Retail,Pudahuel,Antofagasta,5.701,75030,3994,31576,6708,42278,32752,43.65187258429961
RET-10748,2025-04-10,Retail,Pudahuel,Valparaíso,1.3,9821,807,2981,1477,5265,4556,46.3903879442012
RET-11068,2025-04-10,Retail,Pudahuel,La Serena,2.35,20816,1637,7258,2376,11271,9545,45.854150653343581
RET-11139,2025-04-10,Retail,Pudahuel,Rancagua,1.153,8017,714,2609,1236,4559,3458,43.133341648995881
RET-11231,2025-04-10,Retail,Pudahuel,Antofagasta,2.832,37359,1725,16337,2831,20893,16466,44.075055542171896
RET-11343,2025-04-10,Retail,Pudahuel,La Serena,4.064,36081,2417,12607,4399,19423,16658,46.168343449460934
RET-13315,2025-04-10,Retail,Pudahuel,Concepción,3.351,31353,2114,11782,3336,17232,14121,45.038752272509811
RET-12023,2025-04-11,Retail,Pudahuel,Rancagua,5.697,40594,3595,11919,6332,21846,18748,46.184165147558751
RET-10029,2025-04-12,Retail,Pudahuel,Rancagua,5.599,39449,3502,12679,6144,22325,17124,43.407944434586426
RET-12115,2025-04-12,Retail,Pudahuel,Valparaíso,2.961,22059,1854,6815,3506,12175,9884,44.807108209800987
RET-12192,2025-04-13,Retail,Pudahuel,La Serena,1.874,17128,1299,5906,2197,9402,7726,45.107426436244744
RET-12892,2025-04-13,Retail,Pudahuel,Concepción,5.046,45921,3255,17948,5802,27005,18916,41.192482742100559
RET-10038,2025-04-14,Retail,Pudahuel,Concepción,5.258,48650,3362,17028,6311,26701,21949,45.116135662898252
RET-12937,2025-04-14,Retail,Pudahuel,Temuco,1.097,11697,689,4698,1276,6663,5034,43.036676070787379
RET-13246,2025-04-14,Retail,Pudahuel,Rancagua,2.07,14397,1423,4610,2169,8202,6195,43.029797874557204
RET-10535,2025-04-15,Retail,Pudahuel,Temuco,5.494,57148,3357,22000,5886,31243,25905,45.329670329670328
RET-12084,2025-04-15,Retail,Pudahuel,Rancagua,2.813,19929,1660,6315,3190,11165,8764,43.976115208991921
RET-10806,2025-04-16,Retail,Pudahuel,Concepción,4.564,42119,3008,14881,4693,22582,19537,46.385241814857906
RET-10347,2025-04-17,Retail,Pudahuel,Temuco,2.664,28450,1746,11228,3030,16004,12446,43.746924428822496
RET-10434,2025-04-17,Retail,Pudahuel,Rancagua,1.639,11470,1011,3454,1714,6179,5291,46.12903225806452
RET-11061,2025-04-17,Retail,Pudahuel,La Serena,2.697,24245,1683,8423,3110,13216,11029,45.48979170963085
RET-11152,2025-04-17,Retail,Pudahuel,Rancagua,3.387,23609,2195,7779,3842,13816,9793,41.479944089118561
RET-11844,2025-04-17,Retail,Pudahuel,Valparaíso,5.391,40219,3755,12943,5583,22281,17938,44.600810562172107
RET-12563,2025-04-17,Retail,Pudahuel,Temuco,5.844,60189,3439,24776,7012,35227,24962,41.472694346142987
RET-13285,2025-04-18,Retail,Pudahuel,Valparaíso,5.96,45445,4094,13873,6817,24784,20661,45.463747386951262
RET-12580,2025-04-19,Retail,Pudahuel,Rancagua,1.621,11544,992,3440,1795,6227,5317,46.058558558558559
RET-10817,2025-04-21,Retail,Pudahuel,Temuco,3.16,32787,1884,13488,3422,18794,13993,42.678500625247814
RET-12338,2025-04-21,Retail,Pudahuel,Valparaíso,4.091,30724,2893,9754,4648,17295,13429,43.708501497200885
RET-12732,2025-04-21,Retail,Pudahuel,Concepción,5.449,49487,3798,17695,6193,27686,21801,44.053993978216496
RET-11597,2025-04-22,Retail,Pudahuel,Concepción,5.728,52700,4018,18705,6340,29063,23637,44.851992409867172
RET-11859,2025-04-22,Retail,Pudahuel,Concepción,1.159,10499,725,3870,1377,5972,4527,43.118392227831222
RET-12834,2025-04-22,Retail,Pudahuel,Puerto Montt,4.997,56579,2974,23981,5788,32743,23836,42.128704996553488
RET-13263,2025-04-22,Retail,Pudahuel,Temuco,2.506,26767,1535,10966,2496,14997,11770,43.972055142526244
RET-11333,2025-04-23,Retail,Pudahuel,Valparaíso,4.807,36404,3071,11096,5055,19222,17182,47.198110097791449
RET-11464,2025-04-23,Retail,Pudahuel,Rancagua,2.357,16651,1562,5298,2578,9438,7213,43.318719596420635
RET-11765,2025-04-23,Retail,Pudahuel,Antofagasta,4.719,61075,3291,28397,5616,37304,23771,38.920998772001639
RET-11631,2025-04-24,Retail,Pudahuel,Rancagua,3.191,22413,2119,6694,3648,12461,9952,44.4028019452996
RET-13058,2025-04-24,Retail,Pudahuel,Concepción,4.008,37566,2407,14125,4312,20844,16722,44.513655965500718
RET-13214,2025-04-24,Retail,Pudahuel,La Serena,3.444,31062,2071,11092,3827,16990,14072,45.302942502092591
RET-11175,2025-04-25,Retail,Pudahuel,Puerto Montt,4.244,49567,2916,19409,4262,26587,22980,46.361490507797527
RET-11244,2025-04-25,Retail,Pudahuel,Concepción,5.067,45955,3162,16709,5887,25758,20197,43.949515830703952
RET-11477,2025-04-26,Retail,Pudahuel,Valparaíso,5.559,41617,3832,13015,6351,23198,18419,44.258355960304684
RET-12821,2025-04-26,Retail,Pudahuel,Puerto Montt,5.672,64156,3970,26569,5716,36255,27901,43.489307313423531
RET-12965,2025-04-27,Retail,Pudahuel,La Serena,3.732,33224,2610,11618,4234,18462,14762,44.431736094389592
RET-12353,2025-04-28,Retail,Pudahuel,Concepción,4.713,43983,2820,15223,4741,22784,21199,48.198167473796694
RET-12508,2025-04-28,Retail,Pudahuel,Concepción,4.092,37529,2902,13834,4499,21235,16294,43.417090783127712
RET-10615,2025-04-29,Retail,Pudahuel,Antofagasta,5.08,66783,3313,28968,5051,37332,29451,44.099546291720948
RET-11365,2025-04-29,Retail,Pudahuel,Antofagasta,4.544,58437,2985,25325,4797,33107,25330,43.345825418827111
RET-13317,2025-04-29,Retail,Pudahuel,Valparaíso,1.81,13606,1093,4201,1933,7227,6379,46.883727767161545
RET-11100,2025-04-30,Retail,Pudahuel,Rancagua,3.807,26542,2626,8002,3934,14562,11980,45.136010850727146
RET-11658,2025-04-30,Retail,Pudahuel,Valparaíso,1.963,14611,1356,4502,2223,8081,6530,44.692355074943535
RET-12157,2025-04-30,Retail,Pudahuel,La Serena,1.594,14258,940,5125,1699,7764,6494,45.546359938280261
RET-10224,2025-05-01,Retail,Pudahuel,Antofagasta,1.218,15576,732,7015,1283,9030,6546,42.026194144838215
RET-10671,2025-05-01,Retail,Pudahuel,Valparaíso,1.304,9705,792,3167,1514,5473,4232,43.606388459556925
RET-11642,2025-05-01,Retail,Pudahuel,La Serena,2.226,20043,1519,6956,2374,10849,9194,45.871376540438057
RET-11766,2025-05-01,Retail,Pudahuel,Rancagua,1.455,10353,861,3135,1596,5592,4761,45.986670530281074
RET-12362,2025-05-01,Retail,Pudahuel,Temuco,4.146,43146,2778,17753,4361,24892,18254,42.307514022157328
RET-12461,2025-05-01,Retail,Pudahuel,Temuco,4.344,45294,2567,17665,4961,25193,20101,44.37894643882192
RET-10148,2025-05-02,Retail,Pudahuel,Rancagua,2.485,17545,1763,5364,2591,9718,7827,44.611000284981479
RET-10269,2025-05-02,Retail,Pudahuel,Antofagasta,1.539,19772,968,8683,1735,11386,8386,42.413514060287277
RET-11679,2025-05-02,Retail,Pudahuel,Concepción,2.672,24598,1665,8686,2727,13078,11520,46.833075859826
RET-12246,2025-05-02,Retail,Pudahuel,Temuco,3.795,40360,2311,15190,3892,21393,18967,46.994549058473737
RET-10730,2025-05-03,Retail,Pudahuel,Rancagua,2.288,15844,1409,5030,2558,8997,6847,43.215097197677352
RET-10136,2025-05-04,Retail,Pudahuel,La Serena,5.592,49592,3571,17159,5675,26405,23187,46.755525084691079
RET-12492,2025-05-04,Retail,Pudahuel,Rancagua,3.657,26103,2172,7855,4053,14080,12023,46.0598398651496
RET-10610,2025-05-05,Retail,Pudahuel,Temuco,5.553,58662,3591,23037,6009,32637,26025,44.364324434898229
RET-11706,2025-05-05,Retail,Pudahuel,Rancagua,5.09,36123,3242,10894,6134,20270,15853,43.88616670819146
RET-11983,2025-05-05,Retail,Pudahuel,Rancagua,1.713,11945,1158,3841,1833,6832,5113,42.804520719966519
RET-13154,2025-05-05,Retail,Pudahuel,Valparaíso,5.491,41636,3806,12904,6491,23201,18435,44.276587568450381
RET-13331,2025-05-05,Retail,Pudahuel,Concepción,5.464,50704,3645,18047,6389,28081,22623,44.617781634585043
RET-10388,2025-05-06,Retail,Pudahuel,La Serena,2.673,24208,1627,8462,3214,13303,10905,45.047091870456043
RET-10823,2025-05-07,Retail,Pudahuel,La Serena,4.876,44321,3211,15026,5061,23298,21023,47.433496536630493
RET-11760,2025-05-07,Retail,Pudahuel,Rancagua,1.767,12280,1139,4026,1822,6987,5293,43.102605863192181
RET-11990,2025-05-07,Retail,Pudahuel,Temuco,5.712,61126,3528,23231,6218,32977,28149,46.050780355331611
RET-12559,2025-05-07,Retail,Pudahuel,La Serena,5.8,51616,3642,17815,6204,27661,23955,46.4100278983261
RET-13350,2025-05-07,Retail,Pudahuel,Concepción,5.397,48846,3831,17813,6455,28099,20747,42.474307005691358
RET-10202,2025-05-08,Retail,Pudahuel,Rancagua,4.608,31860,3086,10184,5557,18827,13033,40.90709353421218
RET-10855,2025-05-09,Retail,Pudahuel,Valparaíso,5.573,41126,3732,13959,6442,24133,16993,41.319360015561927
RET-12561,2025-05-09,Retail,Pudahuel,La Serena,3.583,31742,2326,11064,3879,17269,14473,45.5957406590637
RET-12758,2025-05-09,Retail,Pudahuel,Rancagua,5.661,39865,3544,13034,6703,23281,16584,41.60040135457168
RET-12921,2025-05-09,Retail,Pudahuel,Rancagua,5.928,42177,4127,13268,6662,24057,18120,42.961803826730211
RET-10941,2025-05-10,Retail,Pudahuel,Puerto Montt,2.745,31437,1691,13619,2791,18101,13336,42.421350637783505
RET-11336,2025-05-10,Retail,Pudahuel,Antofagasta,1.439,18701,939,8600,1508,11047,7654,40.928292604673551
RET-12200,2025-05-10,Retail,Pudahuel,Rancagua,2.92,20301,1922,6220,3252,11394,8907,43.874685976060292
RET-12452,2025-05-10,Retail,Pudahuel,Puerto Montt,2.32,26724,1481,10953,2588,15022,11702,43.788355036671156
RET-13018,2025-05-11,Retail,Pudahuel,La Serena,5.781,52048,3825,18446,6486,28757,23291,44.749077774362128
RET-13465,2025-05-11,Retail,Pudahuel,Rancagua,5.154,36291,3080,11903,5800,20783,15508,42.732357884875036
RET-13194,2025-05-12,Retail,Pudahuel,Antofagasta,2.991,38899,1888,16875,3474,22237,16662,42.834006015578808
RET-10651,2025-05-13,Retail,Pudahuel,Puerto Montt,2.969,33599,1862,14130,3117,19109,14490,43.126283520342866
RET-11097,2025-05-13,Retail,Pudahuel,Valparaíso,2.884,21637,1702,7264,3083,12049,9588,44.312982391274211
RET-12210,2025-05-13,Retail,Pudahuel,Valparaíso,1.422,10524,991,3449,1481,5921,4603,43.73812238692512
RET-10532,2025-05-14,Retail,Pudahuel,Puerto Montt,2.431,27685,1681,11409,2758,15848,11837,42.756005056890011
RET-12864,2025-05-14,Retail,Pudahuel,Valparaíso,3.867,28691,2359,8903,4122,15384,13307,46.380398034226758
RET-11048,2025-05-15,Retail,Pudahuel,Antofagasta,5.312,69931,3255,29852,6204,39311,30620,43.786017645965309
RET-11473,2025-05-15,Retail,Pudahuel,Rancagua,3.193,22389,2159,7075,3482,12716,9673,43.204252088078967
RET-12470,2025-05-15,Retail,Pudahuel,Rancagua,1.803,12569,1140,3878,1876,6894,5675,45.150767761954015
RET-12802,2025-05-15,Retail,Pudahuel,Antofagasta,5.451,71763,3300,33099,6510,42909,28854,40.207349191087324
RET-10232,2025-05-16,Retail,Pudahuel,Concepción,2.137,19952,1472,7450,2514,11436,8516,42.682437850842021
RET-11494,2025-05-16,Retail,Pudahuel,Puerto Montt,2.46,27880,1446,11569,2552,15567,12313,44.164275466284074
RET-12858,2025-05-16,Retail,Pudahuel,Concepción,2.293,21492,1504,8113,2378,11995,9497,44.188535268937279
RET-10340,2025-05-17,Retail,Pudahuel,Valparaíso,2.505,18636,1647,5862,2998,10507,8129,43.61987550976604
RET-11353,2025-05-18,Retail,Pudahuel,Valparaíso,1.919,14401,1273,4592,2063,7928,6473,44.9482674814249
RET-13269,2025-05-18,Retail,Pudahuel,Valparaíso,3.927,29701,2694,9361,4555,16610,13091,44.075957038483551
RET-11509,2025-05-19,Retail,Pudahuel,Concepción,5.298,49136,3537,17939,5789,27265,21871,44.511152718984043
RET-10959,2025-05-20,Retail,Pudahuel,Antofagasta,1.99,25531,1386,11300,2115,14801,10730,42.027339312992055
RET-11523,2025-05-20,Retail,Pudahuel,La Serena,2.142,19401,1267,6843,2457,10567,8834,45.533735374465238
RET-13320,2025-05-20,Retail,Pudahuel,Temuco,2.769,29579,1752,11094,3129,15975,13604,45.992088982048074
RET-10707,2025-05-21,Retail,Pudahuel,Valparaíso,5.059,38580,3230,12613,5229,21072,17508,45.381026438569208
RET-11109,2025-05-21,Retail,Pudahuel,Temuco,3.619,37640,2183,14683,4273,21139,16501,43.839001062699253
RET-11598,2025-05-21,Retail,Pudahuel,Temuco,3.225,33828,1913,13461,3250,18624,15204,44.945015963107487
RET-11653,2025-05-21,Retail,Pudahuel,Rancagua,5.315,37834,3442,11605,5892,20939,16895,44.65560078236507
RET-10307,2025-05-22,Retail,Pudahuel,Valparaíso,2.336,17604,1653,5696,2656,10005,7599,43.16632583503749
RET-12358,2025-05-22,Retail,Pudahuel,Antofagasta,4.956,65507,3511,27550,5378,36439,29068,44.373883707084737
RET-12019,2025-05-23,Retail,Pudahuel,Temuco,1.757,18802,1101,7688,1995,10784,8018,42.64439953196468
RET-11731,2025-05-25,Retail,Pudahuel,Rancagua,1.611,11256,1102,3707,1742,6551,4705,41.7999289267946
RET-13498,2025-05-25,Retail,Pudahuel,La Serena,1.526,13874,913,4808,1614,7335,6539,47.131324780164334
RET-10044,2025-05-26,Retail,Pudahuel,Rancagua,4.306,30304,2949,9085,4544,16578,13726,45.294350580781419
RET-12509,2025-05-26,Retail,Pudahuel,Valparaíso,2.457,18630,1478,6087,2770,10335,8295,44.524959742351044
RET-10650,2025-05-27,Retail,Pudahuel,Concepción,2.826,26010,1996,9829,3111,14936,11074,42.5759323337178
RET-11015,2025-05-27,Retail,Pudahuel,La Serena,2.973,26736,2039,9769,3341,15149,11587,43.3385697187313
RET-11026,2025-05-27,Retail,Pudahuel,Temuco,4.279,44241,2668,17636,4797,25101,19140,43.263036549806735
RET-11528,2025-05-27,Retail,Pudahuel,Temuco,4.455,47411,2907,18372,4934,26213,21198,44.711142983695765
RET-13102,2025-05-27,Retail,Pudahuel,Temuco,1.553,16269,1109,6646,1771,9526,6743,41.446923597025012
RET-11668,2025-05-28,Retail,Pudahuel,Rancagua,3.908,27220,2356,8342,4540,15238,11982,44.0191036002939
RET-10233,2025-05-29,Retail,Pudahuel,La Serena,2.87,25544,1886,9541,3216,14643,10901,42.675383651738173
RET-10462,2025-05-29,Retail,Pudahuel,Antofagasta,5.099,67593,3213,30744,5418,39375,28218,41.746926456881624
RET-10888,2025-05-29,Retail,Pudahuel,Temuco,1.61,17194,986,6481,1785,9252,7942,46.190531580784
RET-12261,2025-05-29,Retail,Pudahuel,Rancagua,5.62,39885,3578,12691,5951,22220,17665,44.289833270653126
RET-12341,2025-05-29,Retail,Pudahuel,Concepción,1.905,17200,1286,6545,2142,9973,7227,42.017441860465112
RET-12885,2025-05-29,Retail,Pudahuel,Rancagua,4.424,31274,2624,9972,4788,17384,13890,44.413890132378327
RET-12982,2025-05-29,Retail,Pudahuel,Puerto Montt,3.252,37610,1971,14911,3334,20216,17394,46.248338207923425
RET-12212,2025-05-30,Retail,Pudahuel,Valparaíso,2.365,17783,1555,5401,2681,9637,8146,45.807793960524094
RET-12392,2025-05-30,Retail,Pudahuel,Rancagua,1.129,7988,762,2504,1307,4573,3415,42.751627441161745
RET-13078,2025-05-30,Retail,Pudahuel,Valparaíso,5.745,43097,3575,14178,5970,23723,19374,44.954405179014778
RET-10788,2025-05-31,Retail,Pudahuel,Concepción,4.123,37953,2572,14219,4905,21696,16257,42.8345585329223
RET-12150,2025-05-31,Retail,Pudahuel,Antofagasta,2.523,32285,1538,14525,2858,18921,13364,41.393836146817407
RET-12486,2025-05-31,Retail,Pudahuel,Valparaíso,1.022,7558,598,2476,1160,4234,3324,43.979888859486636
RET-11895,2025-06-01,Retail,Pudahuel,Puerto Montt,1.336,15185,915,6615,1469,8999,6186,40.737569970365492
RET-12487,2025-06-01,Retail,Pudahuel,Rancagua,1.48,10422,961,3378,1638,5977,4445,42.650163116484357
RET-10636,2025-06-02,Retail,Pudahuel,Rancagua,3.361,23326,2397,7209,3968,13574,9752,41.807425190774246
RET-11672,2025-06-02,Retail,Pudahuel,Puerto Montt,2.568,29844,1658,11875,2916,16449,13395,44.883393646964215
RET-12264,2025-06-02,Retail,Pudahuel,Valparaíso,4.899,36119,3264,11766,5183,20213,15906,44.037764057698162
RET-12328,2025-06-02,Retail,Pudahuel,Valparaíso,4.223,31270,2993,10366,5068,18427,12843,41.071314358810362
RET-10457,2025-06-03,Retail,Pudahuel,Rancagua,3.148,22155,2065,7147,3683,12895,9260,41.796434213495829
RET-10781,2025-06-03,Retail,Pudahuel,Antofagasta,2.367,30840,1425,13496,2366,17287,13553,43.9461738002594
RET-12876,2025-06-03,Retail,Pudahuel,Concepción,1.427,13112,1001,4898,1475,7374,5738,43.7614399023795
RET-13153,2025-06-03,Retail,Pudahuel,Temuco,2.689,28730,1657,10820,3209,15686,13044,45.402018795683951
RET-13311,2025-06-03,Retail,Pudahuel,Concepción,5.749,53690,3451,19844,5700,28995,24695,45.995529893834977
RET-13403,2025-06-03,Retail,Pudahuel,Valparaíso,3.386,25082,2134,8307,4074,14515,10567,42.129814209393189
RET-10835,2025-06-04,Retail,Pudahuel,Concepción,2.681,24443,1723,8742,3178,13643,10800,44.184429079900177
RET-12884,2025-06-04,Retail,Pudahuel,Temuco,2.605,27628,1791,10508,2631,14930,12698,45.960619661213265
RET-13396,2025-06-04,Retail,Pudahuel,Valparaíso,1.199,8914,778,2976,1321,5075,3839,43.067085483509089
RET-10066,2025-06-05,Retail,Pudahuel,Antofagasta,4.45,58149,2906,26327,5055,34288,23861,41.034239625788921
RET-10858,2025-06-05,Retail,Pudahuel,Concepción,1.854,16733,1147,6565,2107,9819,6914,41.319548198171283
RET-11277,2025-06-05,Retail,Pudahuel,Concepción,5.823,52756,3708,19251,6048,29007,23749,45.016680567139282
RET-11388,2025-06-05,Retail,Pudahuel,Rancagua,1.025,7265,639,2348,1063,4050,3215,44.253269098417071
RET-12573,2025-06-05,Retail,Pudahuel,Valparaíso,2.052,15539,1358,5120,2327,8805,6734,43.336122015573721
RET-12979,2025-06-05,Retail,Pudahuel,Valparaíso,2.236,16711,1489,5287,2434,9210,7501,44.886601639638563
RET-11230,2025-06-06,Retail,Pudahuel,Concepción,5.554,52012,3377,18871,6648,28896,23116,44.443589940782893
RET-13447,2025-06-06,Retail,Pudahuel,Antofagasta,2.808,36096,1671,16835,3317,21823,14273,39.5417774822695
RET-12185,2025-06-07,Retail,Pudahuel,Temuco,2.597,27082,1570,11073,2976,15619,11463,42.327006868030423
RET-12837,2025-06-07,Retail,Pudahuel,Antofagasta,2.176,28024,1485,13112,2471,17068,10956,39.095061375963461
RET-12850,2025-06-07,Retail,Pudahuel,Valparaíso,3.998,30091,2491,9341,4301,16133,13958,46.385962580173477
RET-12305,2025-06-09,Retail,Pudahuel,Rancagua,1.488,10406,884,3315,1682,5881,4525,43.484528156832596
RET-13124,2025-06-09,Retail,Pudahuel,Valparaíso,1.908,14574,1344,4398,2266,8008,6566,45.052833813640731
RET-10300,2025-06-10,Retail,Pudahuel,Temuco,1.389,14815,883,5822,1511,8216,6599,44.5426932163348
RET-10785,2025-06-10,Retail,Pudahuel,Concepción,3.045,27623,2168,10768,3613,16549,11074,40.08978025558411
RET-10439,2025-06-11,Retail,Pudahuel,Valparaíso,2.72,20703,1769,6358,2922,11049,9654,46.630923054629761
RET-12450,2025-06-11,Retail,Pudahuel,Valparaíso,2.058,15277,1233,4931,2056,8220,7057,46.193624402696862
RET-13305,2025-06-11,Retail,Pudahuel,Antofagasta,2.436,31519,1496,14331,2444,18271,13248,42.031790348678577
RET-10264,2025-06-13,Retail,Pudahuel,La Serena,4.303,38517,2532,14422,5035,21989,16528,42.910922449827346
RET-10453,2025-06-13,Retail,Pudahuel,Temuco,4.849,51561,3366,20203,5725,29294,22267,43.18574116095499
RET-11602,2025-06-13,Retail,Pudahuel,Concepción,4.748,44243,3072,16431,5342,24845,19398,43.844223945030855
RET-11861,2025-06-14,Retail,Pudahuel,Rancagua,2.948,20499,2019,6274,3260,11553,8946,43.641153226986681
RET-12548,2025-06-14,Retail,Pudahuel,Rancagua,1.679,11759,1035,3849,1846,6730,5029,42.767242112424526
RET-10151,2025-06-15,Retail,Pudahuel,Temuco,5.463,57002,3326,21847,5715,30888,26114,45.8124276341181
RET-12413,2025-06-15,Retail,Pudahuel,Rancagua,1.791,12332,1211,3959,1807,6977,5355,43.423613363606876
RET-12591,2025-06-15,Retail,Pudahuel,Temuco,3.06,32192,1912,12788,3170,17870,14322,44.489314115308147
RET-12657,2025-06-15,Retail,Pudahuel,Temuco,3.605,38061,2239,15616,4064,21919,16142,42.4108667665064
RET-10576,2025-06-16,Retail,Pudahuel,La Serena,4.268,38810,2758,14276,4455,21489,17321,44.630249935583613
RET-11732,2025-06-16,Retail,Pudahuel,Concepción,2.966,27528,1963,10346,3062,15371,12157,44.162307468759082
RET-12671,2025-06-16,Retail,Pudahuel,Concepción,1.346,12382,922,4424,1451,6797,5585,45.105798740106607
RET-10013,2025-06-17,Retail,Pudahuel,Valparaíso,1.307,9881,811,3053,1381,5245,4636,46.918328104442871
RET-12539,2025-06-17,Retail,Pudahuel,Concepción,2.442,22268,1499,8570,2617,12686,9582,43.030357463624938
RET-10422,2025-06-18,Retail,Pudahuel,Temuco,5.271,55981,3664,22693,6305,32662,23319,41.655204444365054
RET-11940,2025-06-18,Retail,Pudahuel,Puerto Montt,2.397,27208,1519,11234,2696,15449,11759,43.218906204057625
RET-11533,2025-06-19,Retail,Pudahuel,Concepción,2.283,20890,1599,7762,2561,11922,8968,42.929631402584967
RET-11788,2025-06-19,Retail,Pudahuel,Concepción,2.44,22526,1709,8293,2732,12734,9792,43.469768267779457
RET-10171,2025-06-21,Retail,Pudahuel,La Serena,4.994,45411,3153,15360,5822,24335,21076,46.411662372552904
RET-12191,2025-06-21,Retail,Pudahuel,Valparaíso,3.858,28780,2497,9359,4132,15988,12792,44.447533009034053
RET-12395,2025-06-21,Retail,Pudahuel,La Serena,1.022,9112,687,3327,1158,5172,3940,43.239683933274804
RET-12953,2025-06-21,Retail,Pudahuel,Puerto Montt,4.948,57526,3372,24266,5566,33204,24322,42.280012516079687
RET-10897,2025-06-22,Retail,Pudahuel,Rancagua,4.307,30334,2650,9216,4970,16836,13498,44.497923122568736
RET-12123,2025-06-22,Retail,Pudahuel,Valparaíso,4.382,33365,2635,10763,5223,18621,14744,44.190019481492584
RET-12881,2025-06-22,Retail,Pudahuel,La Serena,4.32,39425,2849,13267,4410,20526,18899,47.936588459099553
RET-11399,2025-06-23,Retail,Pudahuel,Rancagua,2.201,15293,1506,4756,2294,8556,6737,44.052834630222975
RET-11453,2025-06-23,Retail,Pudahuel,Concepción,3.501,31917,2447,12232,4111,18790,13127,41.128552182222641
RET-13238,2025-06-23,Retail,Pudahuel,Antofagasta,1.755,22408,1098,9715,1782,12595,9813,43.792395573009642
RET-11471,2025-06-24,Retail,Pudahuel,Valparaíso,5.142,38176,3044,12420,5449,20913,17263,45.219509639564123
RET-11619,2025-06-24,Retail,Pudahuel,Concepción,5.204,47907,3632,17539,5188,26359,21548,44.97881311708101
RET-11772,2025-06-24,Retail,Pudahuel,Valparaíso,4.821,35695,3402,11165,5626,20193,15502,43.429051687911475
RET-12333,2025-06-25,Retail,Pudahuel,Rancagua,5.192,35720,3355,11149,6209,20713,15007,42.012877939529673
RET-10563,2025-06-26,Retail,Pudahuel,Rancagua,4.096,28740,2520,9143,4851,16514,12226,42.540013917884487
RET-12310,2025-06-27,Retail,Pudahuel,Rancagua,5.992,41706,4251,13542,6474,24267,17439,41.814127463674289
RET-12931,2025-06-27,Retail,Pudahuel,Concepción,4.505,41787,2984,15452,4606,23042,18745,44.858448799865982
RET-13316,2025-06-28,Retail,Pudahuel,Concepción,3.631,33953,2568,12875,4072,19515,14438,42.523488351544778
RET-10054,2025-06-29,Retail,Pudahuel,Valparaíso,1.916,14166,1205,4387,2080,7672,6494,45.842157277989557
RET-10424,2025-06-29,Retail,Pudahuel,Valparaíso,5.135,39218,3040,11995,5297,20332,18886,48.15645876893263
RET-11312,2025-06-29,Retail,Pudahuel,La Serena,1.684,15294,1041,5210,1808,8059,7235,47.306133124100953
RET-12431,2025-06-29,Retail,Pudahuel,Puerto Montt,1.048,11836,680,4945,1131,6756,5080,42.919905373436976
RET-12738,2025-06-29,Retail,Pudahuel,Concepción,5.528,51245,3797,19143,6533,29473,21772,42.486096204507753
RET-12856,2025-06-29,Retail,Pudahuel,Rancagua,2.588,18399,1771,5541,3105,10417,7982,43.382792543072995
RET-10545,2025-07-01,Retail,Pudahuel,Valparaíso,5.559,41530,3710,13240,6026,22976,18554,44.676137731760171
RET-11285,2025-07-01,Retail,Pudahuel,Valparaíso,4.55,33792,2853,11353,4926,19132,14660,43.383049242424242
RET-13150,2025-07-01,Retail,Pudahuel,Rancagua,4.01,28212,2523,8710,4416,15649,12563,44.530696157663407
RET-13388,2025-07-01,Retail,Pudahuel,Concepción,1.763,16281,1196,6203,1788,9187,7094,43.572262146059828
RET-10229,2025-07-02,Retail,Pudahuel,Temuco,2.566,26501,1616,10409,3085,15110,11391,42.983283649673595
RET-11131,2025-07-02,Retail,Pudahuel,Rancagua,1.15,8100,767,2456,1176,4399,3701,45.691358024691361
RET-10416,2025-07-03,Retail,Pudahuel,Rancagua,3.382,23655,2249,7427,4072,13748,9907,41.881209046713167
RET-12154,2025-07-03,Retail,Pudahuel,Valparaíso,1,7526,697,2357,1195,4249,3277,43.542386393834711
RET-12268,2025-07-03,Retail,Pudahuel,Concepción,2.078,19489,1417,7270,2105,10792,8697,44.625173174611319
RET-13026,2025-07-03,Retail,Pudahuel,Concepción,5.37,48505,3534,18018,6300,27852,20653,42.579115555097417
RET-10786,2025-07-04,Retail,Pudahuel,Concepción,4.275,38710,3001,15088,4935,23024,15686,40.521828984758464
RET-13430,2025-07-04,Retail,Pudahuel,Concepción,5.868,53483,3897,19661,7099,30657,22826,42.678982106463735
RET-11165,2025-07-05,Retail,Pudahuel,Puerto Montt,3.106,35642,1862,15116,3219,20197,15445,43.333707423825821
RET-12078,2025-07-05,Retail,Pudahuel,Temuco,1.196,12492,713,5141,1280,7134,5358,42.89145052833814
RET-12484,2025-07-05,Retail,Pudahuel,Concepción,3.67,34150,2219,12650,4257,19126,15024,43.994143484626647
RET-11208,2025-07-06,Retail,Pudahuel,Concepción,4.218,38163,2875,13923,4536,21334,16829,44.097686240599529
RET-10216,2025-07-07,Retail,Pudahuel,La Serena,2.837,25457,1837,8762,3036,13635,11822,46.439093373139016
RET-10762,2025-07-08,Retail,Pudahuel,Temuco,4.498,46629,2864,19702,4597,27163,19466,41.746552574578047
RET-10999,2025-07-08,Retail,Pudahuel,La Serena,1.357,12209,927,4360,1497,6784,5425,44.434433614546649
RET-11211,2025-07-08,Retail,Pudahuel,Concepción,3.558,32710,2373,11867,4023,18263,14447,44.166921430755117
RET-12196,2025-07-08,Retail,Pudahuel,La Serena,1.15,10260,763,3626,1317,5706,4554,44.3859649122807
RET-12624,2025-07-08,Retail,Pudahuel,Rancagua,5.511,38955,3261,11614,6286,21161,17794,45.678346810422283
RET-10026,2025-07-09,Retail,Pudahuel,Concepción,2.392,22182,1618,8295,2817,12730,9452,42.61112613831034
RET-10343,2025-07-09,Retail,Pudahuel,Valparaíso,2.825,21593,1785,6514,3280,11579,10014,46.376140415875518
RET-11449,2025-07-09,Retail,Pudahuel,La Serena,1.733,15299,1234,5434,1822,8490,6809,44.50617687430551
RET-10426,2025-07-10,Retail,Pudahuel,Concepción,2.889,26415,1804,9993,3217,15014,11401,43.161082718152564
RET-12855,2025-07-10,Retail,Pudahuel,Temuco,1.218,12788,740,5203,1473,7416,5372,42.008132624335317
RET-13222,2025-07-10,Retail,Pudahuel,Rancagua,5.807,40124,3510,12594,5871,21975,18149,45.232279932210147
RET-11157,2025-07-11,Retail,Pudahuel,Puerto Montt,5.748,67016,4002,28010,5969,37981,29035,43.325474513549
RET-12503,2025-07-11,Retail,Pudahuel,Valparaíso,5.253,39594,3609,13227,5351,22187,17407,43.963731878567458
RET-11680,2025-07-12,Retail,Pudahuel,Antofagasta,5.828,76757,3585,33605,6333,43523,33234,43.297679690451687
RET-13400,2025-07-12,Retail,Pudahuel,Antofagasta,2.752,36126,1633,15753,2790,20176,15950,44.151026961191384
RET-10217,2025-07-13,Retail,Pudahuel,Rancagua,3.898,26831,2390,8801,4118,15309,11522,42.942864596921467
RET-10967,2025-07-13,Retail,Pudahuel,La Serena,3.722,33999,2504,11817,4217,18538,15461,45.474866907850227
RET-11493,2025-07-13,Retail,Pudahuel,Valparaíso,5.921,45025,3773,13821,5954,23548,21477,47.700166574125483
RET-12227,2025-07-13,Retail,Pudahuel,Temuco,4.369,45550,2956,18367,4506,25829,19721,43.295279912184412
RET-12251,2025-07-13,Retail,Pudahuel,Puerto Montt,4.965,57535,3357,23024,5953,32334,25201,43.801164508560007
RET-12296,2025-07-13,Retail,Pudahuel,Temuco,4.215,43904,2752,17901,4174,24827,19077,43.45162172011662
RET-12348,2025-07-14,Retail,Pudahuel,Rancagua,2.45,17287,1747,5565,2723,10035,7252,41.950598715798
RET-12910,2025-07-14,Retail,Pudahuel,La Serena,2.589,23055,1553,8271,2842,12666,10389,45.061808718282371
RET-11085,2025-07-15,Retail,Pudahuel,Rancagua,2.771,19631,1706,6092,3127,10925,8706,44.348224746574296
RET-12809,2025-07-15,Retail,Pudahuel,Valparaíso,1.638,12490,1161,3789,1704,6654,5836,46.725380304243394
RET-11846,2025-07-16,Retail,Pudahuel,Valparaíso,4.305,31939,2866,10732,4300,17898,14041,43.961927424152293
RET-10320,2025-07-17,Retail,Pudahuel,La Serena,3.861,34452,2667,11741,4105,18513,15939,46.264367816091955
RET-11955,2025-07-17,Retail,Pudahuel,La Serena,4.712,41562,2809,15533,5547,23889,17673,42.522015302439733
RET-13497,2025-07-17,Retail,Pudahuel,Temuco,1.095,11315,673,4697,1299,6669,4646,41.060539107379583
RET-10482,2025-07-18,Retail,Pudahuel,Rancagua,2.027,14105,1282,4568,2274,8124,5981,42.403403048564336
RET-10571,2025-07-18,Retail,Pudahuel,Valparaíso,3.049,22702,1885,7199,3128,12212,10490,46.207382609461725
RET-10711,2025-07-18,Retail,Pudahuel,Concepción,2.153,19763,1372,6992,2428,10792,8971,45.392905935333708
RET-11929,2025-07-18,Retail,Pudahuel,Temuco,1.892,19510,1334,8178,1915,11427,8083,41.430035879036389
RET-10397,2025-07-19,Retail,Pudahuel,Valparaíso,4.448,33028,3160,11019,4825,19004,14024,42.460942230834441
RET-12405,2025-07-19,Retail,Pudahuel,La Serena,4.832,43633,3153,14898,5285,23336,20297,46.51754406068801
RET-10014,2025-07-20,Retail,Pudahuel,La Serena,1.789,16277,1095,5674,1994,8763,7514,46.163297905019348
RET-12700,2025-07-20,Retail,Pudahuel,Rancagua,1.14,7855,802,2422,1272,4496,3359,42.76257161043921
RET-10731,2025-07-21,Retail,Pudahuel,La Serena,5.901,52643,3502,18913,6392,28807,23836,45.2785745493228
RET-10911,2025-07-21,Retail,Pudahuel,Valparaíso,3.15,23458,2110,7887,3205,13202,10256,43.720692301133937
RET-12765,2025-07-21,Retail,Pudahuel,Temuco,5.541,57364,3339,22392,5923,31654,25710,44.819050275434066
RET-10035,2025-07-22,Retail,Pudahuel,Concepción,5.374,49050,3236,18855,5772,27863,21187,43.194699286442408
RET-10687,2025-07-22,Retail,Pudahuel,Valparaíso,3.174,23528,1872,7685,3745,13302,10226,43.463107786467184
RET-10734,2025-07-22,Retail,Pudahuel,Concepción,5.743,52205,4008,19854,6383,30245,21960,42.064936308782684
RET-12595,2025-07-23,Retail,Pudahuel,La Serena,5.501,49806,3696,17000,5994,26690,23116,46.41207886600008
RET-11217,2025-07-24,Retail,Pudahuel,Temuco,1.478,15661,919,6232,1711,8862,6799,43.4135751229168
RET-12615,2025-07-24,Retail,Pudahuel,Valparaíso,5.85,43593,3985,14145,7022,25152,18441,42.30266327162618
RET-13468,2025-07-24,Retail,Pudahuel,Valparaíso,4.591,33759,2962,10845,5407,19214,14545,43.084807014425778
RET-11548,2025-07-25,Retail,Pudahuel,Valparaíso,2.754,20636,1762,6896,3163,11821,8815,42.71661174646249
RET-11934,2025-07-25,Retail,Pudahuel,Puerto Montt,3.949,45874,2433,19450,4629,26512,19362,42.2069145921437
RET-12637,2025-07-25,Retail,Pudahuel,Antofagasta,3.077,39309,1964,17527,3452,22943,16366,41.634231346510973
RET-10412,2025-07-26,Retail,Pudahuel,Rancagua,3.858,27308,2723,8120,4077,14920,12388,45.363995898637761
RET-10477,2025-07-26,Retail,Pudahuel,Temuco,3.92,41429,2490,16759,4724,23973,17456,42.134736537208234
RET-10642,2025-07-28,Retail,Pudahuel,Temuco,4.868,51463,3091,19647,5337,28075,23388,45.446242931815092
RET-11426,2025-07-28,Retail,Pudahuel,La Serena,1.025,9152,658,3323,1158,5139,4013,43.84833916083916
RET-10166,2025-07-29,Retail,Pudahuel,Concepción,5.154,47099,3171,18106,6112,27389,19710,41.848022251003208
RET-10254,2025-07-29,Retail,Pudahuel,Rancagua,1.125,8010,676,2525,1275,4476,3534,44.119850187265918
RET-13354,2025-07-29,Retail,Pudahuel,Antofagasta,4.29,56519,3056,24983,4471,32510,24009,42.47952016136167
RET-10402,2025-07-30,Retail,Pudahuel,Rancagua,4.005,28221,2432,8851,4259,15542,12679,44.927536231884055
RET-11914,2025-07-30,Retail,Pudahuel,Puerto Montt,5.943,68278,3721,28411,6725,38857,29421,43.090014353085913
RET-12669,2025-07-30,Retail,Pudahuel,Temuco,4.252,45166,3012,17851,4479,25342,19824,43.891422751627331
RET-12708,2025-07-30,Retail,Pudahuel,Rancagua,1.295,9191,902,2947,1515,5364,3827,41.638559460341639
RET-10443,2025-07-31,Retail,Pudahuel,Puerto Montt,3.769,42561,2493,17349,3965,23807,18754,44.063814290077765
RET-10706,2025-07-31,Retail,Pudahuel,La Serena,5.319,46913,3529,16186,6101,25816,21097,44.970477266429349
RET-10406,2025-08-01,Retail,Pudahuel,Valparaíso,4.015,29757,2699,9285,3995,15979,13778,46.301710521894009
RET-11687,2025-08-01,Retail,Pudahuel,La Serena,4.773,42943,3317,15598,4806,23721,19222,44.761660806184942
RET-11032,2025-08-02,Retail,Pudahuel,Valparaíso,1.121,8449,771,2795,1227,4793,3656,43.271393064267961
RET-12009,2025-08-02,Retail,Pudahuel,Rancagua,1.087,7577,681,2372,1298,4351,3226,42.576217500329946
RET-12686,2025-08-03,Retail,Pudahuel,Rancagua,4.834,33630,3002,11103,5484,19589,14041,41.751412429378533
RET-12733,2025-08-03,Retail,Pudahuel,La Serena,2.019,18479,1186,6496,2164,9846,8633,46.717895990042749
RET-12817,2025-08-03,Retail,Pudahuel,Concepción,4.482,41326,2885,15780,5193,23858,17468,42.268789623965539
RET-10870,2025-08-04,Retail,Pudahuel,Valparaíso,2.291,17504,1604,5398,2683,9685,7819,44.669789762340031
RET-11492,2025-08-04,Retail,Pudahuel,Valparaíso,3.425,25366,2219,8232,3859,14310,11056,43.585902389024675
RET-12322,2025-08-05,Retail,Pudahuel,Valparaíso,5.658,42817,3747,13659,6096,23502,19315,45.110586916411705
RET-12912,2025-08-05,Retail,Pudahuel,Valparaíso,5.993,45646,4049,14118,6640,24807,20839,45.653507426718662
RET-13164,2025-08-05,Retail,Pudahuel,Concepción,1.198,11047,758,4245,1419,6422,4625,41.866570109532
RET-10906,2025-08-06,Retail,Pudahuel,Temuco,1.7,17684,1059,7050,1840,9949,7735,43.740104048857724
RET-13368,2025-08-06,Retail,Pudahuel,Rancagua,3.782,26318,2703,8141,3783,14627,11691,44.422068546242116
RET-12599,2025-08-07,Retail,Pudahuel,Valparaíso,3.853,28525,2377,8864,4559,15800,12725,44.609991235758109
RET-12840,2025-08-07,Retail,Pudahuel,Concepción,5.866,54034,3989,19646,6581,30216,23818,44.079653551467594
RET-10657,2025-08-08,Retail,Pudahuel,Valparaíso,2.976,22469,2087,6912,3283,12282,10187,45.338021273754954
RET-12122,2025-08-08,Retail,Pudahuel,La Serena,1.947,17727,1248,6213,2354,9815,7912,44.6324815253568
RET-12184,2025-08-08,Retail,Pudahuel,Rancagua,1.846,13003,1137,3922,2098,7157,5846,44.958855648696456
RET-13437,2025-08-08,Retail,Pudahuel,La Serena,2.43,22135,1597,7512,2410,11519,10616,47.960243957533315
RET-11055,2025-08-09,Retail,Pudahuel,Valparaíso,1.373,10293,831,3373,1583,5787,4506,43.777324395220049
RET-12370,2025-08-09,Retail,Pudahuel,Rancagua,2.283,15864,1515,5076,2364,8955,6909,43.551437216338876
RET-11641,2025-08-10,Retail,Pudahuel,Rancagua,1.629,11185,970,3496,1868,6334,4851,43.370585605721949
RET-12017,2025-08-11,Retail,Pudahuel,Rancagua,1.834,12990,1240,4037,1939,7216,5774,44.4495765973826
RET-12128,2025-08-11,Retail,Pudahuel,Rancagua,4.096,28382,2836,8616,4913,16365,12017,42.34021562962441
RET-13485,2025-08-11,Retail,Pudahuel,Puerto Montt,2.459,28148,1587,11318,2880,15785,12363,43.921415375870396
RET-10877,2025-08-12,Retail,Pudahuel,Temuco,5.148,53085,3398,22700,5985,32083,21002,39.5629650560422
RET-11558,2025-08-12,Retail,Pudahuel,Rancagua,5.236,36419,3305,11998,6307,21610,14809,40.662840824844174
RET-10169,2025-08-13,Retail,Pudahuel,Temuco,2.161,22657,1444,9111,2214,12769,9888,43.642141501522708
RET-10845,2025-08-13,Retail,Pudahuel,Temuco,4.125,43644,2744,16998,4402,24144,19500,44.679681055815237
RET-11809,2025-08-13,Retail,Pudahuel,Valparaíso,2.597,19795,1767,6527,3081,11375,8420,42.5359939378631
RET-12923,2025-08-13,Retail,Pudahuel,Valparaíso,1.097,8356,748,2615,1269,4632,3724,44.566778362853036
RET-11969,2025-08-14,Retail,Pudahuel,Temuco,2.602,27284,1821,11240,2967,16028,11256,41.254947954845328
RET-12846,2025-08-14,Retail,Pudahuel,Concepción,4.874,44056,2874,16669,5455,24998,19058,43.258579989104781
RET-10283,2025-08-15,Retail,Pudahuel,Valparaíso,3.06,22820,1896,7485,3426,12807,10013,43.878177037686243
RET-13139,2025-08-15,Retail,Pudahuel,Rancagua,3.076,21839,2063,6499,3618,12180,9659,44.228215577636334
RET-10203,2025-08-16,Retail,Pudahuel,Valparaíso,4.082,30146,2593,10025,4600,17218,12928,42.884628143037219
RET-10432,2025-08-18,Retail,Pudahuel,Rancagua,1.502,10414,926,3384,1676,5986,4428,42.519685039370081
RET-12052,2025-08-18,Retail,Pudahuel,Temuco,5.87,62794,4182,25507,6091,35780,27014,43.020033761187378
RET-12326,2025-08-18,Retail,Pudahuel,Puerto Montt,4.783,55791,2978,23648,5113,31739,24052,43.110896022655979
RET-13422,2025-08-18,Retail,Pudahuel,La Serena,2.567,23482,1517,8096,2917,12530,10952,46.639979558811007
RET-10889,2025-08-19,Retail,Pudahuel,Concepción,3.67,33754,2609,12877,4197,19683,14071,41.686911180897077
RET-12390,2025-08-19,Retail,Pudahuel,Rancagua,1.855,12783,1249,4103,2063,7415,5368,41.993272314793082
RET-13081,2025-08-19,Retail,Pudahuel,Puerto Montt,5.005,57302,3062,23762,5190,32014,25288,44.131094900701548
RET-10333,2025-08-20,Retail,Pudahuel,Valparaíso,2.654,20063,1738,6597,2730,11065,8998,44.848726511488813
RET-10764,2025-08-20,Retail,Pudahuel,Rancagua,1.609,11390,1117,3599,1648,6364,5026,44.126426690079015
RET-13278,2025-08-20,Retail,Pudahuel,Rancagua,3.103,21434,2069,7137,3622,12828,8606,40.15116170570122
RET-10181,2025-08-21,Retail,Pudahuel,Valparaíso,5.043,38327,3023,12676,5761,21460,16867,44.008140475382888
RET-11081,2025-08-21,Retail,Pudahuel,La Serena,3.425,30546,2136,11370,3869,17375,13171,43.118575263536961
RET-11810,2025-08-21,Retail,Pudahuel,Temuco,1.243,13217,824,5458,1493,7775,5442,41.17424529015662
RET-12594,2025-08-22,Retail,Pudahuel,La Serena,5.113,46592,3268,16583,5177,25028,21564,46.282623626373628
RET-13466,2025-08-22,Retail,Pudahuel,Puerto Montt,1.208,14012,729,5828,1221,7778,6234,44.490436768484152
RET-10500,2025-08-23,Retail,Pudahuel,Temuco,3.408,36299,2087,14560,3963,20610,15689,43.221576351965616
RET-11170,2025-08-23,Retail,Pudahuel,Rancagua,1.79,12686,1193,3940,2060,7193,5493,43.299700457196913
RET-11007,2025-08-24,Retail,Pudahuel,Temuco,1.323,14143,885,5500,1457,7842,6301,44.552075231563315
RET-11628,2025-08-24,Retail,Pudahuel,Concepción,1.836,17016,1154,6212,1952,9318,7698,45.239774330042316
RET-12104,2025-08-24,Retail,Pudahuel,Valparaíso,1.421,10841,901,3295,1451,5647,5194,47.910709344156444
RET-10313,2025-08-25,Retail,Pudahuel,La Serena,2.799,24855,1943,8857,3096,13896,10959,44.091732045866024
RET-12394,2025-08-25,Retail,Pudahuel,Valparaíso,4.983,38030,3313,11832,5209,20354,17676,46.479095450959768
RET-11560,2025-08-26,Retail,Pudahuel,La Serena,1.35,12370,890,4209,1423,6522,5848,47.275666936135814
RET-12628,2025-08-26,Retail,Pudahuel,Valparaíso,3.542,26193,2381,8096,3690,14167,12026,45.9130301989081
RET-13111,2025-08-26,Retail,Pudahuel,Valparaíso,5.524,41526,3638,13080,5886,22604,18922,45.566632952848821
RET-12018,2025-08-27,Retail,Pudahuel,Valparaíso,5.58,41461,3642,13050,6716,23408,18053,43.542123923687321
RET-12047,2025-08-27,Retail,Pudahuel,Valparaíso,1.043,7767,662,2568,1043,4273,3494,44.985193768507791
RET-11500,2025-08-28,Retail,Pudahuel,Rancagua,2.967,20540,1996,6256,3226,11478,9062,44.118792599805253
RET-11432,2025-08-29,Retail,Pudahuel,Puerto Montt,1.923,22385,1129,9618,2115,12862,9523,42.5418807236989
RET-11860,2025-08-29,Retail,Pudahuel,Valparaíso,5.046,37577,3601,12451,5892,21944,15633,41.602576043856615
RET-12011,2025-08-29,Retail,Pudahuel,Valparaíso,4.617,34959,2808,10982,5409,19199,15760,45.0813810463686
RET-12692,2025-08-29,Retail,Pudahuel,Rancagua,1.795,12761,1157,3952,2135,7244,5517,43.233288927200064
RET-10879,2025-08-30,Retail,Pudahuel,Antofagasta,4.403,57064,2963,25592,4467,33022,24042,42.131641665498385
RET-11274,2025-08-30,Retail,Pudahuel,Rancagua,1.255,8844,830,2781,1272,4883,3961,44.787426503844415
RET-11896,2025-08-30,Retail,Pudahuel,Rancagua,5.248,37224,3543,12026,5250,20819,16405,44.071029443369866
RET-12351,2025-08-30,Retail,Pudahuel,La Serena,1.922,17101,1195,5919,2207,9321,7780,45.494415531255484
RET-13000,2025-08-30,Retail,Pudahuel,Valparaíso,5.087,37636,3205,11666,5259,20130,17506,46.513975980444258
RET-12851,2025-08-31,Retail,Pudahuel,Valparaíso,2.242,16986,1525,5191,2391,9107,7879,46.385258448133762
RET-13453,2025-08-31,Retail,Pudahuel,Rancagua,5.441,38016,3588,11708,5713,21009,17007,44.736426767676768
RET-11702,2025-09-01,Retail,Pudahuel,Valparaíso,3.403,25384,2142,8570,3620,14332,11052,43.539237314844
RET-12085,2025-09-01,Retail,Pudahuel,Rancagua,5.577,38727,3343,12492,5787,21622,17105,44.1681514189067
RET-12549,2025-09-01,Retail,Pudahuel,Concepción,5.053,46280,3044,17506,5454,26004,20276,43.811581676750215
RET-11004,2025-09-02,Retail,Pudahuel,Rancagua,4.15,28948,2700,9352,4315,16367,12581,43.460688130440786
RET-11804,2025-09-02,Retail,Pudahuel,Valparaíso,1.059,7918,747,2649,1135,4531,3387,42.775953523617076
RET-12766,2025-09-02,Retail,Pudahuel,Temuco,4.569,47383,2764,19994,4789,27547,19836,41.863115463351832
RET-13181,2025-09-02,Retail,Pudahuel,Rancagua,2.414,16796,1612,5136,2677,9425,7371,43.88544891640867
RET-12387,2025-09-03,Retail,Pudahuel,La Serena,5.31,47704,3466,16969,5712,26147,21557,45.189082676505116
RET-13116,2025-09-03,Retail,Pudahuel,Puerto Montt,4.709,54609,3047,23411,5190,31648,22961,42.046182863630541
RET-10920,2025-09-04,Retail,Pudahuel,La Serena,3.198,28533,2008,9969,3303,15280,13253,46.4479725230435
RET-11413,2025-09-04,Retail,Pudahuel,Puerto Montt,4.335,50563,2583,20552,4304,27439,23124,45.733045903130751
RET-12057,2025-09-04,Retail,Pudahuel,Concepción,1.757,15881,1201,5954,1970,9125,6756,42.5414016749575
RET-12233,2025-09-04,Retail,Pudahuel,Rancagua,5.834,40808,4000,12991,6997,23988,16820,41.217408351303661
RET-10234,2025-09-05,Retail,Pudahuel,Valparaíso,4.476,33769,3008,10898,4649,18555,15214,45.0531552607421
RET-13270,2025-09-05,Retail,Pudahuel,La Serena,1.109,9943,701,3718,1194,5613,4330,43.548224881826407
RET-11610,2025-09-07,Retail,Pudahuel,Concepción,1.214,11091,796,3951,1389,6136,4955,44.6758633125958
RET-10660,2025-09-08,Retail,Pudahuel,Valparaíso,2.411,18112,1562,5775,2433,9770,8342,46.05786219081272
RET-11323,2025-09-09,Retail,Pudahuel,La Serena,2.228,20186,1559,6994,2603,11156,9030,44.733974041414839
RET-11517,2025-09-09,Retail,Pudahuel,La Serena,3.097,28329,2011,9628,3421,15060,13269,46.8389283066822
RET-10649,2025-09-10,Retail,Pudahuel,Valparaíso,4.29,31759,2812,10767,4840,18419,13340,42.00384143077553
RET-11729,2025-09-10,Retail,Pudahuel,Rancagua,4.326,30281,2686,9317,4713,16716,13565,44.797067468049271
RET-12694,2025-09-10,Retail,Pudahuel,La Serena,2.319,21243,1530,7779,2317,11626,9617,45.271383514569507
RET-13283,2025-09-10,Retail,Pudahuel,Concepción,5.418,49984,3351,19063,6279,28693,21291,42.595630601792571
RET-13483,2025-09-10,Retail,Pudahuel,La Serena,4.518,40718,3153,15083,5186,23422,17296,42.477528365833294
RET-10346,2025-09-11,Retail,Pudahuel,Valparaíso,2.466,18689,1684,5900,2830,10414,8275,44.277382417464814
RET-13024,2025-09-11,Retail,Pudahuel,Valparaíso,5.017,37686,3228,12554,5993,21775,15911,42.219922517645806
RET-10032,2025-09-12,Retail,Pudahuel,Temuco,3.801,39412,2464,16636,4279,23379,16033,40.6805033999797
RET-11927,2025-09-12,Retail,Pudahuel,Rancagua,2.769,19289,1647,6283,2988,10918,8371,43.397791487376224
RET-11991,2025-09-12,Retail,Pudahuel,Rancagua,4.56,32367,3258,10152,4895,18305,14062,43.445484598510831
RET-12552,2025-09-12,Retail,Pudahuel,Puerto Montt,4.462,50366,2943,21947,5341,30231,20135,39.977365683198983
RET-10960,2025-09-13,Retail,Pudahuel,Valparaíso,2.212,16750,1338,5140,2617,9095,7655,45.701492537313435
RET-12030,2025-09-13,Retail,Pudahuel,Rancagua,2.557,17905,1567,5758,2732,10057,7848,43.831332030159174
RET-10446,2025-09-14,Retail,Pudahuel,Temuco,5.859,60396,4183,24002,6341,34526,25870,42.833962514073782
RET-10598,2025-09-14,Retail,Pudahuel,Valparaíso,3.742,28485,2358,8596,4362,15316,13169,46.231349833245567
RET-11186,2025-09-14,Retail,Pudahuel,Valparaíso,4.082,30082,2544,9705,4520,16769,13313,44.255701083704544
RET-11281,2025-09-14,Retail,Pudahuel,Valparaíso,2.236,17094,1381,5110,2465,8956,8138,47.607347607347606
RET-12090,2025-09-14,Retail,Pudahuel,Valparaíso,5.621,41654,3906,13234,6472,23612,18042,43.313967446103611
RET-12433,2025-09-14,Retail,Pudahuel,Puerto Montt,5.837,67047,3583,28065,7049,38697,28350,42.283771085954633
RET-10777,2025-09-15,Retail,Pudahuel,Antofagasta,5.008,64337,3184,30288,5094,38566,25771,40.056266223168628
RET-11698,2025-09-15,Retail,Pudahuel,Antofagasta,5.737,75212,3742,32444,6634,42820,32392,43.067595596447376
RET-11713,2025-09-15,Retail,Pudahuel,Antofagasta,3.585,46740,2407,21411,4028,27846,18894,40.423620025673941
RET-12012,2025-09-15,Retail,Pudahuel,Concepción,5.548,50711,3253,19781,6091,29125,21586,42.566701504604524
RET-12304,2025-09-15,Retail,Pudahuel,Puerto Montt,1.904,21826,1342,8751,2115,12208,9618,44.066709429121232
RET-10886,2025-09-16,Retail,Pudahuel,Temuco,2.574,26893,1615,10279,3089,14983,11910,44.286617335366081
RET-10909,2025-09-16,Retail,Pudahuel,La Serena,1.758,15777,1188,5733,2014,8935,6842,43.366926538632185
RET-11439,2025-09-16,Retail,Pudahuel,Concepción,1.598,14615,1007,5243,1816,8066,6549,44.810126582278478
RET-12605,2025-09-16,Retail,Pudahuel,Rancagua,3.461,24290,2161,7401,3487,13049,11241,46.278303828736107
RET-10266,2025-09-17,Retail,Pudahuel,Puerto Montt,5.961,67328,3870,28123,6417,38410,28918,42.95092680608365
RET-11028,2025-09-17,Retail,Pudahuel,La Serena,4.448,39850,3092,14889,4960,22941,16909,42.431618569636136
RET-12381,2025-09-17,Retail,Pudahuel,Valparaíso,3.957,30100,2351,9113,4163,15627,14473,48.083056478405318
RET-10951,2025-09-18,Retail,Pudahuel,Valparaíso,3.721,27552,2311,9183,4025,15519,12033,43.673780487804883
RET-11727,2025-09-18,Retail,Pudahuel,Puerto Montt,1.791,20231,1118,8242,1796,11156,9075,44.856902772972177
RET-12004,2025-09-18,Retail,Pudahuel,Antofagasta,3.165,41639,2209,17520,3318,23047,18592,44.650447897403879
RET-12717,2025-09-18,Retail,Pudahuel,Rancagua,1.746,12436,1179,3807,2044,7030,5406,43.470569314892252
RET-10230,2025-09-19,Retail,Pudahuel,Puerto Montt,4.957,56624,3016,23269,5270,31555,25069,44.272746538570217
RET-12424,2025-09-19,Retail,Pudahuel,La Serena,2.661,24257,1888,8825,3033,13746,10511,43.331821742177517
RET-11789,2025-09-20,Retail,Pudahuel,La Serena,2.163,19774,1532,6613,2437,10582,9192,46.4852837058764
RET-12238,2025-09-20,Retail,Pudahuel,Concepción,5.41,50530,3452,17911,5662,27025,23505,46.516920641203249
RET-12690,2025-09-20,Retail,Pudahuel,Valparaíso,2.13,16011,1457,5227,2218,8902,7109,44.400724501904939
RET-13284,2025-09-20,Retail,Pudahuel,Puerto Montt,5.799,66789,3421,28992,5897,38310,28479,42.640255131833086
RET-11368,2025-09-21,Retail,Pudahuel,La Serena,3.925,34915,2617,12899,4650,20166,14749,42.242589145066589
RET-11569,2025-09-21,Retail,Pudahuel,Temuco,5.412,57476,3743,22870,5673,32286,25190,43.826988656134738
RET-10362,2025-09-22,Retail,Pudahuel,Concepción,4.799,43608,2918,16091,5649,24658,18950,43.455329297376629
RET-10437,2025-09-22,Retail,Pudahuel,Concepción,3.814,35598,2533,13063,4145,19741,15857,44.544637339176354
RET-11384,2025-09-22,Retail,Pudahuel,La Serena,1.555,14149,1062,4880,1651,7593,6556,46.335430065729028
RET-13047,2025-09-22,Retail,Pudahuel,Valparaíso,2.468,18657,1634,6114,2753,10501,8156,43.715495524468025
RET-10191,2025-09-23,Retail,Pudahuel,Antofagasta,1.759,22678,1204,10110,1811,13125,9553,42.124525972307964
RET-11118,2025-09-23,Retail,Pudahuel,Temuco,2.156,22818,1279,9054,2293,12626,10192,44.666491366465074
RET-11325,2025-09-23,Retail,Pudahuel,Rancagua,2.936,20669,1872,6156,3327,11355,9314,45.062654216459428
RET-10015,2025-09-24,Retail,Pudahuel,Rancagua,5.184,36258,3699,11652,6264,21615,14643,40.385570081085554
RET-10834,2025-09-24,Retail,Pudahuel,Valparaíso,2.266,17281,1361,5355,2285,9001,8280,47.913893871882415
RET-11516,2025-09-24,Retail,Pudahuel,Concepción,3.129,29222,2108,10785,3599,16492,12730,43.5630689206762
RET-11899,2025-09-24,Retail,Pudahuel,Temuco,3,31412,1890,12413,3278,17581,13831,44.030943588437538
RET-11050,2025-09-25,Retail,Pudahuel,Rancagua,1.299,9105,760,2940,1430,5130,3975,43.657331136738051
RET-12853,2025-09-25,Retail,Pudahuel,Rancagua,3.765,26128,2296,7909,4452,14657,11471,43.903092467850577
RET-12870,2025-09-25,Retail,Pudahuel,Temuco,2.68,27630,1745,11226,2703,15674,11956,43.271806007962361
RET-13105,2025-09-25,Retail,Pudahuel,Valparaíso,1.917,14265,1284,4598,2211,8093,6172,43.266736768314054
RET-13377,2025-09-25,Retail,Pudahuel,La Serena,2.998,26711,1762,9230,3037,14029,12682,47.47856688255775
RET-11968,2025-09-26,Retail,Pudahuel,Puerto Montt,4.028,46185,2624,19971,4811,27406,18779,40.660387571722424
RET-11345,2025-09-27,Retail,Pudahuel,Puerto Montt,1.315,15012,837,6432,1312,8581,6431,42.8390620836664
RET-13178,2025-09-27,Retail,Pudahuel,Concepción,2.131,19800,1390,7507,2506,11403,8397,42.409090909090907
RET-10173,2025-09-28,Retail,Pudahuel,Puerto Montt,4.27,49169,2610,21179,4419,28208,20961,42.630519229595883
RET-11160,2025-09-28,Retail,Pudahuel,Temuco,4.524,47840,2679,19474,5113,27266,20574,43.005852842809368
RET-11608,2025-09-28,Retail,Pudahuel,Antofagasta,2.259,29627,1470,13362,2715,17547,12080,40.773618658655955
RET-11941,2025-09-28,Retail,Pudahuel,Valparaíso,1.449,10661,888,3558,1505,5951,4710,44.179720476503142
RET-12201,2025-09-28,Retail,Pudahuel,Rancagua,1.659,11397,1134,3588,1724,6446,4951,43.44125647100114
RET-10491,2025-09-30,Retail,Pudahuel,Rancagua,4.364,30680,2919,9330,4538,16787,13893,45.283572359843546
RET-10627,2025-09-30,Retail,Pudahuel,La Serena,1.435,12769,953,4517,1588,7058,5711,44.725507087477482
RET-11783,2025-09-30,Retail,Pudahuel,Valparaíso,5.846,43580,4128,14166,5792,24086,19494,44.731528223955941
RET-13051,2025-09-30,Retail,Pudahuel,Temuco,4.745,50497,2932,20541,5334,28807,21690,42.953046715646472
RET-10404,2025-10-01,Retail,Pudahuel,Valparaíso,2.996,22864,2015,7014,3002,12031,10833,47.380160951714487
RET-12131,2025-10-01,Retail,Pudahuel,Temuco,5.317,55002,3279,21280,6413,30972,24030,43.689320388349515
RET-13009,2025-10-01,Retail,Pudahuel,La Serena,1.531,13507,946,4924,1540,7410,6097,45.1395572666025
RET-13379,2025-10-01,Retail,Pudahuel,La Serena,5.287,47163,3179,16522,5756,25457,21706,46.023365774017769
RET-10466,2025-10-02,Retail,Pudahuel,Antofagasta,2.847,36355,1954,16851,3148,21953,14402,39.614908540778437
RET-10751,2025-10-02,Retail,Pudahuel,Concepción,4.964,45908,3174,16691,5044,24909,20999,45.741482965931866
RET-11248,2025-10-02,Retail,Pudahuel,Rancagua,1.058,7540,660,2318,1139,4117,3423,45.397877984084886
RET-11660,2025-10-02,Retail,Pudahuel,Concepción,2.048,19082,1451,6900,2341,10692,8390,43.96813751179122
RET-12827,2025-10-02,Retail,Pudahuel,Rancagua,2.148,15124,1335,4741,2185,8261,6863,45.378206823591647
RET-10954,2025-10-03,Retail,Pudahuel,Puerto Montt,5.794,65996,3618,27429,6376,37423,28573,43.295048184738469
RET-12235,2025-10-03,Retail,Pudahuel,Valparaíso,5.93,43744,3560,14515,6860,24935,18809,42.997896854425747
RET-12345,2025-10-03,Retail,Pudahuel,Valparaíso,2.594,19577,1668,6398,2787,10853,8724,44.562496807478162
RET-12687,2025-10-03,Retail,Pudahuel,Valparaíso,3.818,28371,2647,9254,3984,15885,12486,44.009728243629063
RET-13487,2025-10-03,Retail,Pudahuel,Temuco,2.965,30510,1753,12848,3339,17940,12570,41.199606686332352
RET-10314,2025-10-04,Retail,Pudahuel,Rancagua,3.986,28325,2587,8475,4047,15109,13216,46.658428949691086
RET-12220,2025-10-05,Retail,Pudahuel,La Serena,2.426,22045,1470,7637,2725,11832,10213,46.327965525062368
RET-10655,2025-10-06,Retail,Pudahuel,Temuco,2.505,25849,1787,10258,2517,14562,11287,43.665132113427987
RET-11030,2025-10-06,Retail,Pudahuel,Temuco,2.996,31866,2081,13208,3597,18886,12980,40.73306972949225
RET-13071,2025-10-06,Retail,Pudahuel,La Serena,5.53,49644,3876,17842,5993,27711,21933,44.180565627266134
RET-11835,2025-10-07,Retail,Pudahuel,Valparaíso,3.941,29675,2654,9530,4231,16415,13260,44.684077506318445
RET-11874,2025-10-07,Retail,Pudahuel,Temuco,5.99,63135,4236,26412,6503,37151,25984,41.156252474855471
RET-12059,2025-10-07,Retail,Pudahuel,La Serena,4.465,40935,2838,14368,5107,22313,18622,45.491633076829117
RET-12360,2025-10-07,Retail,Pudahuel,Valparaíso,1.518,11315,972,3635,1749,6356,4959,43.826778612461339
RET-12496,2025-10-07,Retail,Pudahuel,Valparaíso,5.728,42135,3682,14141,6816,24639,17496,41.523673905304378
RET-10623,2025-10-08,Retail,Pudahuel,Concepción,3.453,31280,2349,12138,3901,18388,12892,41.214833759590789
RET-10716,2025-10-08,Retail,Pudahuel,Rancagua,1.86,13192,1236,4134,2037,7407,5785,43.852334748332325
RET-11174,2025-10-08,Retail,Pudahuel,Rancagua,3.446,24443,2128,7745,3720,13593,10850,44.388986621936752
RET-10125,2025-10-09,Retail,Pudahuel,Puerto Montt,2.905,33029,1980,13434,3446,18860,14169,42.898664809712677
RET-11090,2025-10-09,Retail,Pudahuel,Temuco,1.9,19922,1277,8350,2298,11925,7997,40.141552053006727
RET-12420,2025-10-09,Retail,Pudahuel,Temuco,3.416,35724,2331,14446,4107,20884,14840,41.540700929347217
RET-12747,2025-10-09,Retail,Pudahuel,Antofagasta,5.437,69932,3619,31101,5943,40663,29269,41.853514842990336
RET-11177,2025-10-10,Retail,Pudahuel,Rancagua,2.3,16331,1588,5206,2667,9461,6870,42.067234094666581
RET-11271,2025-10-11,Retail,Pudahuel,Valparaíso,4.474,33433,3102,11054,4637,18793,14640,43.789070678670768
RET-11293,2025-10-11,Retail,Pudahuel,La Serena,5.902,53457,3725,18218,7094,29037,24420,45.681575846007071
RET-11415,2025-10-11,Retail,Pudahuel,Concepción,2.631,24284,1684,8997,2689,13370,10914,44.943172459232414
RET-11416,2025-10-11,Retail,Pudahuel,Valparaíso,4.682,35404,3292,11385,4959,19636,15768,44.5373404135126
RET-12619,2025-10-11,Retail,Pudahuel,La Serena,2.715,24743,1709,8813,2786,13308,11435,46.215091136887196
RET-13484,2025-10-12,Retail,Pudahuel,Valparaíso,1.9,14506,1333,4730,2282,8345,6161,42.472080518406173
RET-12678,2025-10-13,Retail,Pudahuel,Valparaíso,4.072,30920,2542,9784,4139,16465,14455,46.7496765847348
RET-10702,2025-10-14,Retail,Pudahuel,Rancagua,2.048,14503,1378,4321,2328,8027,6476,44.652830448872649
RET-10653,2025-10-15,Retail,Pudahuel,La Serena,4.366,39423,3083,14146,5197,22426,16997,43.1144255891231
RET-10678,2025-10-15,Retail,Pudahuel,Valparaíso,2.563,18987,1647,6426,2840,10913,8074,42.523832095644387
RET-10945,2025-10-15,Retail,Pudahuel,Puerto Montt,1.802,20886,1258,8485,2113,11856,9030,43.234702671646083
RET-11247,2025-10-15,Retail,Pudahuel,Rancagua,1.063,7399,754,2383,1252,4389,3010,40.681173131504252
RET-11900,2025-10-15,Retail,Pudahuel,La Serena,3.868,34319,2642,12220,4612,19474,14845,43.255922375360591
RET-12352,2025-10-15,Retail,Pudahuel,Valparaíso,4.445,33189,2695,10558,4945,18198,14991,45.168579951188647
RET-12741,2025-10-15,Retail,Pudahuel,La Serena,5.862,53258,3967,18819,6465,29251,24007,45.076795974313718
RET-13286,2025-10-15,Retail,Pudahuel,Antofagasta,2.073,26671,1278,12374,2285,15937,10734,40.245960031494882
RET-12835,2025-10-16,Retail,Pudahuel,Concepción,3.639,33781,2334,12611,3730,18675,15106,44.717444717444714
RET-10528,2025-10-17,Retail,Pudahuel,Puerto Montt,5.999,69127,3992,29651,6857,40500,28627,41.412183372632981
RET-11946,2025-10-18,Retail,Pudahuel,La Serena,1.616,14344,1111,5054,1843,8008,6336,44.171779141104295
RET-10431,2025-10-19,Retail,Pudahuel,Concepción,5.125,46750,3268,17546,5659,26473,20277,43.373262032085563
RET-12862,2025-10-20,Retail,Pudahuel,La Serena,4.634,42376,3290,15151,5144,23585,18791,44.343496318670944
RET-10619,2025-10-22,Retail,Pudahuel,Puerto Montt,1.761,20048,1179,8836,1859,11874,8174,40.772146847565843
RET-11000,2025-10-22,Retail,Pudahuel,Rancagua,3.287,22685,2146,7297,3342,12785,9900,43.64117258100066
RET-11445,2025-10-22,Retail,Pudahuel,La Serena,2.496,22131,1663,7995,2843,12501,9630,43.513623424156158
RET-11961,2025-10-22,Retail,Pudahuel,Valparaíso,5.456,40665,3315,13095,6339,22749,17916,44.057543341940239
RET-12718,2025-10-22,Retail,Pudahuel,La Serena,5.152,45939,3244,16295,5530,25069,20870,45.429809094669018
RET-12915,2025-10-22,Retail,Pudahuel,Rancagua,1.588,11287,934,3596,1869,6399,4888,43.306458757863027
RET-13001,2025-10-22,Retail,Pudahuel,Temuco,5.556,57450,3351,24359,6436,34146,23304,40.563968668407313
RET-11994,2025-10-23,Retail,Pudahuel,Valparaíso,3.739,28540,2504,9315,3720,15539,13001,45.553608969866858
RET-10856,2025-10-24,Retail,Pudahuel,Concepción,4.802,44805,3273,17006,5544,25823,18982,42.365807387568353
RET-11901,2025-10-24,Retail,Pudahuel,Rancagua,4.79,33620,3042,10386,4900,18328,15292,45.484830458060678
RET-12178,2025-10-24,Retail,Pudahuel,La Serena,4.329,38986,3017,13669,4675,21361,17625,45.208536397681222
RET-10087,2025-10-25,Retail,Pudahuel,Puerto Montt,4.501,50788,3093,21673,5206,29972,20816,40.986059699141528
RET-10338,2025-10-25,Retail,Pudahuel,La Serena,5.289,48352,3504,16937,6147,26588,21764,45.011581733951026
RET-10994,2025-10-25,Retail,Pudahuel,Rancagua,5.06,36026,3132,10734,5368,19234,16792,46.610781102537061
RET-11735,2025-10-26,Retail,Pudahuel,Concepción,5.488,51188,3625,19393,5888,28906,22282,43.5297335312964
RET-13425,2025-10-26,Retail,Pudahuel,Concepción,4.977,45692,3265,16460,5938,25663,20029,43.834806968397096
RET-10222,2025-10-27,Retail,Pudahuel,Rancagua,2.028,14221,1233,4610,2354,8197,6024,42.359890303072923
RET-11853,2025-10-27,Retail,Pudahuel,Concepción,5.827,53783,3596,18870,6350,28816,24967,46.421731773980625
RET-13257,2025-10-27,Retail,Pudahuel,Concepción,1.012,9259,711,3506,1106,5323,3936,42.50999027972783
RET-10621,2025-10-28,Retail,Pudahuel,Concepción,2.817,25975,1987,9470,2945,14402,11573,44.554379210779594
RET-11925,2025-10-28,Retail,Pudahuel,La Serena,5.634,49768,3640,17474,6242,27356,22412,45.032952901462785
RET-12782,2025-10-28,Retail,Pudahuel,Concepción,3.889,35246,2622,12585,4538,19745,15501,43.979458661975826
RET-12917,2025-10-28,Retail,Pudahuel,Temuco,1.298,13648,818,5195,1472,7485,6163,45.156799531066824
RET-13428,2025-10-28,Retail,Pudahuel,Rancagua,3.873,27451,2315,8380,3938,14633,12818,46.694109504207496
RET-10567,2025-10-29,Retail,Pudahuel,Temuco,2.079,22220,1399,8485,2227,12111,10109,45.495049504950494
RET-12869,2025-10-29,Retail,Pudahuel,Temuco,5.54,59304,3597,22559,6046,32202,27102,45.700121408336706
RET-12980,2025-10-29,Retail,Pudahuel,Rancagua,2.741,18851,1710,6233,2934,10877,7974,42.300143228475946
RET-10668,2025-10-30,Retail,Pudahuel,Antofagasta,1.238,16030,750,7315,1247,9312,6718,41.908920773549596
RET-10372,2025-10-31,Retail,Pudahuel,Concepción,5.205,48327,3358,18421,5499,27278,21049,43.555362426800755
RET-10572,2025-10-31,Retail,Pudahuel,Puerto Montt,2.122,24583,1280,10036,2250,13566,11017,44.815522922344705
RET-12787,2025-10-31,Retail,Pudahuel,La Serena,3.308,29503,2014,11058,3491,16563,12940,43.85994644612412
RET-12061,2025-11-01,Retail,Pudahuel,Temuco,4.754,50310,2875,19885,4822,27582,22728,45.175909361955874
RET-12159,2025-11-01,Retail,Pudahuel,Concepción,1.543,14051,1010,5007,1771,7788,6263,44.573339975802433
RET-10252,2025-11-02,Retail,Pudahuel,Concepción,3.734,34763,2548,13040,4106,19694,15069,43.347812329200586
RET-10323,2025-11-02,Retail,Pudahuel,Concepción,1.566,14454,980,5262,1701,7943,6511,45.046353950463541
RET-10328,2025-11-02,Retail,Pudahuel,Concepción,3.299,30436,2183,11580,3742,17505,12931,42.485871993691681
RET-11044,2025-11-02,Retail,Pudahuel,Rancagua,2.843,19941,1817,6058,2837,10712,9229,46.281530515019313
RET-11790,2025-11-02,Retail,Pudahuel,La Serena,2.869,25794,1798,8829,3030,13657,12137,47.053578351554627
RET-10002,2025-11-03,Retail,Pudahuel,Valparaíso,4.836,35882,3129,11682,5430,20241,15641,43.590100886238226
RET-10298,2025-11-03,Retail,Pudahuel,La Serena,4.977,45056,3536,16473,5503,25512,19544,43.37713068181818
RET-11046,2025-11-03,Retail,Pudahuel,Rancagua,4.969,35260,3528,10623,5720,19871,15389,43.644356211003974
RET-12048,2025-11-03,Retail,Pudahuel,Puerto Montt,1.774,20612,1121,8653,1785,11559,9053,43.921016883368914
RET-10669,2025-11-04,Retail,Pudahuel,Temuco,5.75,60854,3438,23156,6617,33211,27643,45.425115851053341
RET-11833,2025-11-04,Retail,Pudahuel,Concepción,2.61,24397,1680,8886,3128,13694,10703,43.870147969012585
RET-13159,2025-11-04,Retail,Pudahuel,La Serena,3.002,26817,1813,9914,3268,14995,11822,44.08397658201887
RET-13289,2025-11-04,Retail,Pudahuel,Concepción,1.783,16566,1164,6253,1832,9249,7317,44.168779427743573
RET-10965,2025-11-05,Retail,Pudahuel,Puerto Montt,2.175,25490,1519,10030,2351,13900,11590,45.468811298548452
RET-11398,2025-11-05,Retail,Pudahuel,Concepción,4.038,37686,2588,13113,4507,20208,17478,46.377965292150932
RET-11538,2025-11-05,Retail,Pudahuel,La Serena,2.899,26367,2023,9144,2960,14127,12240,46.421663442940037
RET-11697,2025-11-05,Retail,Pudahuel,Concepción,3.918,36234,2722,13836,4514,21072,15162,41.844676270905779
RET-11870,2025-11-05,Retail,Pudahuel,Valparaíso,1.358,10288,909,3354,1625,5888,4400,42.768273716951789
RET-12172,2025-11-05,Retail,Pudahuel,Concepción,1.256,11721,821,4250,1452,6523,5198,44.347751898302192
RET-12493,2025-11-05,Retail,Pudahuel,Puerto Montt,2.444,27904,1461,12053,2567,16081,11823,42.370269495412842
RET-12810,2025-11-06,Retail,Pudahuel,Rancagua,1.793,12468,1270,4127,2107,7504,4964,39.81392364453
RET-11586,2025-11-07,Retail,Pudahuel,Antofagasta,2.886,36791,1883,16104,3288,21275,15516,42.173357614634014
RET-11936,2025-11-07,Retail,Pudahuel,Antofagasta,5.736,75559,3434,34912,6447,44793,30766,40.717849627443456
RET-12575,2025-11-07,Retail,Pudahuel,Antofagasta,1.392,17857,962,8065,1432,10459,7398,41.429131433051467
RET-13057,2025-11-07,Retail,Pudahuel,Rancagua,3.419,23564,2055,7338,3385,12778,10786,45.773213376336784
RET-12815,2025-11-08,Retail,Pudahuel,Rancagua,4.748,32622,3022,10873,5421,19316,13306,40.788424989271043
RET-10098,2025-11-09,Retail,Pudahuel,Valparaíso,4.652,34593,2755,11361,5269,19385,15208,43.962651403463127
RET-10932,2025-11-09,Retail,Pudahuel,La Serena,4.236,38344,2848,13798,4295,20941,17403,45.386501147506777
RET-12270,2025-11-09,Retail,Pudahuel,Puerto Montt,1.245,14118,749,5728,1315,7792,6326,44.808046465505029
RET-13032,2025-11-09,Retail,Pudahuel,La Serena,2.597,23239,1636,8661,2691,12988,10251,44.111192392099483
RET-13192,2025-11-09,Retail,Pudahuel,Temuco,1.33,14237,847,5402,1590,7839,6398,44.939242818009411
RET-12819,2025-11-10,Retail,Pudahuel,La Serena,2.029,18227,1280,6689,2083,10052,8175,44.851045152795308
RET-11400,2025-11-11,Retail,Pudahuel,Puerto Montt,2.237,25233,1451,10441,2501,14393,10840,42.959616375381444
RET-11018,2025-11-12,Retail,Pudahuel,Rancagua,3.964,27810,2752,8875,4691,16318,11492,41.3232650125854
RET-12635,2025-11-12,Retail,Pudahuel,Rancagua,3.545,24898,2364,8092,3557,14013,10885,43.718370953490236
RET-13004,2025-11-12,Retail,Pudahuel,Temuco,1.377,14583,881,5512,1528,7921,6662,45.683329904683532
RET-13470,2025-11-12,Retail,Pudahuel,Antofagasta,2.591,33939,1825,15573,2789,20187,13752,40.519756032882526
RET-13492,2025-11-12,Retail,Pudahuel,Concepción,2.291,21227,1443,7450,2388,11281,9946,46.855419983982664
RET-10290,2025-11-13,Retail,Pudahuel,Rancagua,5.661,39135,3556,12490,6037,22083,17052,43.572249904177845
RET-11037,2025-11-13,Retail,Pudahuel,La Serena,2.203,19601,1447,7336,2216,10999,8602,43.885516045099735
RET-11379,2025-11-13,Retail,Pudahuel,Temuco,5.689,60435,3977,23184,6031,33192,27243,45.07818317200298
RET-11719,2025-11-13,Retail,Pudahuel,Temuco,3.346,34508,1976,13572,4030,19578,14930,43.265329778602066
RET-10600,2025-11-14,Retail,Pudahuel,Rancagua,4.366,30274,3102,9421,4671,17194,13080,43.205390764352245
RET-10899,2025-11-14,Retail,Pudahuel,La Serena,2.386,21525,1624,7315,2632,11571,9954,46.243902439024396
RET-11357,2025-11-14,Retail,Pudahuel,La Serena,3.815,34906,2674,12375,3992,19041,15865,45.450638858648944
RET-11374,2025-11-14,Retail,Pudahuel,Puerto Montt,3.228,37678,2130,16136,3402,21668,16010,42.491639683635015
RET-11791,2025-11-14,Retail,Pudahuel,Rancagua,2.914,20024,1839,6146,3102,11087,8937,44.631442269276867
RET-11939,2025-11-14,Retail,Pudahuel,La Serena,1.069,9467,733,3398,1293,5424,4043,42.706242737931767
RET-12243,2025-11-14,Retail,Pudahuel,La Serena,2.862,25641,1904,9335,3381,14620,11021,42.981942981942986
RET-12564,2025-11-14,Retail,Pudahuel,Temuco,3.491,36674,2240,14298,4115,20653,16021,43.684899383759614
RET-10278,2025-11-15,Retail,Pudahuel,Temuco,1.248,13050,734,5419,1284,7437,5613,43.011494252873561
RET-10582,2025-11-15,Retail,Pudahuel,Rancagua,2.915,20273,1748,6658,3280,11686,8587,42.356829280323581
RET-11411,2025-11-15,Retail,Pudahuel,La Serena,5.651,50776,3799,18453,6635,28887,21889,43.108949109815661
RET-11461,2025-11-15,Retail,Pudahuel,Rancagua,3.778,26174,2572,8628,3915,15115,11059,42.251852983877129
RET-12365,2025-11-15,Retail,Pudahuel,Puerto Montt,3.946,45261,2447,19098,4443,25988,19273,42.5819137889132
RET-12571,2025-11-15,Retail,Pudahuel,La Serena,1.558,13834,1094,4849,1559,7502,6332,45.7712881306925
RET-11910,2025-11-16,Retail,Pudahuel,La Serena,3.835,34067,2320,11801,4523,18644,15423,45.272551149205974
RET-12267,2025-11-17,Retail,Pudahuel,Valparaíso,5.852,43108,4143,13566,6278,23987,19121,44.356036002598124
RET-10108,2025-11-18,Retail,Pudahuel,Rancagua,2.429,16725,1578,5455,2806,9839,6886,41.171898355754863
RET-11856,2025-11-18,Retail,Pudahuel,Antofagasta,4.799,62230,3140,28184,5277,36601,25629,41.184316246183513
RET-11099,2025-11-19,Retail,Pudahuel,La Serena,2.785,25539,1647,8732,3334,13713,11826,46.305650182074473
RET-13106,2025-11-19,Retail,Pudahuel,Temuco,1.779,18552,1177,7648,1865,10690,7862,42.3781802501078
RET-13141,2025-11-22,Retail,Pudahuel,Valparaíso,5.62,42138,3635,13156,5621,22412,19726,46.812853006787222
RET-10674,2025-11-23,Retail,Pudahuel,Temuco,2.162,22551,1328,9485,2220,13033,9518,42.206554033080572
RET-11212,2025-11-23,Retail,Pudahuel,Temuco,4.652,48493,2994,18796,4868,26658,21835,45.027117315901265
RET-11214,2025-11-23,Retail,Pudahuel,Valparaíso,2.612,19465,1776,6539,3145,11460,8005,41.1250963267403
RET-11264,2025-11-23,Retail,Pudahuel,Valparaíso,2.778,20551,1935,6591,3350,11876,8675,42.212057807405969
RET-12313,2025-11-24,Retail,Pudahuel,La Serena,2.674,24247,1661,8679,3210,13550,10697,44.116797954386108
RET-12403,2025-11-24,Retail,Pudahuel,Temuco,4.191,43360,2788,18161,4704,25653,17707,40.837177121771219
RET-11595,2025-11-25,Retail,Pudahuel,Valparaíso,1.232,9112,778,2815,1423,5016,4096,44.951712028094818
RET-12274,2025-11-25,Retail,Pudahuel,Rancagua,1.095,7650,734,2322,1268,4324,3326,43.477124183006538
RET-12569,2025-11-25,Retail,Pudahuel,Valparaíso,1.962,14765,1350,4885,2127,8362,6403,43.366068405011852
RET-13405,2025-11-25,Retail,Pudahuel,Rancagua,5.496,38762,3384,12349,6166,21899,16863,43.503947164748979
RET-10212,2025-11-26,Retail,Pudahuel,Puerto Montt,5.637,65225,3779,26372,6608,36759,28466,43.642775009582216
RET-11102,2025-11-30,Retail,Pudahuel,Valparaíso,2.602,19421,1591,6158,2712,10461,8960,46.135626383811342
RET-13319,2025-11-30,Retail,Pudahuel,Concepción,2.279,21135,1587,7821,2315,11723,9412,44.532765554766975
RET-13474,2025-12-01,Retail,Pudahuel,Valparaíso,5.942,45455,4025,14814,5940,24779,20676,45.48674513254867
RET-10523,2025-12-02,Retail,Pudahuel,Temuco,2.561,26668,1498,10508,2658,14664,12004,45.012749362531871
RET-10603,2025-12-02,Retail,Pudahuel,Temuco,5.545,59210,3794,23852,5507,33153,26057,44.00776895794629
RET-13229,2025-12-02,Retail,Pudahuel,Concepción,5.847,53417,3543,20377,5844,29764,23653,44.279910889791637
RET-11324,2025-12-03,Retail,Pudahuel,Rancagua,2.027,13925,1235,4263,2230,7728,6197,44.502692998204665
RET-11161,2025-12-04,Retail,Pudahuel,Temuco,5.162,55138,3300,21791,6139,31230,23908,43.360295984620407
RET-11455,2025-12-04,Retail,Pudahuel,La Serena,4.828,44133,3036,15492,5467,23995,20138,45.630254004939616
RET-12097,2025-12-04,Retail,Pudahuel,Valparaíso,3.579,27310,2504,8670,4117,15291,12019,44.009520322226294
RET-10955,2025-12-06,Retail,Pudahuel,La Serena,5.755,50966,3964,18111,6175,28250,22716,44.570890397519911
RET-12055,2025-12-06,Retail,Pudahuel,Temuco,5.546,58563,3504,23875,5846,33225,25338,43.266226115465393
RET-12331,2025-12-06,Retail,Pudahuel,Rancagua,4.181,29553,2700,9290,4282,16272,13281,44.939600040605015
RET-12889,2025-12-06,Retail,Pudahuel,La Serena,5.834,53227,4087,17991,7006,29084,24143,45.358558626261107
RET-13196,2025-12-06,Retail,Pudahuel,La Serena,2.202,19532,1541,6789,2221,10551,8981,45.980954331353672
RET-10055,2025-12-07,Retail,Pudahuel,Valparaíso,3.546,26178,2322,8782,3805,14909,11269,43.047597219038884
RET-11417,2025-12-07,Retail,Pudahuel,La Serena,1.967,17878,1184,6091,2275,9550,8328,46.582391766416826
RET-11802,2025-12-07,Retail,Pudahuel,Rancagua,4.623,32171,2998,10084,5314,18396,13775,42.818065960026111
RET-12536,2025-12-07,Retail,Pudahuel,Rancagua,5.507,39297,3799,12618,5598,22015,17282,43.977911799882939
RET-10297,2025-12-08,Retail,Pudahuel,Concepción,1.825,16915,1167,6470,1993,9630,7285,43.068282589417677
RET-11935,2025-12-08,Retail,Pudahuel,Antofagasta,5.234,67891,3514,31220,5209,39943,27948,41.165986655079465
RET-12169,2025-12-08,Retail,Pudahuel,Concepción,1.049,9732,717,3678,1182,5577,4155,42.694204685573368
RET-10441,2025-12-09,Retail,Pudahuel,Concepción,1.048,9570,705,3439,1166,5310,4260,44.5141065830721
RET-10841,2025-12-09,Retail,Pudahuel,Temuco,4.022,43065,2447,16342,4010,22799,20266,47.059096714269124
RET-11841,2025-12-09,Retail,Pudahuel,Rancagua,5.373,37323,3468,12105,6394,21967,15356,41.143530798703217
RET-12323,2025-12-09,Retail,Pudahuel,Temuco,1.638,17522,1009,6843,1629,9481,8041,45.890880036525509
RET-11221,2025-12-10,Retail,Pudahuel,Valparaíso,4.746,35615,2911,11383,4699,18993,16622,46.671346342833075
RET-10342,2025-12-11,Retail,Pudahuel,Antofagasta,3.517,46539,2475,21298,4110,27883,18656,40.086808912954723
RET-10336,2025-12-12,Retail,Pudahuel,Rancagua,4.716,32894,3084,10859,5173,19116,13778,41.886058247704753
RET-10459,2025-12-12,Retail,Pudahuel,Temuco,1.153,12275,732,4657,1285,6674,5601,45.629327902240327
RET-11087,2025-12-13,Retail,Pudahuel,Concepción,5.866,52950,3671,19605,6341,29617,23333,44.066100094428705
RET-13115,2025-12-13,Retail,Pudahuel,La Serena,1.338,11946,832,4092,1572,6496,5450,45.621965511468275
RET-11722,2025-12-14,Retail,Pudahuel,Valparaíso,2.987,22442,1972,7191,3513,12676,9766,43.516620622047945
RET-10552,2025-12-16,Retail,Pudahuel,Valparaíso,2.01,15265,1322,5059,2155,8536,6729,44.081231575499508
RET-11082,2025-12-16,Retail,Pudahuel,Valparaíso,2.7,20417,1825,6456,3237,11518,8899,43.586227163638149
RET-11982,2025-12-16,Retail,Pudahuel,Rancagua,3.388,24122,1987,7352,3921,13260,10862,45.029433711964181
RET-13332,2025-12-17,Retail,Pudahuel,Valparaíso,1.44,10643,933,3575,1457,5965,4678,43.9537724325848
RET-10409,2025-12-18,Retail,Pudahuel,Valparaíso,4.154,31163,2679,10458,4573,17710,13453,43.169784680550656
RET-13155,2025-12-18,Retail,Pudahuel,Concepción,2.562,23329,1634,8776,2911,13321,10008,42.899395602040379
RET-12588,2025-12-20,Retail,Pudahuel,Rancagua,4.908,34128,3296,10631,5718,19645,14483,42.437294889826539
RET-12847,2025-12-20,Retail,Pudahuel,Rancagua,3.01,21189,2035,6617,3327,11979,9210,43.465949313322952
RET-13083,2025-12-20,Retail,Pudahuel,Concepción,4.218,38648,3007,13814,4861,21682,16966,43.898778720761747
RET-13292,2025-12-20,Retail,Pudahuel,La Serena,3.081,27534,2036,10079,3325,15440,12094,43.923875935207377
RET-11423,2025-12-21,Retail,Pudahuel,La Serena,2.733,24247,1884,8387,3072,13343,10904,44.970511815894746
RET-11554,2025-12-21,Retail,Pudahuel,Temuco,5.683,59142,3537,23321,5818,32676,26466,44.749923911940755
RET-12715,2025-12-21,Retail,Pudahuel,Puerto Montt,2.056,23310,1207,9603,2186,12996,10314,44.247104247104247
RET-13499,2025-12-21,Retail,Pudahuel,La Serena,1.007,9032,599,3206,1120,4925,4107,45.471656333038084
RET-11407,2025-12-22,Retail,Pudahuel,Antofagasta,4.727,61073,2952,27809,5296,36057,25016,40.960817382476712
RET-12412,2025-12-22,Retail,Pudahuel,Rancagua,5.002,35518,3564,10581,5531,19676,15842,44.602736640576609
RET-13486,2025-12-22,Retail,Pudahuel,Temuco,5.611,59075,3403,23417,5726,32546,26529,44.90732120186204
RET-10160,2025-12-23,Retail,Pudahuel,La Serena,2.678,24058,1624,8421,2692,12737,11321,47.057111979383158
RET-10513,2025-12-23,Retail,Pudahuel,Concepción,1.133,10289,732,4019,1206,5957,4332,42.103217027893869
RET-11283,2025-12-23,Retail,Pudahuel,Valparaíso,3.955,29094,2769,9122,3956,15847,13247,45.531724754244863
RET-12474,2025-12-23,Retail,Pudahuel,Antofagasta,1.763,23062,1136,9992,2014,13142,9920,43.014482698811904
RET-12909,2025-12-23,Retail,Pudahuel,Valparaíso,1.509,11448,891,3446,1737,6074,5374,46.942697414395532
RET-12963,2025-12-23,Retail,Pudahuel,Temuco,2.197,23385,1369,9627,2280,13276,10109,43.228565319649348
RET-11848,2025-12-24,Retail,Pudahuel,Puerto Montt,3.838,44633,2699,17950,4288,24937,19696,44.128783635426707
RET-12193,2025-12-24,Retail,Pudahuel,Rancagua,4.071,28701,2425,8790,4035,15250,13451,46.865962858436987
RET-10289,2025-12-25,Retail,Pudahuel,La Serena,5.144,45791,3564,16092,5502,25158,20633,45.059072743552228
RET-11755,2025-12-25,Retail,Pudahuel,La Serena,3.612,32518,2273,11784,3744,17801,14717,45.258010947782765
RET-12071,2025-12-25,Retail,Pudahuel,Rancagua,1.443,10126,914,3237,1605,5756,4370,43.156231483310293
RET-12080,2025-12-25,Retail,Pudahuel,Valparaíso,1.894,14324,1346,4442,2011,7799,6525,45.55291817927953
RET-11678,2025-12-26,Retail,Pudahuel,Rancagua,2.457,17493,1735,5303,2884,9922,7571,43.280169210541359
RET-11744,2025-12-26,Retail,Pudahuel,Rancagua,5.767,39877,3868,13216,6023,23107,16770,42.054317024851414
RET-13022,2025-12-26,Retail,Pudahuel,Concepción,3.607,33753,2374,12701,3632,18707,15046,44.576778360442034
RET-11542,2025-12-27,Retail,Pudahuel,Rancagua,5.785,40664,4023,13115,6437,23575,17089,42.024886877828052
RET-10354,2025-12-28,Retail,Pudahuel,Rancagua,4.997,34948,3017,11198,5981,20196,14752,42.211285338216783
RET-11187,2025-12-28,Retail,Pudahuel,Concepción,3.367,31477,2136,11476,3335,16947,14530,46.160688756870094
RET-11213,2025-12-28,Retail,Pudahuel,Rancagua,4.024,27634,2616,8945,4632,16193,11441,41.401896214807842
RET-12565,2025-12-28,Retail,Pudahuel,Puerto Montt,2.799,31578,1698,13956,2850,18504,13074,41.402242067262016
RET-13387,2025-12-29,Retail,Pudahuel,Temuco,1.335,13970,920,5807,1549,8276,5694,40.758768790264853
RET-11382,2025-12-30,Retail,Pudahuel,Concepción,3.903,36231,2709,13751,4014,20474,15757,43.490381165300434
RET-12877,2025-12-30,Retail,Pudahuel,Valparaíso,3.886,29303,2642,8920,4577,16139,13164,44.9237279459441
RET-12239,2025-12-31,Retail,Pudahuel,Puerto Montt,1.361,15347,941,6458,1430,8829,6518,42.470841206750507
RET-12682,2025-12-31,Retail,Pudahuel,Rancagua,1.032,7259,710,2374,1121,4205,3054,42.071910731505717
RET-10713,2025-01-01,Retail,Quilicura,Rancagua,5.795,40026,3893,13275,6626,23794,16232,40.553640133912957
RET-10778,2025-01-01,Retail,Quilicura,Valparaíso,3.855,28809,2295,9371,3900,15566,13243,45.968273803325346
RET-12105,2025-01-01,Retail,Quilicura,Concepción,4.889,45742,3264,16490,5293,25047,20695,45.242884001574048
RET-11817,2025-01-02,Retail,Quilicura,Temuco,3.568,37338,2461,15091,3858,21410,15928,42.658953345117574
RET-12737,2025-01-02,Retail,Quilicura,Rancagua,3.986,27735,2610,9002,4650,16262,11473,41.366504416801874
RET-12762,2025-01-02,Retail,Quilicura,Rancagua,2.425,16985,1522,5070,2422,9014,7971,46.9296438033559
RET-13409,2025-01-02,Retail,Quilicura,Puerto Montt,4.541,52619,2713,20907,5159,28779,23840,45.306828331971346
RET-11116,2025-01-03,Retail,Quilicura,Puerto Montt,4.731,54059,2942,23244,5554,31740,22319,41.286372296934829
RET-12482,2025-01-03,Retail,Quilicura,Antofagasta,5.822,74557,4093,32732,6172,42997,31560,42.330029373499471
RET-13050,2025-01-03,Retail,Quilicura,Antofagasta,4.357,57681,2963,24198,5165,32326,25355,43.957282293996293
RET-10843,2025-01-05,Retail,Quilicura,Rancagua,4.982,34208,3067,10706,5104,18877,15331,44.81700187090739
RET-11553,2025-01-05,Retail,Quilicura,Puerto Montt,5.279,59976,3420,25633,5342,34395,25581,42.65206082432973
RET-11827,2025-01-05,Retail,Quilicura,Concepción,4.881,45454,3033,16663,4964,24660,20794,45.747348968187616
RET-12285,2025-01-05,Retail,Quilicura,Concepción,2.894,26846,1992,9553,3122,14667,12179,45.366162556805484
RET-11532,2025-01-06,Retail,Quilicura,Concepción,1.761,16379,1055,6123,2127,9305,7074,43.189449905366629
RET-12744,2025-01-06,Retail,Quilicura,Antofagasta,1.843,23849,1267,10866,2080,14213,9636,40.40420982011824
RET-12985,2025-01-06,Retail,Quilicura,La Serena,4.056,37214,2679,13364,4152,20195,17019,45.732788735422155
RET-12756,2025-01-07,Retail,Quilicura,La Serena,4.395,40109,2851,14052,4939,21842,18267,45.543394250666935
RET-11005,2025-01-08,Retail,Quilicura,Concepción,3.607,32830,2337,12214,4119,18670,14160,43.131282363691746
RET-11308,2025-01-08,Retail,Quilicura,La Serena,3.591,31901,2129,11339,3954,17422,14479,45.387291934422116
RET-12020,2025-01-08,Retail,Quilicura,Puerto Montt,3.566,40846,2186,16508,4151,22845,18001,44.070410811340153
RET-12140,2025-01-08,Retail,Quilicura,Temuco,4.886,52241,3142,19820,5800,28762,23479,44.943626653394844
RET-10034,2025-01-09,Retail,Quilicura,Concepción,1.823,16939,1225,5895,1828,8948,7991,47.175157919593836
RET-13480,2025-01-09,Retail,Quilicura,Valparaíso,1.803,13515,1147,4398,2007,7552,5963,44.121346651868294
RET-10122,2025-01-10,Retail,Quilicura,La Serena,5.129,46081,3543,16103,5726,25372,20709,44.94043098023046
RET-12872,2025-01-10,Retail,Quilicura,Rancagua,5.927,41980,4075,12587,5890,22552,19428,46.279180562172463
RET-13132,2025-01-10,Retail,Quilicura,Rancagua,2.655,18802,1848,5785,2810,10443,8359,44.458036379108606
RET-11654,2025-01-11,Retail,Quilicura,Valparaíso,1.505,11263,1000,3767,1734,6501,4762,42.2800319630649
RET-10322,2025-01-12,Retail,Quilicura,Rancagua,1.735,12376,1063,3983,1795,6841,5535,44.723658694246929
RET-11465,2025-01-12,Retail,Quilicura,Valparaíso,2.118,16183,1460,5149,2421,9030,7153,44.20070444293394
RET-12108,2025-01-12,Retail,Quilicura,Temuco,5.055,53223,3588,21723,5372,30683,22540,42.350111793773372
RET-11971,2025-01-13,Retail,Quilicura,Rancagua,5.248,36676,3515,11620,5319,20454,16222,44.230559493947
RET-13223,2025-01-13,Retail,Quilicura,La Serena,4.84,43275,2839,16141,5126,24106,19169,44.29578278451762
RET-13187,2025-01-14,Retail,Quilicura,Valparaíso,5.777,43832,3733,14074,6073,23880,19952,45.519255338565436
RET-10580,2025-01-15,Retail,Quilicura,Rancagua,4.074,28811,2527,8985,4725,16237,12574,43.643053000590051
RET-13244,2025-01-15,Retail,Quilicura,Rancagua,4.992,34933,2953,11327,5774,20054,14879,42.592963673317492
RET-10861,2025-01-16,Retail,Quilicura,Temuco,2.619,28024,1558,11247,2973,15778,12246,43.698258635455325
RET-10943,2025-01-16,Retail,Quilicura,Antofagasta,3.943,50751,2810,22612,4465,29887,20864,41.1105199897539
RET-12135,2025-01-17,Retail,Quilicura,Temuco,3.198,32910,2043,13453,3214,18710,14200,43.147979337587358
RET-12894,2025-01-17,Retail,Quilicura,La Serena,3.238,29375,2087,10526,3553,16166,13209,44.966808510638295
RET-10231,2025-01-19,Retail,Quilicura,Rancagua,5.572,38377,3461,11779,5830,21070,17307,45.097323917971707
RET-10418,2025-01-19,Retail,Quilicura,Valparaíso,2.361,17650,1543,5737,2776,10056,7594,43.025495750708217
RET-11286,2025-01-19,Retail,Quilicura,Rancagua,1.894,13011,1212,4370,2239,7821,5190,39.889324417800317
RET-11579,2025-01-19,Retail,Quilicura,Valparaíso,4.283,31683,2810,10370,4907,18087,13596,42.912602973203292
RET-11866,2025-01-19,Retail,Quilicura,Valparaíso,5.168,38767,3084,12149,6222,21455,17312,44.656537776975263
RET-12519,2025-01-19,Retail,Quilicura,Temuco,3.78,39945,2349,15603,4164,22116,17829,44.633871573413444
RET-13177,2025-01-19,Retail,Quilicura,Rancagua,4.706,32985,2997,10414,4908,18319,14666,44.462634530847353
RET-10613,2025-01-20,Retail,Quilicura,Concepción,4.183,38888,2960,14735,4526,22221,16667,42.8589796338202
RET-11666,2025-01-20,Retail,Quilicura,Puerto Montt,3.59,41675,2528,17098,3574,23200,18475,44.331133773245348
RET-11184,2025-01-21,Retail,Quilicura,La Serena,2.319,20666,1600,7164,2298,11062,9604,46.472466853769475
RET-12704,2025-01-21,Retail,Quilicura,Temuco,1.88,19596,1253,7865,2110,11228,8368,42.702592365788938
RET-11444,2025-01-22,Retail,Quilicura,Valparaíso,1.257,9368,839,3111,1510,5460,3908,41.716481639624256
RET-12088,2025-01-22,Retail,Quilicura,Temuco,1.493,15378,899,6158,1557,8614,6764,43.984913512810508
RET-11979,2025-01-23,Retail,Quilicura,Valparaíso,2.477,18240,1528,5896,2653,10077,8163,44.753289473684212
RET-13417,2025-01-23,Retail,Quilicura,La Serena,4.189,37913,2644,13052,4350,20046,17867,47.126315511829716
RET-10221,2025-01-24,Retail,Quilicura,Concepción,5.965,55896,4132,19807,5934,29873,26023,46.556104193502215
RET-11570,2025-01-24,Retail,Quilicura,La Serena,1.409,12919,958,4400,1575,6933,5986,46.334855638981345
RET-12001,2025-01-24,Retail,Quilicura,Puerto Montt,4.711,53747,2828,23411,5540,31779,21968,40.872978956965042
RET-11644,2025-01-25,Retail,Quilicura,Concepción,5.016,46926,3168,17792,5646,26606,20320,43.30222051741039
RET-12689,2025-01-25,Retail,Quilicura,Valparaíso,2.34,17602,1407,5851,2407,9665,7937,45.091466878763775
RET-10465,2025-01-26,Retail,Quilicura,Rancagua,1.323,9211,934,2919,1543,5396,3815,41.41786993811747
RET-11877,2025-01-26,Retail,Quilicura,Puerto Montt,4.372,49657,2892,21849,4665,29406,20251,40.781762893449056
RET-10041,2025-01-28,Retail,Quilicura,Rancagua,1.194,8272,757,2715,1376,4848,3424,41.3926499032882
RET-10318,2025-01-28,Retail,Quilicura,La Serena,5.551,49905,3375,17516,6601,27492,22413,44.911331529906825
RET-12621,2025-01-28,Retail,Quilicura,Rancagua,4.152,29343,2660,9548,4775,16983,12360,42.122482363766487
RET-11332,2025-01-29,Retail,Quilicura,Concepción,1.708,15721,1015,5658,1910,8583,7138,45.404236371732075
RET-11403,2025-01-29,Retail,Quilicura,Temuco,3.047,32228,1848,12846,3101,17795,14433,44.784038724090856
RET-11585,2025-01-29,Retail,Quilicura,Valparaíso,1.38,10373,838,3430,1541,5809,4564,43.998843150486842
RET-12418,2025-01-29,Retail,Quilicura,La Serena,5.57,50058,3858,17268,5583,26709,23349,46.643893084022537
RET-11962,2025-01-30,Retail,Quilicura,Temuco,4.827,51584,3433,20824,5083,29340,22244,43.1218982630273
RET-10179,2025-01-31,Retail,Quilicura,Temuco,5.885,62917,4049,24413,5911,34373,28544,45.367706661156767
RET-10743,2025-01-31,Retail,Quilicura,Temuco,4.841,49965,3311,19408,4905,27624,22341,44.713299309516664
RET-10979,2025-01-31,Retail,Quilicura,Puerto Montt,3.954,45602,2370,18410,4134,24914,20688,45.366431296872946
RET-12799,2025-02-01,Retail,Quilicura,Valparaíso,3.285,25021,1984,8084,3481,13549,11472,45.849486431397622
RET-10847,2025-02-02,Retail,Quilicura,Temuco,5.47,57910,3905,22032,6071,32008,25902,44.728026247625621
RET-11472,2025-02-03,Retail,Quilicura,Rancagua,5.832,40312,3682,12805,6915,23402,16910,41.947807104584243
RET-12092,2025-02-03,Retail,Quilicura,Rancagua,1.884,13263,1209,4028,1982,7219,6044,45.570383774410011
RET-10110,2025-02-04,Retail,Quilicura,Valparaíso,1.327,10047,945,3047,1315,5307,4740,47.178262167811283
RET-10581,2025-02-04,Retail,Quilicura,Rancagua,1.253,8731,737,2868,1246,4851,3880,44.439354025884782
RET-12072,2025-02-04,Retail,Quilicura,Concepción,2.02,18444,1375,7054,2153,10582,7862,42.626328345261335
RET-12714,2025-02-04,Retail,Quilicura,Concepción,3.663,33944,2282,11871,3649,17802,16142,47.554796134810275
RET-13381,2025-02-04,Retail,Quilicura,Valparaíso,1.717,12766,1114,4262,1982,7358,5408,42.36252545824847
RET-10141,2025-02-05,Retail,Quilicura,Valparaíso,3.386,25238,2203,7871,3860,13934,11304,44.789602979633884
RET-12545,2025-02-05,Retail,Quilicura,La Serena,3.027,26820,1902,10035,3303,15240,11580,43.176733780760628
RET-10442,2025-02-06,Retail,Quilicura,Rancagua,4.861,33709,3081,10940,5004,19025,14684,43.561066777418496
RET-12082,2025-02-06,Retail,Quilicura,Valparaíso,2.72,20576,1806,6247,3147,11200,9376,45.567651632970453
RET-12262,2025-02-06,Retail,Quilicura,La Serena,3.304,29208,2347,10929,3847,17123,12085,41.375650506710492
RET-13096,2025-02-06,Retail,Quilicura,Puerto Montt,4.264,48792,2837,20181,4753,27771,21021,43.082882439744218
RET-11834,2025-02-07,Retail,Quilicura,Concepción,5.724,52748,3577,19101,6370,29048,23700,44.930613482975659
RET-13318,2025-02-07,Retail,Quilicura,Rancagua,5.624,39741,3329,12824,6718,22871,16870,42.449862862031658
RET-12753,2025-02-08,Retail,Quilicura,Rancagua,5.204,36368,3050,11935,5830,20815,15553,42.7656181258249
RET-10287,2025-02-09,Retail,Quilicura,Valparaíso,1.65,12165,1094,3836,1655,6585,5580,45.869297163995064
RET-12407,2025-02-09,Retail,Quilicura,La Serena,2.535,22523,1590,7919,2555,12064,10459,46.436975536118638
RET-11712,2025-02-10,Retail,Quilicura,Rancagua,3.936,27015,2525,8476,4173,15174,11841,43.831204886174348
RET-11782,2025-02-10,Retail,Quilicura,Antofagasta,5.667,72446,3924,32830,6574,43328,29118,40.192695248875026
RET-12266,2025-02-10,Retail,Quilicura,Rancagua,1.059,7321,686,2222,1219,4127,3194,43.6279196831034
RET-12517,2025-02-10,Retail,Quilicura,Rancagua,4.338,30963,2878,9502,4574,16954,14009,45.244323870425987
RET-10005,2025-02-11,Retail,Quilicura,Concepción,4.334,39321,2566,14750,4358,21674,17647,44.879326568500296
RET-10488,2025-02-11,Retail,Quilicura,La Serena,1.757,16055,1070,5634,1937,8641,7414,46.178760510744318
RET-11064,2025-02-11,Retail,Quilicura,Rancagua,3.04,21180,1830,7018,3199,12047,9133,43.1208687440982
RET-11915,2025-02-11,Retail,Quilicura,Temuco,5.921,63337,4167,24707,6078,34952,28385,44.81582645215277
RET-12311,2025-02-11,Retail,Quilicura,Valparaíso,4.365,33169,3109,10090,4471,17670,15499,46.7273659139558
RET-10860,2025-02-12,Retail,Quilicura,Rancagua,2.428,17260,1588,5412,2896,9896,7364,42.665121668597919
RET-12269,2025-02-12,Retail,Quilicura,La Serena,3.668,33481,2419,12272,4133,18824,14657,43.777067590573758
RET-12849,2025-02-12,Retail,Quilicura,La Serena,5.94,52909,3581,18767,7081,29429,23480,44.378083123854168
RET-10698,2025-02-13,Retail,Quilicura,Rancagua,2.806,19453,1675,6210,2794,10679,8774,45.103582994910809
RET-11002,2025-02-13,Retail,Quilicura,Puerto Montt,5.125,58361,3396,25007,6088,34491,23870,40.900601429036513
RET-10871,2025-02-14,Retail,Quilicura,Rancagua,1.906,13121,1326,4226,1995,7547,5574,42.481518176968223
RET-13234,2025-02-14,Retail,Quilicura,Rancagua,2.06,14400,1305,4452,2051,7808,6592,45.777777777777779
RET-13327,2025-02-14,Retail,Quilicura,La Serena,5.349,47509,3145,17166,5504,25815,21694,45.66292702435328
RET-12926,2025-02-15,Retail,Quilicura,Concepción,2.402,22402,1594,8459,2677,12730,9672,43.174716543165786
RET-12932,2025-02-15,Retail,Quilicura,Rancagua,3.088,21369,1848,6670,3503,12021,9348,43.745612803593993
RET-13039,2025-02-15,Retail,Quilicura,Valparaíso,1.016,7662,709,2554,1087,4350,3312,43.226311667971807
RET-10027,2025-02-16,Retail,Quilicura,Rancagua,4.203,29955,2713,9672,5028,17413,12542,41.86947087297613
RET-10133,2025-02-16,Retail,Quilicura,Rancagua,1.493,10459,987,3360,1563,5910,4549,43.493641839564013
RET-11659,2025-02-16,Retail,Quilicura,La Serena,5.508,50378,3658,17547,6346,27551,22827,45.311445472229941
RET-11902,2025-02-16,Retail,Quilicura,Rancagua,3.512,24974,2417,7362,4157,13936,11038,44.1979658845199
RET-10522,2025-02-17,Retail,Quilicura,La Serena,4.46,39415,3044,14921,4424,22389,17026,43.196752505391352
RET-13203,2025-02-17,Retail,Quilicura,Puerto Montt,3.792,43821,2492,18903,3806,25201,18620,42.491043107186059
RET-11974,2025-02-18,Retail,Quilicura,La Serena,1.517,13693,1005,4994,1517,7516,6177,45.1106404732345
RET-10916,2025-02-19,Retail,Quilicura,Rancagua,3.49,24783,2080,7691,3577,13348,11435,46.140499535972239
RET-13065,2025-02-19,Retail,Quilicura,Rancagua,1.142,8107,742,2478,1202,4422,3685,45.454545454545453
RET-11314,2025-02-21,Retail,Quilicura,Valparaíso,4.721,36019,2859,11291,5001,19151,16868,46.830839279269277
RET-11446,2025-02-21,Retail,Quilicura,Valparaíso,2.46,18669,1493,5968,2463,9924,8745,46.842358990840431
RET-11674,2025-02-21,Retail,Quilicura,Rancagua,2.454,17333,1717,5153,2529,9399,7934,45.773957191484449
RET-12083,2025-02-21,Retail,Quilicura,Concepción,1.617,15172,962,5630,1793,8385,6787,44.733720010545738
RET-13218,2025-02-21,Retail,Quilicura,Antofagasta,3.14,40786,2111,17639,3731,23481,17305,42.428774579512577
RET-10435,2025-02-22,Retail,Quilicura,La Serena,3.451,30445,2235,11065,3876,17176,13269,43.583511249794711
RET-10154,2025-02-23,Retail,Quilicura,Antofagasta,5.446,69936,3226,31316,6131,40673,29263,41.84254175245939
RET-12236,2025-02-24,Retail,Quilicura,Valparaíso,2.549,18993,1565,6332,2560,10457,8536,44.942873690306953
RET-12411,2025-02-24,Retail,Quilicura,La Serena,4.43,39215,3094,13524,5221,21839,17376,44.30957541756981
RET-13402,2025-02-24,Retail,Quilicura,Rancagua,5.702,39619,3764,11941,6183,21888,17731,44.753779752139131
RET-12598,2025-02-25,Retail,Quilicura,Valparaíso,4.189,31634,2848,9567,5052,17467,14167,44.784093064424354
RET-10153,2025-02-26,Retail,Quilicura,Valparaíso,3.284,24877,2224,7994,3887,14105,10772,43.301041122321827
RET-10882,2025-02-26,Retail,Quilicura,Rancagua,1.691,11716,1115,3861,1829,6805,4911,41.917036531239333
RET-13089,2025-02-26,Retail,Quilicura,La Serena,2.361,21285,1463,7317,2483,11263,10022,47.084801503406155
RET-11430,2025-02-27,Retail,Quilicura,Temuco,2.728,28229,1760,11334,3283,16377,11852,41.985192532502033
RET-11682,2025-02-27,Retail,Quilicura,La Serena,1.352,12377,814,4492,1550,6856,5521,44.606932212975678
RET-12769,2025-02-28,Retail,Quilicura,La Serena,1.71,15661,1002,5301,1822,8125,7536,48.119532596896754
RET-10735,2025-03-01,Retail,Quilicura,Concepción,4.348,39607,3005,15005,5112,23122,16485,41.621430555204888
RET-12801,2025-03-01,Retail,Quilicura,Rancagua,2.439,17314,1534,5613,2558,9705,7609,43.947094836548459
RET-13367,2025-03-01,Retail,Quilicura,Rancagua,5.226,37203,3512,11041,5566,20119,17084,45.921027874096175
RET-10016,2025-03-02,Retail,Quilicura,Rancagua,4.637,32819,3226,9998,5111,18335,14484,44.132971754166796
RET-11921,2025-03-02,Retail,Quilicura,Concepción,2.163,19760,1465,7161,2240,10866,8894,45.010121457489873
RET-12959,2025-03-02,Retail,Quilicura,Puerto Montt,3.099,35810,2022,14547,3303,19872,15938,44.507120915945265
RET-13121,2025-03-02,Retail,Quilicura,Concepción,3.443,31817,2179,11215,4126,17520,14297,44.935097589339037
RET-10614,2025-03-03,Retail,Quilicura,Valparaíso,3.939,29963,2663,9494,4421,16578,13385,44.671761839602176
RET-12757,2025-03-03,Retail,Quilicura,Rancagua,3.65,25063,2300,8012,4131,14443,10620,42.373219486893035
RET-10316,2025-03-05,Retail,Quilicura,La Serena,2.677,24300,1753,8937,2790,13480,10820,44.526748971193413
RET-12596,2025-03-06,Retail,Quilicura,Temuco,1.689,17762,1188,7372,1988,10548,7214,40.614795631122618
RET-12893,2025-03-06,Retail,Quilicura,Rancagua,1.213,8564,800,2547,1466,4813,3751,43.799626342830457
RET-13093,2025-03-06,Retail,Quilicura,Rancagua,1.727,12222,1024,3776,1863,6663,5559,45.483554246440846
RET-11361,2025-03-07,Retail,Quilicura,Temuco,1.76,18687,1126,7577,1830,10533,8154,43.634612297318995
RET-12556,2025-03-07,Retail,Quilicura,Concepción,5.494,49894,3644,18538,5545,27727,22167,44.428187758047059
RET-12654,2025-03-07,Retail,Quilicura,Rancagua,3.379,23976,2138,7319,3994,13451,10525,43.898064731398065
RET-10804,2025-03-08,Retail,Quilicura,Antofagasta,2.598,33574,1722,15037,2693,19452,14122,42.062310120926909
RET-12098,2025-03-08,Retail,Quilicura,Antofagasta,2.821,36169,1832,16051,3144,21027,15142,41.864580165334957
RET-12277,2025-03-08,Retail,Quilicura,La Serena,3.184,28517,1874,10484,3472,15830,12687,44.489252025107831
RET-10175,2025-03-09,Retail,Quilicura,Temuco,2.881,30169,1820,11877,3163,16860,13309,44.114819848188539
RET-12697,2025-03-09,Retail,Quilicura,La Serena,2.637,23591,1633,8505,3103,13241,10350,43.8726633038023
RET-13036,2025-03-09,Retail,Quilicura,Concepción,2.275,20782,1389,7587,2667,11643,9139,43.975555769415841
RET-10645,2025-03-10,Retail,Quilicura,Temuco,1.052,10924,711,4376,1117,6204,4720,43.207616257781034
RET-10832,2025-03-10,Retail,Quilicura,Temuco,1.396,14924,926,6096,1588,8610,6314,42.307692307692307
RET-11555,2025-03-10,Retail,Quilicura,La Serena,3.392,30904,2233,11276,3741,17250,13654,44.181982914833029
RET-13397,2025-03-10,Retail,Quilicura,Antofagasta,2.35,31143,1660,13687,2374,17721,13422,43.097967440516328
RET-11792,2025-03-11,Retail,Quilicura,Concepción,4.411,40587,3109,15059,4468,22636,17951,44.228447532461132
RET-12077,2025-03-11,Retail,Quilicura,Valparaíso,2.825,21211,1821,6812,2990,11623,9588,45.202960727924193
RET-11830,2025-03-12,Retail,Quilicura,Valparaíso,3.97,29218,2615,9344,4705,16664,12554,42.966664384968176
RET-12361,2025-03-12,Retail,Quilicura,Valparaíso,5.53,41894,3251,13686,6679,23616,18278,43.629159306821983
RET-12639,2025-03-12,Retail,Quilicura,Valparaíso,1.383,10440,909,3288,1651,5848,4592,43.984674329501914
RET-13426,2025-03-12,Retail,Quilicura,Rancagua,3.627,25074,2445,7991,3708,14144,10930,43.590970726649118
RET-11498,2025-03-13,Retail,Quilicura,Rancagua,4.061,28472,2411,8687,4850,15948,12524,43.987075021073338
RET-12079,2025-03-13,Retail,Quilicura,Rancagua,1.993,14111,1372,4602,2078,8052,6059,42.938133371128906
RET-12427,2025-03-13,Retail,Quilicura,Puerto Montt,2.699,30455,1641,13242,3022,17905,12550,41.208340174027249
RET-10554,2025-03-14,Retail,Quilicura,La Serena,3.594,32114,2239,11774,3610,17623,14491,45.123622096282
RET-11545,2025-03-14,Retail,Quilicura,Antofagasta,1.522,19427,899,8577,1700,11176,8251,42.471817573480209
RET-12530,2025-03-15,Retail,Quilicura,La Serena,4.822,43007,2905,15234,5615,23754,19253,44.767130932173835
RET-10130,2025-03-16,Retail,Quilicura,La Serena,5.969,53602,3905,18653,7089,29647,23955,44.69049662326033
RET-10885,2025-03-16,Retail,Quilicura,Puerto Montt,4.294,48473,2520,19991,4551,27062,21411,44.170981783673383
RET-10935,2025-03-16,Retail,Quilicura,Rancagua,4.543,32253,2739,9880,4656,17275,14978,46.43909093727715
RET-11181,2025-03-16,Retail,Quilicura,La Serena,1.1,9903,659,3443,1167,5269,4634,46.793900838129858
RET-13335,2025-03-16,Retail,Quilicura,Valparaíso,2.183,16588,1556,5257,2199,9012,7576,45.671569809500845
RET-10091,2025-03-18,Retail,Quilicura,Temuco,4.478,46757,2806,17869,4495,25170,21587,46.168488140813139
RET-10926,2025-03-18,Retail,Quilicura,Rancagua,1.283,9023,862,2728,1443,5033,3990,44.220325833979828
RET-13373,2025-03-18,Retail,Quilicura,Temuco,3.289,35114,2241,13574,3281,19096,16018,45.6171327675571
RET-10489,2025-03-19,Retail,Quilicura,Valparaíso,5.368,40170,3628,13058,5452,22138,18032,44.889220811550906
RET-13186,2025-03-19,Retail,Quilicura,Concepción,5.814,52809,3925,20391,6922,31238,21571,40.847204075062962
RET-13224,2025-03-19,Retail,Quilicura,La Serena,5.425,49542,3865,17409,6471,27745,21797,43.99701263574341
RET-13347,2025-03-19,Retail,Quilicura,Puerto Montt,3.671,41561,2459,17380,3693,23532,18029,43.379610692716732
RET-10228,2025-03-20,Retail,Quilicura,Concepción,2.971,26964,1783,10160,3137,15080,11884,44.073579587598275
RET-11130,2025-03-20,Retail,Quilicura,Puerto Montt,1.425,16160,892,7127,1587,9606,6554,40.556930693069312
RET-10105,2025-03-21,Retail,Quilicura,La Serena,1.566,14308,945,4838,1616,7399,6909,48.287671232876711
RET-11251,2025-03-21,Retail,Quilicura,Concepción,4.2,38281,2973,14025,4298,21296,16985,44.369269350330455
RET-11467,2025-03-21,Retail,Quilicura,Puerto Montt,3.756,43452,2214,18859,4183,25256,18196,41.8760931602688
RET-12286,2025-03-21,Retail,Quilicura,Valparaíso,2.732,20109,1716,6472,2764,10952,9157,45.536824307523993
RET-12462,2025-03-21,Retail,Quilicura,Valparaíso,5.01,38126,2962,12524,5473,20959,17167,45.027015684834495
RET-10257,2025-03-22,Retail,Quilicura,Temuco,3.219,34283,1893,12956,3736,18585,15698,45.78945833211796
RET-10760,2025-03-22,Retail,Quilicura,Temuco,2.663,27723,1822,11670,3172,16664,11059,39.891065180536017
RET-11351,2025-03-22,Retail,Quilicura,Concepción,5.544,50314,3831,18277,5522,27630,22684,45.084867035020075
RET-11695,2025-03-22,Retail,Quilicura,Rancagua,1.824,12702,1149,3975,1879,7003,5699,44.866950086600539
RET-13173,2025-03-22,Retail,Quilicura,Rancagua,1.113,7801,772,2472,1208,4452,3349,42.930393539289838
RET-12343,2025-03-23,Retail,Quilicura,Temuco,3.125,32670,2173,12470,3679,18322,14348,43.917967554331192
RET-12457,2025-03-24,Retail,Quilicura,Temuco,5.4,57160,3365,21978,6087,31430,25730,45.013995801259618
RET-10812,2025-03-26,Retail,Quilicura,Valparaíso,2.772,20692,1917,6846,3343,12106,8586,41.4942973129712
RET-11129,2025-03-26,Retail,Quilicura,Concepción,5.051,45872,3283,17291,5437,26011,19861,43.296564352982209
RET-11275,2025-03-26,Retail,Quilicura,Temuco,1.875,19988,1126,7614,2053,10793,9195,46.002601560936561
RET-12568,2025-03-26,Retail,Quilicura,La Serena,2.128,19190,1466,6877,2303,10646,8544,44.523189161021364
RET-11938,2025-03-27,Retail,Quilicura,Valparaíso,3.977,30262,2575,9116,4727,16418,13844,45.7471416297667
RET-12215,2025-03-27,Retail,Quilicura,Rancagua,4.752,33597,3103,10220,5317,18640,14957,44.518855850224718
RET-10833,2025-03-28,Retail,Quilicura,Rancagua,1.89,13215,1319,3998,2286,7603,5612,42.466893681422626
RET-11200,2025-03-28,Retail,Quilicura,Rancagua,2.467,17484,1546,5256,2657,9459,8025,45.899107755662321
RET-12813,2025-03-28,Retail,Quilicura,La Serena,4.684,42392,2941,14987,5548,23476,18916,44.621626722023024
RET-12949,2025-03-28,Retail,Quilicura,La Serena,3.11,27557,1957,9987,3523,15467,12090,43.872700221359359
RET-11405,2025-03-29,Retail,Quilicura,Valparaíso,1.506,11323,960,3647,1568,6175,5148,45.46498277841561
RET-10628,2025-03-30,Retail,Quilicura,Temuco,4.49,47873,2743,18249,5234,26226,21647,45.217554780356359
RET-10592,2025-03-31,Retail,Quilicura,Valparaíso,3.577,27204,2178,8245,3599,14022,13182,48.4561093956771
RET-12589,2025-03-31,Retail,Quilicura,Temuco,3.422,35333,2167,14263,4110,20540,14793,41.867376107321768
RET-13127,2025-03-31,Retail,Quilicura,Valparaíso,3.628,26797,2524,9135,3925,15584,11213,41.844236295107663
RET-10371,2025-04-01,Retail,Quilicura,La Serena,4.202,38156,2581,13442,4583,20606,17550,45.99538735716532
RET-11095,2025-04-01,Retail,Quilicura,Puerto Montt,3.425,39642,2051,16427,3402,21880,17762,44.80601382372231
RET-11531,2025-04-01,Retail,Quilicura,La Serena,3.384,30214,2024,11049,3774,16847,13367,44.241080293903487
RET-12272,2025-04-01,Retail,Quilicura,Concepción,5.085,46810,3539,17781,5209,26529,20281,43.326212347788932
RET-12363,2025-04-01,Retail,Quilicura,Valparaíso,4.206,31283,2764,10497,4437,17698,13585,43.426141994054277
RET-13077,2025-04-01,Retail,Quilicura,Rancagua,3.041,21174,1797,6641,3647,12085,9089,42.925285727779347
RET-10609,2025-04-02,Retail,Quilicura,Temuco,3.516,37634,2496,14430,3780,20706,16928,44.980602646543019
RET-11973,2025-04-02,Retail,Quilicura,La Serena,4.371,38731,3125,14013,5202,22340,16391,42.320105341974127
RET-12467,2025-04-02,Retail,Quilicura,Puerto Montt,4.086,46869,2690,19528,4859,27077,19792,42.2283385606691
RET-12805,2025-04-02,Retail,Quilicura,Antofagasta,4.123,54016,2624,24064,4575,31263,22753,42.122704383886258
RET-10218,2025-04-03,Retail,Quilicura,La Serena,3.583,31648,2541,11092,3971,17604,14044,44.375631951466126
RET-10606,2025-04-04,Retail,Quilicura,Valparaíso,2.129,16100,1431,4916,2219,8566,7534,46.795031055900623
RET-13151,2025-04-04,Retail,Quilicura,Rancagua,3.758,25841,2422,8182,3856,14460,11381,44.042413219302659
RET-10749,2025-04-05,Retail,Quilicura,La Serena,3.547,31739,2380,10890,3996,17266,14473,45.600050411166073
RET-12134,2025-04-05,Retail,Quilicura,Puerto Montt,2.125,24337,1338,10378,2383,14099,10238,42.06763364424539
RET-13302,2025-04-05,Retail,Quilicura,Valparaíso,2.326,17688,1554,5828,2349,9731,7957,44.985300768882858
RET-13496,2025-04-05,Retail,Quilicura,Antofagasta,4.756,62126,2908,27127,4859,34894,27232,43.833499661977271
RET-12070,2025-04-06,Retail,Quilicura,Rancagua,1.231,8732,848,2610,1399,4857,3875,44.377004122766834
RET-12300,2025-04-06,Retail,Quilicura,Valparaíso,1.364,10387,819,3338,1502,5659,4728,45.518436507172424
RET-11710,2025-04-07,Retail,Quilicura,La Serena,2.24,19760,1318,7066,2278,10662,9098,46.042510121457489
RET-12222,2025-04-07,Retail,Quilicura,Rancagua,1.826,12707,1130,3992,2050,7172,5535,43.558668450460374
RET-12790,2025-04-07,Retail,Quilicura,Concepción,5.031,46501,3330,16946,5685,25961,20540,44.171093094772154
RET-13193,2025-04-07,Retail,Quilicura,Rancagua,1.77,12219,1238,3976,1883,7097,5122,41.918323921761193
RET-11110,2025-04-08,Retail,Quilicura,Valparaíso,2.671,20325,1728,6728,3077,11533,8792,43.257072570725711
RET-11141,2025-04-08,Retail,Quilicura,Temuco,1.04,11088,637,4548,1090,6275,4813,43.407287157287158
RET-11279,2025-04-08,Retail,Quilicura,Valparaíso,1.711,12825,1186,4293,1742,7221,5604,43.695906432748536
RET-12175,2025-04-08,Retail,Quilicura,Valparaíso,5.132,38730,3508,12211,6144,21863,16867,43.550219468112573
RET-12650,2025-04-08,Retail,Quilicura,Concepción,4.633,43175,2928,15134,5537,23599,19576,45.341053850607992
RET-13027,2025-04-08,Retail,Quilicura,Puerto Montt,1.62,18323,1020,8160,1829,11009,7314,39.917044152158489
RET-12767,2025-04-09,Retail,Quilicura,Temuco,5.52,58576,3398,22571,6576,32545,26031,44.439702267140127
RET-10750,2025-04-10,Retail,Quilicura,Puerto Montt,3.299,38338,1968,15134,3625,20727,17611,45.936146903855182
RET-13131,2025-04-10,Retail,Quilicura,Rancagua,5.545,38701,3867,11783,6425,22075,16626,42.960130229193041
RET-12315,2025-04-11,Retail,Quilicura,Valparaíso,5.689,42795,3589,13543,6067,23199,19596,45.79039607430775
RET-12282,2025-04-13,Retail,Quilicura,Rancagua,5.436,37668,3246,11721,5959,20926,16742,44.446214293299349
RET-10245,2025-04-15,Retail,Quilicura,Concepción,2.329,21383,1633,8121,2391,12145,9238,43.20254407707057
RET-11219,2025-04-15,Retail,Quilicura,Antofagasta,4.628,60113,3159,26755,4599,34513,25600,42.586462162926487
RET-12942,2025-04-15,Retail,Quilicura,Concepción,5.866,53435,3451,20415,6110,29976,23459,43.901936932721995
RET-10679,2025-04-16,Retail,Quilicura,Valparaíso,4.065,30307,2662,9535,4333,16530,13777,45.458144983007223
RET-11241,2025-04-16,Retail,Quilicura,Rancagua,2.829,19464,1993,6208,2997,11198,8266,42.46814632141389
RET-11356,2025-04-16,Retail,Quilicura,Rancagua,3.497,24213,2408,8025,3465,13898,10315,42.6010820633544
RET-12888,2025-04-16,Retail,Quilicura,Rancagua,5.317,37163,3441,11846,5328,20615,16548,44.528159728762482
RET-10461,2025-04-17,Retail,Quilicura,Concepción,5.182,47646,3246,17929,5691,26866,20780,43.613314863787096
RET-11203,2025-04-17,Retail,Quilicura,Rancagua,4.579,32119,2937,10092,5193,18222,13897,43.2672250070052
RET-12590,2025-04-17,Retail,Quilicura,Concepción,4.91,45295,3254,16268,4924,24446,20849,46.029363064355891
RET-12924,2025-04-17,Retail,Quilicura,Rancagua,1.159,8034,816,2521,1342,4679,3355,41.76001991535972
RET-10219,2025-04-18,Retail,Quilicura,Valparaíso,4.217,31832,2551,10120,4908,17579,14253,44.7756974114099
RET-10030,2025-04-19,Retail,Quilicura,Valparaíso,4.494,33422,2921,11126,4604,18651,14771,44.195440129256184
RET-12816,2025-04-19,Retail,Quilicura,Puerto Montt,4.873,55117,2996,23390,4839,31225,23892,43.347787434004026
RET-11025,2025-04-20,Retail,Quilicura,Valparaíso,3.383,24972,2025,8496,4078,14599,10373,41.538523145923435
RET-11482,2025-04-20,Retail,Quilicura,Temuco,1.42,15031,919,5745,1488,8152,6879,45.76541813585257
RET-11681,2025-04-20,Retail,Quilicura,La Serena,4.611,40924,2917,14110,5186,22213,18711,45.721337112696709
RET-13019,2025-04-20,Retail,Quilicura,Rancagua,3.025,20924,1979,6826,3380,12185,8739,41.76543681896387
RET-10250,2025-04-21,Retail,Quilicura,Temuco,4.586,48112,2916,18360,4902,26178,21934,45.589457931493186
RET-11269,2025-04-21,Retail,Quilicura,Temuco,4.804,49953,2904,20286,5764,28954,20999,42.037515264348485
RET-13356,2025-04-21,Retail,Quilicura,Valparaíso,1.893,14393,1269,4518,2105,7892,6501,45.167789897867017
RET-10064,2025-04-22,Retail,Quilicura,La Serena,1.179,10493,758,3847,1224,5829,4664,44.448680072429234
RET-11348,2025-04-22,Retail,Quilicura,Rancagua,1.998,14041,1237,4239,1986,7462,6579,46.855637062887254
RET-13073,2025-04-22,Retail,Quilicura,Temuco,1.906,20171,1334,8029,2090,11453,8718,43.220465024044415
RET-10164,2025-04-23,Retail,Quilicura,Rancagua,3.248,22489,2253,7493,3850,13596,8893,39.543776957623727
RET-10292,2025-04-23,Retail,Quilicura,La Serena,1.985,17763,1352,6303,2074,9729,8034,45.228846478635361
RET-12298,2025-04-23,Retail,Quilicura,Rancagua,5.29,37000,3720,11803,5568,21091,15909,42.9972972972973
RET-10950,2025-04-25,Retail,Quilicura,Valparaíso,2.311,17085,1644,5558,2346,9548,7537,44.114720515071696
RET-11297,2025-04-25,Retail,Quilicura,Puerto Montt,4.023,46560,2632,19100,4294,26026,20534,44.102233676975942
RET-11381,2025-04-25,Retail,Quilicura,Temuco,3.978,42416,2583,17523,4028,24134,18282,43.101659751037346
RET-12342,2025-04-25,Retail,Quilicura,Concepción,5.366,50259,3379,18222,5634,27235,23024,45.810700571042
RET-12577,2025-04-25,Retail,Quilicura,Concepción,3.981,36027,2635,13074,4800,20509,15518,43.073250617592365
RET-13140,2025-04-25,Retail,Quilicura,La Serena,5.128,45295,3223,16390,5414,25027,20268,44.746660779335471
RET-13372,2025-04-25,Retail,Quilicura,Concepción,2.359,22111,1463,8331,2816,12610,9501,42.9695626611189
RET-10686,2025-04-28,Retail,Quilicura,Concepción,5.546,51718,3612,19197,5995,28804,22914,44.305657604702425
RET-12518,2025-04-28,Retail,Quilicura,Valparaíso,3.768,28546,2634,9308,3834,15776,12770,44.734813984446156
RET-12638,2025-04-28,Retail,Quilicura,Rancagua,1.479,10263,932,3362,1552,5846,4417,43.038098022020854
RET-10738,2025-04-29,Retail,Quilicura,Puerto Montt,1.573,18267,1063,7271,1795,10129,8138,44.550281929161876
RET-10840,2025-04-29,Retail,Quilicura,Temuco,3.812,40577,2254,16002,4455,22711,17866,44.029869137688834
RET-10990,2025-04-29,Retail,Quilicura,Rancagua,2.968,20680,1846,6855,2986,11687,8993,43.486460348162474
RET-12660,2025-04-29,Retail,Quilicura,Rancagua,1.355,9472,957,3000,1567,5524,3948,41.680743243243242
RET-10744,2025-04-30,Retail,Quilicura,La Serena,5.081,46057,3073,15813,5349,24235,21822,47.380419914453832
RET-10810,2025-04-30,Retail,Quilicura,Concepción,4.907,45727,2887,17073,5704,25664,20063,43.875609596081091
RET-11375,2025-04-30,Retail,Quilicura,Valparaíso,2.55,19078,1562,6185,3020,10767,8311,43.563266589789286
RET-11612,2025-04-30,Retail,Quilicura,Rancagua,4.591,32275,3172,10601,4590,18363,13912,43.104570100697131
RET-11747,2025-04-30,Retail,Quilicura,Rancagua,5.047,35181,3380,10930,5739,20049,15132,43.0118529888292
RET-13171,2025-04-30,Retail,Quilicura,La Serena,2.236,20040,1594,7046,2561,11201,8839,44.106786427145714
RET-10448,2025-05-01,Retail,Quilicura,Valparaíso,2.26,16911,1510,5321,2277,9108,7803,46.141564662054286
RET-10629,2025-05-01,Retail,Quilicura,Temuco,1.709,18092,1044,7462,1810,10316,7776,42.98032279460535
RET-13101,2025-05-01,Retail,Quilicura,Valparaíso,4.074,30237,2478,9898,4274,16650,13587,44.93501339418593
RET-12054,2025-05-02,Retail,Quilicura,Concepción,5.899,54267,3915,19380,6048,29343,24924,45.9284648128697
RET-12291,2025-05-02,Retail,Quilicura,Antofagasta,4.036,53007,2871,22596,4403,29870,23137,43.648952025204217
RET-11299,2025-05-03,Retail,Quilicura,Rancagua,1.487,10301,920,3188,1541,5649,4652,45.1606640132026
RET-13005,2025-05-03,Retail,Quilicura,La Serena,4.119,36975,2693,13824,4376,20893,16082,43.494252873563219
RET-12218,2025-05-04,Retail,Quilicura,Valparaíso,3.127,23382,2209,7181,3228,12618,10764,46.035411855273288
RET-12428,2025-05-04,Retail,Quilicura,Concepción,1.971,17858,1286,6812,2023,10121,7737,43.325120394221081
RET-13307,2025-05-04,Retail,Quilicura,Temuco,3.352,34961,2274,14694,3761,20729,14232,40.708217728325849
RET-13323,2025-05-04,Retail,Quilicura,Concepción,2.555,23553,1751,8863,2725,13339,10214,43.366025559376723
RET-12867,2025-05-05,Retail,Quilicura,Puerto Montt,5.354,61380,3718,26028,5542,35288,26092,42.5089605734767
RET-10719,2025-05-06,Retail,Quilicura,Valparaíso,1.052,7957,679,2649,1211,4539,3418,42.955887897448783
RET-12729,2025-05-06,Retail,Quilicura,Valparaíso,2.137,15867,1453,5036,2246,8735,7132,44.948635532866952
RET-12905,2025-05-06,Retail,Quilicura,Concepción,2.917,27299,1787,9562,3428,14777,12522,45.869812081028613
RET-10848,2025-05-08,Retail,Quilicura,Concepción,4.967,46459,3139,16115,5313,24567,21892,47.121117544501608
RET-11201,2025-05-08,Retail,Quilicura,La Serena,4.378,39195,2659,13944,5068,21671,17524,44.709784411276949
RET-11307,2025-05-08,Retail,Quilicura,Rancagua,5.822,40620,3593,12958,5934,22485,18135,44.64549483013294
RET-11563,2025-05-08,Retail,Quilicura,Rancagua,3.084,21793,1913,6741,3683,12337,9456,43.39007938328821
RET-12945,2025-05-08,Retail,Quilicura,Temuco,2.564,27169,1754,10486,2830,15070,12099,44.532371452758653
RET-10910,2025-05-10,Retail,Quilicura,Rancagua,3.659,25656,2378,7901,3966,14245,11411,44.476925475522293
RET-12259,2025-05-10,Retail,Quilicura,Valparaíso,3.475,25986,2404,7947,4103,14454,11532,44.377741861002079
RET-10869,2025-05-11,Retail,Quilicura,Temuco,5.388,56797,3744,22706,5972,32422,24375,42.915999084458683
RET-11261,2025-05-11,Retail,Quilicura,Temuco,2.406,25194,1584,10067,2830,14481,10713,42.522029054536794
RET-13345,2025-05-11,Retail,Quilicura,Valparaíso,4.16,30743,2626,9564,4641,16831,13912,45.252577822593757
RET-11650,2025-05-12,Retail,Quilicura,Antofagasta,1.017,13119,717,5784,1057,7558,5561,42.388901593109232
RET-12642,2025-05-12,Retail,Quilicura,Valparaíso,4.667,34421,2808,11401,5486,19695,14726,42.782022602481042
RET-12723,2025-05-12,Retail,Quilicura,Temuco,5.854,62614,4025,24555,6005,34585,28029,44.7647490976459
RET-11604,2025-05-13,Retail,Quilicura,Concepción,3.458,31741,2259,11514,4111,17884,13857,43.656469550423743
RET-12693,2025-05-13,Retail,Quilicura,Concepción,2.11,19087,1331,7388,2296,11015,8072,42.290564258395769
RET-13172,2025-05-13,Retail,Quilicura,Valparaíso,2.216,16667,1361,5434,2525,9320,7347,44.08111837763245
RET-10208,2025-05-14,Retail,Quilicura,Temuco,5.809,60363,3973,24578,5791,34342,26021,43.107532760134518
RET-11963,2025-05-14,Retail,Quilicura,La Serena,2.912,25864,2000,9326,2977,14303,11561,44.69919579338076
RET-12173,2025-05-14,Retail,Quilicura,Temuco,4.803,50716,3231,20895,5484,29610,21106,41.616058048742019
RET-11010,2025-05-15,Retail,Quilicura,Valparaíso,2.656,19695,1641,6102,2801,10544,9151,46.463569433866461
RET-12016,2025-05-15,Retail,Quilicura,La Serena,2.955,26743,1926,9156,3452,14534,12209,45.653068092584974
RET-12127,2025-05-15,Retail,Quilicura,La Serena,1.905,17035,1140,6053,2232,9425,7610,44.672732609333728
RET-12929,2025-05-16,Retail,Quilicura,Temuco,2.77,29488,1737,11908,2812,16457,13031,44.190857297883888
RET-13288,2025-05-16,Retail,Quilicura,La Serena,1.004,8923,610,3133,1030,4773,4150,46.509021629496807
RET-10454,2025-05-17,Retail,Quilicura,La Serena,4.593,40863,3158,14593,4675,22426,18437,45.119056359053424
RET-12213,2025-05-17,Retail,Quilicura,Concepción,5.349,48770,3262,18545,5517,27324,21446,43.973754357186792
RET-11008,2025-05-18,Retail,Quilicura,Valparaíso,3.978,29310,2417,9286,4294,15997,13313,45.42135789832821
RET-11115,2025-05-18,Retail,Quilicura,Concepción,4.989,45511,3565,16353,5994,25912,19599,43.064314121860647
RET-12683,2025-05-18,Retail,Quilicura,Puerto Montt,4.442,50322,2813,21185,4478,28476,21846,43.412423989507573
RET-12771,2025-05-18,Retail,Quilicura,Puerto Montt,3.453,39830,2425,17160,4073,23658,16172,40.602560883755963
RET-10069,2025-05-19,Retail,Quilicura,Rancagua,5.641,40074,3880,12651,6224,22755,17319,43.217547537056447
RET-10373,2025-05-19,Retail,Quilicura,La Serena,5.493,50025,3857,17075,6245,27177,22848,45.673163418290855
RET-10493,2025-05-19,Retail,Quilicura,Valparaíso,1.834,13865,1272,4302,1890,7464,6401,46.166606563288859
RET-10790,2025-05-19,Retail,Quilicura,Temuco,1.805,18862,1165,7428,1934,10527,8335,44.189375463895665
RET-12049,2025-05-19,Retail,Quilicura,La Serena,5.286,47694,3123,17425,5296,25844,21850,45.812890510336729
RET-12189,2025-05-19,Retail,Quilicura,Puerto Montt,3.818,43151,2248,18944,4366,25558,17593,40.770781673657616
RET-13233,2025-05-19,Retail,Quilicura,Temuco,1.722,18050,1200,7014,1874,10088,7962,44.11080332409972
RET-11040,2025-05-20,Retail,Quilicura,Antofagasta,2.944,38850,2014,16801,2983,21798,17052,43.891891891891895
RET-11062,2025-05-20,Retail,Quilicura,Valparaíso,2.373,17611,1581,5436,2761,9778,7833,44.477883141218555
RET-12701,2025-05-20,Retail,Quilicura,Rancagua,1.423,10044,866,3045,1526,5437,4607,45.868180007964952
RET-10149,2025-05-21,Retail,Quilicura,Rancagua,1.056,7365,741,2416,1075,4232,3133,42.539035980991173
RET-10596,2025-05-22,Retail,Quilicura,Valparaíso,5.784,43579,3768,13607,6776,24151,19428,44.58110557837491
RET-12445,2025-05-22,Retail,Quilicura,Concepción,2.088,19576,1242,7102,2198,10542,9034,46.148344912137311
RET-11906,2025-05-23,Retail,Quilicura,Valparaíso,5.96,44389,3645,14765,6452,24862,19527,43.990628308815246
RET-10025,2025-05-24,Retail,Quilicura,Rancagua,3.988,28337,2374,8820,4671,15865,12472,44.013127712884213
RET-10205,2025-05-24,Retail,Quilicura,Valparaíso,5.445,41356,3592,13023,6165,22780,18576,44.9173034142567
RET-11847,2025-05-24,Retail,Quilicura,Temuco,5.973,63394,3767,25372,6356,35495,27899,44.0088967410165
RET-13235,2025-05-24,Retail,Quilicura,La Serena,3.429,30641,2009,10887,3697,16593,14048,45.847067654449916
RET-10570,2025-05-25,Retail,Quilicura,Rancagua,3.601,25202,2206,8059,3658,13923,11279,44.754384572652967
RET-10966,2025-05-25,Retail,Quilicura,Rancagua,3.269,23087,1926,7373,3496,12795,10292,44.579200415818427
RET-11158,2025-05-25,Retail,Quilicura,Puerto Montt,3.092,35175,2126,15506,3685,21317,13858,39.397299218194739
RET-11223,2025-05-25,Retail,Quilicura,Valparaíso,2.862,21521,1975,6617,2858,11450,10071,46.796152595139631
RET-11734,2025-05-25,Retail,Quilicura,Concepción,3.783,35237,2628,12518,4127,19273,15964,45.304651360785535
RET-12676,2025-05-25,Retail,Quilicura,Rancagua,1.468,10234,934,3115,1713,5762,4472,43.69747899159664
RET-12531,2025-05-26,Retail,Quilicura,La Serena,1.453,13300,961,4539,1658,7158,6142,46.180451127819552
RET-10543,2025-05-27,Retail,Quilicura,Rancagua,3.187,22045,2218,6692,3404,12314,9731,44.141528691313226
RET-12066,2025-05-27,Retail,Quilicura,Rancagua,4.91,34620,2934,10927,5923,19784,14836,42.853841709994221
RET-12401,2025-05-27,Retail,Quilicura,Concepción,1.179,11045,723,3856,1411,5990,5055,45.767315527387957
RET-13160,2025-05-27,Retail,Quilicura,La Serena,5.541,49493,3386,17315,5781,26482,23011,46.493443517265064
RET-10398,2025-05-28,Retail,Quilicura,Valparaíso,1.373,10382,875,3436,1451,5762,4620,44.5000963205548
RET-10595,2025-05-28,Retail,Quilicura,Valparaíso,4.518,33505,2649,11240,4993,18882,14623,43.644232204148636
RET-10811,2025-05-28,Retail,Quilicura,Puerto Montt,4.462,52123,3005,21289,5348,29642,22481,43.130671680448167
RET-13152,2025-05-28,Retail,Quilicura,La Serena,1.633,14576,970,5119,1808,7897,6679,45.821899012074638
RET-12480,2025-05-29,Retail,Quilicura,Concepción,3.595,32733,2461,11772,3739,17972,14761,45.095163901872723
RET-12209,2025-05-30,Retail,Quilicura,Rancagua,4.075,28928,2760,8717,4768,16245,12683,43.843335176991147
RET-10574,2025-05-31,Retail,Quilicura,Valparaíso,2.678,19757,1782,6328,3021,11131,8626,43.6604747684365
RET-13013,2025-05-31,Retail,Quilicura,Concepción,5.955,54906,3558,20963,6071,30592,24314,44.282956325356068
RET-10752,2025-06-01,Retail,Quilicura,Temuco,2.231,23765,1475,9350,2217,13042,10723,45.120976225541767
RET-11138,2025-06-01,Retail,Quilicura,Puerto Montt,2.041,23648,1456,9958,2051,13465,10183,43.060723951285524
RET-12789,2025-06-01,Retail,Quilicura,Rancagua,1.395,9751,993,2991,1507,5491,4260,43.68782688954979
RET-10445,2025-06-02,Retail,Quilicura,Valparaíso,4.116,31242,2445,9995,4107,16547,14695,47.036041226554
RET-11663,2025-06-02,Retail,Quilicura,La Serena,2.499,22265,1653,7973,2695,12321,9944,44.662025600718621
RET-12468,2025-06-02,Retail,Quilicura,Puerto Montt,1.159,13382,759,5316,1324,7399,5983,44.709311014795993
RET-10584,2025-06-03,Retail,Quilicura,Puerto Montt,3.348,38101,2369,16448,3786,22603,15498,40.6760977402168
RET-10590,2025-06-03,Retail,Quilicura,Puerto Montt,2.481,28303,1690,11585,2953,16228,12075,42.663321909338229
RET-11114,2025-06-03,Retail,Quilicura,Concepción,1.365,12531,945,4533,1442,6920,5611,44.776953156172695
RET-10846,2025-06-04,Retail,Quilicura,Antofagasta,4.235,54142,2775,25568,4198,32541,21601,39.89693768239075
RET-10902,2025-06-04,Retail,Quilicura,Antofagasta,5.442,71614,3331,30479,5920,39730,31884,44.522020833915157
RET-11485,2025-06-04,Retail,Quilicura,Rancagua,2.439,17397,1536,5322,2418,9276,8121,46.68046214864632
RET-11006,2025-06-05,Retail,Quilicura,Temuco,2.305,24506,1594,9639,2434,13667,10839,44.229984493593406
RET-12524,2025-06-05,Retail,Quilicura,Rancagua,1.933,13752,1356,4232,2042,7630,6122,44.517161140197793
RET-12913,2025-06-05,Retail,Quilicura,Valparaíso,1.34,10094,933,3315,1578,5826,4268,42.282544085595404
RET-10092,2025-06-06,Retail,Quilicura,La Serena,3.174,28940,2064,10039,3254,15357,13583,46.935038009675189
RET-10436,2025-06-06,Retail,Quilicura,Antofagasta,3.635,47907,2166,21148,4141,27455,20452,42.691047237355711
RET-13109,2025-06-07,Retail,Quilicura,Rancagua,5.85,41337,3958,12570,6194,22722,18615,45.032295522171424
RET-12641,2025-06-08,Retail,Quilicura,Valparaíso,2.616,19546,1694,6415,2668,10777,8769,44.863399160953648
RET-13067,2025-06-08,Retail,Quilicura,Concepción,3.3,30443,2009,11145,3823,16977,13466,44.233485530335379
RET-12231,2025-06-10,Retail,Quilicura,Concepción,5.208,47302,3198,18348,5712,27258,20044,42.374529618197968
RET-12537,2025-06-11,Retail,Quilicura,Rancagua,3.174,21998,2141,7016,3694,12851,9147,41.581052822983906
RET-12636,2025-06-11,Retail,Quilicura,La Serena,3.851,33995,2347,12749,4249,19345,14650,43.094572731284018
RET-12745,2025-06-11,Retail,Quilicura,Rancagua,4.856,34512,2850,10746,5179,18775,15737,45.598632359758923
RET-12992,2025-06-11,Retail,Quilicura,Rancagua,2.764,18997,1857,5981,3185,11023,7974,41.975048691898721
RET-10183,2025-06-13,Retail,Quilicura,Valparaíso,5.008,37104,2976,11473,5000,19449,17655,47.582470892626134
RET-11397,2025-06-13,Retail,Quilicura,Rancagua,1.865,13172,1212,4211,2200,7623,5549,42.127239599149711
RET-11438,2025-06-13,Retail,Quilicura,Valparaíso,1.768,13333,1044,4191,2064,7299,6034,45.256131403285082
RET-11829,2025-06-13,Retail,Quilicura,Concepción,4.07,38007,2581,14394,4062,21037,16970,44.649669797668849
RET-11849,2025-06-13,Retail,Quilicura,Temuco,2.895,30651,1845,11686,2934,16465,14186,46.282339891031285
RET-11951,2025-06-14,Retail,Quilicura,La Serena,1.653,14812,1093,5216,1972,8281,6531,44.092627599243855
RET-10238,2025-06-15,Retail,Quilicura,Valparaíso,4.594,34060,3080,11496,4830,19406,14654,43.024075161479743
RET-11240,2025-06-15,Retail,Quilicura,La Serena,2.627,23437,1853,8752,2897,13502,9935,42.390237658403379
RET-11519,2025-06-15,Retail,Quilicura,Temuco,5.843,61372,3858,23910,6542,34310,27062,44.095027048165285
RET-11876,2025-06-15,Retail,Quilicura,La Serena,1.673,15222,1054,5102,1905,8061,7161,47.043752463539612
RET-11965,2025-06-15,Retail,Quilicura,Valparaíso,2.483,18506,1630,5692,2883,10205,8301,44.855722468388635
RET-12093,2025-06-17,Retail,Quilicura,Temuco,4.042,43007,2611,17466,4576,24653,18354,42.676773548492108
RET-10067,2025-06-18,Retail,Quilicura,La Serena,3.108,28315,2141,9617,3238,14996,13319,47.038672081935367
RET-10241,2025-06-18,Retail,Quilicura,Valparaíso,4.196,31091,2905,10248,4589,17742,13349,42.935254575279018
RET-10566,2025-06-18,Retail,Quilicura,Temuco,5.688,60607,3507,23759,6059,33325,27282,45.014602273664757
RET-11105,2025-06-18,Retail,Quilicura,Valparaíso,4.236,31579,3007,9791,5116,17914,13665,43.272427879286866
RET-12327,2025-06-18,Retail,Quilicura,Rancagua,4.652,32266,2907,10359,5364,18630,13636,42.261203743879008
RET-12414,2025-06-18,Retail,Quilicura,Rancagua,1.463,10158,874,3141,1626,5641,4517,44.467414845442015
RET-12919,2025-06-18,Retail,Quilicura,Rancagua,1.357,9445,871,2979,1385,5235,4210,44.57384859714135
RET-10096,2025-06-19,Retail,Quilicura,Rancagua,4.81,33238,2961,10470,5094,18525,14713,44.265599614898612
RET-11588,2025-06-19,Retail,Quilicura,Valparaíso,3.156,24073,2027,7421,3165,12613,11460,47.605200847422424
RET-10097,2025-06-20,Retail,Quilicura,Rancagua,2.469,16950,1596,5577,2912,10085,6865,40.501474926253692
RET-11643,2025-06-20,Retail,Quilicura,La Serena,1.473,13393,914,4659,1537,7110,6283,46.912566265959832
RET-12625,2025-06-21,Retail,Quilicura,Concepción,3.022,28322,2040,9808,3211,15059,13263,46.829319963279431
RET-10253,2025-06-22,Retail,Quilicura,Valparaíso,4.637,34337,3208,10812,5279,19299,15038,43.795322829600721
RET-10557,2025-06-22,Retail,Quilicura,La Serena,1.473,13110,997,4900,1489,7386,5724,43.661327231121284
RET-11615,2025-06-23,Retail,Quilicura,Concepción,3.246,30254,1988,10941,3590,16519,13735,45.398955510015206
RET-12808,2025-06-23,Retail,Quilicura,Rancagua,5.08,35527,3021,10828,5199,19048,16479,46.384440003377712
RET-10311,2025-06-24,Retail,Quilicura,Rancagua,2.353,16683,1605,5177,2677,9459,7224,43.301564466822512
RET-10425,2025-06-24,Retail,Quilicura,La Serena,3.281,29123,2096,10292,3689,16077,13046,44.796209181746391
RET-11440,2025-06-24,Retail,Quilicura,Temuco,2.246,23382,1414,9105,2438,12957,10425,44.585578650243782
RET-11562,2025-06-24,Retail,Quilicura,La Serena,1.363,12484,849,4174,1400,6423,6061,48.550144184556231
RET-12053,2025-06-24,Retail,Quilicura,Temuco,2.543,26528,1511,10909,2758,15178,11350,42.784981905910733
RET-10481,2025-06-25,Retail,Quilicura,Rancagua,3.854,26534,2377,8826,4207,15410,11124,41.923569759553779
RET-11126,2025-06-25,Retail,Quilicura,Rancagua,1.823,12979,1200,4064,1976,7240,5739,44.217582248247169
RET-11967,2025-06-25,Retail,Quilicura,La Serena,5.332,48522,3779,16319,5312,25410,23112,47.632001978483984
RET-13126,2025-06-25,Retail,Quilicura,Rancagua,2.45,17181,1632,5159,2756,9547,7634,44.432803678482045
RET-13495,2025-06-25,Retail,Quilicura,Temuco,1.693,17704,1108,6843,1813,9764,7940,44.848621780388612
RET-12629,2025-06-26,Retail,Quilicura,Valparaíso,5.487,40596,3873,12948,6479,23300,17296,42.60518277662824
RET-12706,2025-06-26,Retail,Quilicura,Valparaíso,4.793,35402,2897,11403,4887,19187,16215,45.802497034065873
RET-10286,2025-06-27,Retail,Quilicura,Valparaíso,4.339,32357,2800,10470,5061,18331,14026,43.347652749018764
RET-12010,2025-06-27,Retail,Quilicura,Valparaíso,1.896,14287,1271,4542,1965,7778,6509,45.558899699027087
RET-12674,2025-06-28,Retail,Quilicura,La Serena,3.266,29859,2223,10372,3631,16226,13633,45.657925583576144
RET-13118,2025-06-28,Retail,Quilicura,Valparaíso,2.273,16877,1606,5629,2256,9491,7386,43.763702079753507
RET-13475,2025-06-28,Retail,Quilicura,Valparaíso,1.06,7910,632,2548,1050,4230,3680,46.523388116308475
RET-10301,2025-06-29,Retail,Quilicura,Valparaíso,4.371,32974,2907,10245,4584,17736,15238,46.21216716200643
RET-10502,2025-06-29,Retail,Quilicura,La Serena,3.878,35139,2354,12088,4484,18926,16213,46.139616949827825
RET-11329,2025-06-29,Retail,Quilicura,Concepción,2.435,22081,1638,8237,2536,12411,9670,43.793306462569632
RET-12614,2025-06-29,Retail,Quilicura,Puerto Montt,5.226,61257,3678,24532,5535,33745,27512,44.912418172617009
RET-12784,2025-06-29,Retail,Quilicura,Temuco,4.018,43023,2386,16444,4153,22983,20040,46.579736420054388
RET-11243,2025-06-30,Retail,Quilicura,Concepción,2.859,26487,1909,9555,3450,14914,11573,43.693132480084564
RET-12713,2025-06-30,Retail,Quilicura,Valparaíso,5.29,39877,3505,12803,5712,22020,17857,44.780199112270232
RET-12916,2025-06-30,Retail,Quilicura,Valparaíso,1.972,14523,1344,4531,2362,8237,6286,43.283068236590239
RET-13213,2025-06-30,Retail,Quilicura,Concepción,5.046,47002,2997,16940,5461,25398,21604,45.964001531849711
RET-13408,2025-06-30,Retail,Quilicura,La Serena,2.785,24650,1694,8721,3041,13456,11194,45.411764705882348
RET-12711,2025-07-01,Retail,Quilicura,Concepción,2.311,21244,1359,8134,2312,11805,9439,44.431368857089062
RET-11742,2025-07-02,Retail,Quilicura,Concepción,3.297,30446,2184,11067,3941,17192,13254,43.532812192077778
RET-13042,2025-07-03,Retail,Quilicura,La Serena,5.79,52585,3811,18734,6814,29359,23226,44.168489112864883
RET-11204,2025-07-04,Retail,Quilicura,Concepción,1.303,12112,783,4516,1442,6741,5371,44.344451783355346
RET-12205,2025-07-04,Retail,Quilicura,Rancagua,4.022,27779,2486,9269,4559,16314,11465,41.272184023902945
RET-10987,2025-07-07,Retail,Quilicura,La Serena,4.408,40115,2813,13604,5134,21551,18564,46.276953757945904
RET-11146,2025-07-07,Retail,Quilicura,Concepción,2.029,18327,1374,7137,2321,10832,7495,40.8959458722104
RET-12647,2025-07-07,Retail,Quilicura,Puerto Montt,1.816,21288,1163,9133,2051,12347,8941,42.000187899285983
RET-10358,2025-07-08,Retail,Quilicura,Valparaíso,4.237,31479,2858,10370,4316,17544,13935,44.267606976079293
RET-10928,2025-07-08,Retail,Quilicura,Valparaíso,1.721,12903,1022,4139,1711,6872,6031,46.741067968689457
RET-12240,2025-07-08,Retail,Quilicura,Valparaíso,5.857,44765,3678,14708,6184,24570,20195,45.113369820172011
RET-13423,2025-07-08,Retail,Quilicura,Rancagua,4.295,30049,2895,9276,4923,17094,12955,43.11291557123365
RET-10387,2025-07-09,Retail,Quilicura,Valparaíso,2.841,21387,1918,6968,3110,11996,9391,43.909851779118156
RET-11306,2025-07-09,Retail,Quilicura,Antofagasta,2.936,38840,1866,16524,2983,21373,17467,44.971678681771373
RET-12974,2025-07-09,Retail,Quilicura,Valparaíso,1.718,12766,1224,3961,1854,7039,5727,44.861350462165127
RET-11098,2025-07-10,Retail,Quilicura,Rancagua,1.718,12056,1155,3805,1948,6908,5148,42.700729927007295
RET-12027,2025-07-10,Retail,Quilicura,Concepción,5.661,51392,3691,18588,6157,28436,22956,44.6684308841843
RET-10480,2025-07-11,Retail,Quilicura,La Serena,2.005,18111,1308,6358,2384,10050,8061,44.508862017558393
RET-12957,2025-07-11,Retail,Quilicura,Antofagasta,4.714,61840,2920,27354,4967,35241,26599,43.012613195342823
RET-13355,2025-07-11,Retail,Quilicura,Puerto Montt,2.38,27642,1428,11467,2658,15553,12089,43.734172635844004
RET-10377,2025-07-12,Retail,Quilicura,Valparaíso,2.209,16496,1317,5391,2586,9294,7202,43.659068865179442
RET-10040,2025-07-13,Retail,Quilicura,Concepción,5.545,51522,3868,18695,6545,29108,22414,43.503745972594231
RET-10599,2025-07-13,Retail,Quilicura,Rancagua,1.464,10157,993,3192,1633,5818,4339,42.719306881953337
RET-10816,2025-07-13,Retail,Quilicura,Temuco,3.112,32278,2123,12855,3225,18203,14075,43.605551769006759
RET-11840,2025-07-13,Retail,Quilicura,Concepción,4.396,40413,3110,15214,5216,23540,16873,41.751416623363767
RET-12211,2025-07-13,Retail,Quilicura,Rancagua,1.494,10628,962,3241,1791,5994,4634,43.601806548739184
RET-12726,2025-07-13,Retail,Quilicura,Rancagua,2.71,19149,1783,5851,2898,10532,8617,44.999738889759257
RET-13371,2025-07-13,Retail,Quilicura,Valparaíso,4.538,34248,2840,11187,5430,19457,14791,43.1879233823873
RET-11362,2025-07-14,Retail,Quilicura,La Serena,1.037,9340,648,3171,1128,4947,4393,47.034261241970022
RET-12586,2025-07-14,Retail,Quilicura,La Serena,5.471,49201,3750,18223,5644,27617,21584,43.869027052295685
RET-13146,2025-07-15,Retail,Quilicura,Rancagua,1.951,13646,1328,4219,1981,7528,6118,44.833650886706728
RET-10401,2025-07-16,Retail,Quilicura,Rancagua,2.347,16726,1601,4915,2530,9046,7680,45.916537127824938
RET-11358,2025-07-16,Retail,Quilicura,Rancagua,5.826,39975,3839,12289,6290,22418,17557,43.919949968730457
RET-11513,2025-07-16,Retail,Quilicura,Valparaíso,2.095,15655,1433,5015,2212,8660,6995,44.682210156499522
RET-11447,2025-07-17,Retail,Quilicura,Rancagua,1.879,12949,1183,4069,2201,7453,5496,42.443431925245193
RET-11773,2025-07-18,Retail,Quilicura,Rancagua,3.012,20849,1815,6453,3556,11824,9025,43.2874478392249
RET-13467,2025-07-18,Retail,Quilicura,La Serena,1.034,9146,699,3275,1176,5150,3996,43.691231139295866
RET-11824,2025-07-19,Retail,Quilicura,Concepción,5.602,52422,3655,18689,6680,29024,23398,44.633932318492235
RET-12501,2025-07-19,Retail,Quilicura,La Serena,3.753,34289,2436,11830,4373,18639,15650,45.641459360144651
RET-12640,2025-07-19,Retail,Quilicura,Puerto Montt,3.895,44571,2551,18045,4434,25030,19541,43.842408741109686
RET-11826,2025-07-20,Retail,Quilicura,Valparaíso,4.62,35069,2772,10741,5265,18778,16291,46.454133280104934
RET-12454,2025-07-20,Retail,Quilicura,Concepción,3.099,28658,1850,10808,3436,16094,12564,43.841161281317611
RET-13040,2025-07-20,Retail,Quilicura,Temuco,1.722,18176,1046,7193,2037,10276,7900,43.463908450704224
RET-10865,2025-07-21,Retail,Quilicura,Valparaíso,1.944,14449,1215,4724,1999,7938,6511,45.061942002906775
RET-13003,2025-07-21,Retail,Quilicura,Temuco,5.688,60393,3459,23106,6539,33104,27289,45.185700329508386
RET-13348,2025-07-21,Retail,Quilicura,Concepción,5.024,46768,3172,17051,5232,25455,21313,45.571758467328088
RET-10497,2025-07-22,Retail,Quilicura,Antofagasta,5.679,74246,3335,33756,6041,43132,31114,41.906634700859307
RET-11127,2025-07-22,Retail,Quilicura,La Serena,5.131,47088,3433,16466,5491,25390,21698,46.079680598029221
RET-11454,2025-07-22,Retail,Quilicura,Valparaíso,3.124,23747,2190,7336,3564,13090,10657,44.877247652335036
RET-12652,2025-07-22,Retail,Quilicura,Rancagua,2.413,16923,1469,5166,2576,9211,7712,45.571116232346512
RET-10306,2025-07-24,Retail,Quilicura,Puerto Montt,4.654,53782,2741,22013,4961,29715,24067,44.749172585623441
RET-11001,2025-07-24,Retail,Quilicura,Rancagua,3.932,27182,2440,8825,4107,15372,11810,43.447869913913614
RET-11014,2025-07-26,Retail,Quilicura,Concepción,4.356,39317,3079,15212,5044,23335,15982,40.6490830938271
RET-12510,2025-07-26,Retail,Quilicura,Valparaíso,4.932,37441,3194,11705,5149,20048,17393,46.454421623354072
RET-12895,2025-07-26,Retail,Quilicura,Rancagua,1.007,6928,636,2146,1055,3837,3091,44.616050808314093
RET-13376,2025-07-26,Retail,Quilicura,Temuco,4.683,49640,3186,19115,4752,27053,22587,45.501611603545527
RET-10046,2025-07-27,Retail,Quilicura,Concepción,3.597,33727,2429,12353,3884,18666,15061,44.655617161324756
RET-11630,2025-07-27,Retail,Quilicura,Valparaíso,3.814,28369,2334,8824,4071,15229,13140,46.3181641933096
RET-11657,2025-07-27,Retail,Quilicura,Rancagua,2.842,19611,1988,6455,2851,11294,8317,42.409872010606293
RET-12709,2025-07-27,Retail,Quilicura,La Serena,5.539,50369,3241,17652,5496,26389,23980,47.608648176457741
RET-13482,2025-07-27,Retail,Quilicura,Valparaíso,2.78,21028,1772,6845,3143,11760,9268,44.0745672436751
RET-11733,2025-07-28,Retail,Quilicura,Concepción,1.624,15102,978,5424,1692,8094,7008,46.404449741756061
RET-11888,2025-07-28,Retail,Quilicura,Valparaíso,5.122,38812,3084,11810,5683,20577,18235,46.982891889106462
RET-12347,2025-07-28,Retail,Quilicura,Rancagua,2.85,20273,1856,6575,3160,11591,8682,42.825432841710651
RET-13337,2025-07-28,Retail,Quilicura,Concepción,4.61,42519,3116,15891,4681,23688,18831,44.288435758131662
RET-10450,2025-07-30,Retail,Quilicura,Valparaíso,2.777,20845,1815,6789,2886,11490,9355,44.878867834012951
RET-12585,2025-07-30,Retail,Quilicura,Rancagua,1.165,8304,685,2435,1236,4356,3948,47.543352601156066
RET-12830,2025-07-30,Retail,Quilicura,La Serena,4.352,39357,2852,13473,5113,21438,17919,45.529384861651039
RET-12928,2025-07-30,Retail,Quilicura,Rancagua,3.135,21743,2186,6798,3236,12220,9523,43.798003955295954
RET-12320,2025-07-31,Retail,Quilicura,Antofagasta,1.329,17485,819,7475,1518,9812,7673,43.88332856734344
RET-10549,2025-08-01,Retail,Quilicura,Valparaíso,3.751,28004,2663,8941,4195,15799,12205,43.583059562919587
RET-10392,2025-08-02,Retail,Quilicura,La Serena,5.706,51133,4044,19036,6478,29558,21575,42.193886531202942
RET-10456,2025-08-02,Retail,Quilicura,Antofagasta,4.532,59258,3195,27458,5361,36014,23244,39.225083533025078
RET-11060,2025-08-02,Retail,Quilicura,Temuco,1.617,17120,1136,6573,1899,9608,7512,43.878504672897193
RET-13095,2025-08-02,Retail,Quilicura,Valparaíso,4.422,32765,2806,10117,5231,18154,14611,44.593316038455669
RET-10410,2025-08-03,Retail,Quilicura,Concepción,5.426,50184,3187,17746,5564,26497,23687,47.200302885381795
RET-11617,2025-08-03,Retail,Quilicura,La Serena,1.527,13650,1031,4909,1738,7678,5972,43.750915750915752
RET-12187,2025-08-04,Retail,Quilicura,Rancagua,1.148,7895,726,2550,1237,4513,3382,42.83723875870804
RET-10868,2025-08-05,Retail,Quilicura,La Serena,1.062,9497,755,3417,1269,5441,4056,42.708223649573554
RET-10976,2025-08-05,Retail,Quilicura,Rancagua,1.833,12675,1172,4082,2068,7322,5353,42.232741617357
RET-11522,2025-08-05,Retail,Quilicura,Valparaíso,5.923,44103,3473,14026,7163,24662,19441,44.080901525973289
RET-12005,2025-08-05,Retail,Quilicura,Valparaíso,2.393,17784,1516,5596,2370,9482,8302,46.682411156095363
RET-12014,2025-08-05,Retail,Quilicura,Puerto Montt,2.014,23616,1424,9292,2398,13114,10502,44.469850948509489
RET-12376,2025-08-05,Retail,Quilicura,Puerto Montt,2.589,29285,1784,12805,2915,17504,11781,40.228786067952875
RET-11205,2025-08-06,Retail,Quilicura,Rancagua,2.46,16923,1720,5462,2724,9906,7017,41.464279383088105
RET-12826,2025-08-06,Retail,Quilicura,Valparaíso,1.538,11751,934,3740,1550,6224,5527,47.034294953620972
RET-10128,2025-08-07,Retail,Quilicura,Puerto Montt,5.995,69698,3884,27366,6854,38104,31594,45.329851645671326
RET-11775,2025-08-07,Retail,Quilicura,Rancagua,2.763,19520,1740,5965,2805,10510,9010,46.1577868852459
RET-12393,2025-08-07,Retail,Quilicura,Valparaíso,4.529,33800,2856,11251,5056,19163,14637,43.30473372781065
RET-11107,2025-08-08,Retail,Quilicura,Rancagua,4.521,31992,2717,10096,5432,18245,13747,42.970117529382343
RET-11812,2025-08-08,Retail,Quilicura,Rancagua,1.478,10308,920,3132,1661,5713,4595,44.577027551416379
RET-13010,2025-08-08,Retail,Quilicura,Concepción,5.848,54661,3851,20466,6257,30574,24087,44.066153198807193
RET-13449,2025-08-08,Retail,Quilicura,Temuco,1.438,15048,889,6273,1678,8840,6208,41.254651780967571
RET-10093,2025-08-09,Retail,Quilicura,Puerto Montt,3.786,43855,2558,18100,4110,24768,19087,43.522973435184134
RET-12303,2025-08-09,Retail,Quilicura,Temuco,2.118,22653,1488,8620,2393,12501,10152,44.815256257449342
RET-12197,2025-08-10,Retail,Quilicura,Antofagasta,5.827,76659,4131,32798,6731,43660,32999,43.046478560899573
RET-13080,2025-08-10,Retail,Quilicura,Rancagua,2.076,14588,1456,4487,2495,8438,6150,42.157938031258567
RET-10578,2025-08-11,Retail,Quilicura,La Serena,2.238,19818,1468,7029,2473,10970,8848,44.646281158542742
RET-12868,2025-08-11,Retail,Quilicura,La Serena,5.429,49428,3588,18213,5899,27700,21728,43.9588896981468
RET-13382,2025-08-11,Retail,Quilicura,La Serena,5.362,48406,3182,17712,6378,27272,21134,43.65987687476759
RET-12208,2025-08-12,Retail,Quilicura,Puerto Montt,4.566,53150,2986,21096,5060,29142,24008,45.170272812793975
RET-13156,2025-08-12,Retail,Quilicura,Concepción,4.542,42063,2805,15359,5261,23425,18638,44.309725887359434
RET-11284,2025-08-14,Retail,Quilicura,Valparaíso,3.201,23608,1969,7373,3330,12672,10936,46.323280243985089
RET-12751,2025-08-14,Retail,Quilicura,Rancagua,1.65,11586,1099,3450,1774,6323,5263,45.425513550837216
RET-10469,2025-08-15,Retail,Quilicura,La Serena,3.315,30389,2223,10256,3608,16087,14302,47.063082036263118
RET-13158,2025-08-15,Retail,Quilicura,Rancagua,4.407,30674,3114,9391,4655,17160,13514,44.056855969224749
RET-10120,2025-08-16,Retail,Quilicura,Temuco,5.609,58220,3884,24513,6037,34434,23786,40.8553761593954
RET-10536,2025-08-16,Retail,Quilicura,Rancagua,3.693,26052,2562,8192,3807,14561,11491,44.10793797021342
RET-11135,2025-08-16,Retail,Quilicura,Valparaíso,4.22,32159,2543,10110,4475,17128,15031,46.739637426536895
RET-13378,2025-08-16,Retail,Quilicura,Temuco,1.614,16924,1081,7091,1693,9865,7059,41.70999763649256
RET-11884,2025-08-17,Retail,Quilicura,Concepción,3.822,35579,2400,13257,4577,20234,15345,43.12937406897327
RET-10696,2025-08-18,Retail,Quilicura,La Serena,3.292,29448,2275,10122,3559,15956,13492,45.816354251562075
RET-13394,2025-08-18,Retail,Quilicura,Temuco,5.291,55309,3493,21502,6385,31380,23929,43.264206548662962
RET-10284,2025-08-19,Retail,Quilicura,Valparaíso,2.906,21690,1834,6659,3173,11666,10024,46.214845550945135
RET-11497,2025-08-19,Retail,Quilicura,Valparaíso,4.938,36641,2959,12383,5564,20906,15735,42.94369695150241
RET-13167,2025-08-19,Retail,Quilicura,Rancagua,1.831,12711,1182,4158,1992,7332,5379,42.317677602076941
RET-11759,2025-08-20,Retail,Quilicura,Temuco,4.523,46779,3024,18334,5129,26487,20292,43.378439043160391
RET-10867,2025-08-21,Retail,Quilicura,Concepción,4.37,39512,3024,15394,4387,22805,16707,42.283356954849161
RET-11104,2025-08-21,Retail,Quilicura,Rancagua,1.148,7918,783,2622,1206,4611,3307,41.765597373074009
RET-11169,2025-08-21,Retail,Quilicura,Rancagua,3.825,27017,2610,8491,4163,15264,11753,43.502239330791724
RET-11634,2025-08-21,Retail,Quilicura,La Serena,3.812,34574,2723,12102,4201,19026,15548,44.97020882744259
RET-10793,2025-08-22,Retail,Quilicura,Rancagua,1.684,11781,1030,3817,1879,6726,5055,42.908072319837025
RET-11047,2025-08-22,Retail,Quilicura,Concepción,3.741,34131,2319,12702,4093,19114,15017,43.99812487181741
RET-10709,2025-08-23,Retail,Quilicura,Valparaíso,2.976,22500,1774,7498,3362,12634,9866,43.848888888888887
RET-10975,2025-08-23,Retail,Quilicura,Rancagua,5.737,40024,3611,12554,5953,22118,17906,44.738157105736562
RET-13351,2025-08-23,Retail,Quilicura,Temuco,2.024,21511,1402,8916,2201,12519,8992,41.801868811305845
RET-10115,2025-08-24,Retail,Quilicura,Rancagua,1.986,13995,1383,4378,2275,8036,5959,42.5794926759557
RET-11499,2025-08-24,Retail,Quilicura,La Serena,2.251,19962,1434,7507,2252,11193,8769,43.928464081755337
RET-12367,2025-08-24,Retail,Quilicura,La Serena,2.919,26326,1770,9781,3428,14979,11347,43.10187647192889
RET-10794,2025-08-25,Retail,Quilicura,La Serena,2.28,20593,1546,7201,2510,11257,9336,45.335793716311365
RET-12026,2025-08-25,Retail,Quilicura,Rancagua,2.529,17926,1733,5770,2926,10429,7497,41.821934620104877
RET-10550,2025-08-26,Retail,Quilicura,Rancagua,4.245,29588,2859,9335,4247,16441,13147,44.433554143571719
RET-11229,2025-08-26,Retail,Quilicura,Concepción,5.23,49076,3376,18662,6018,28056,21020,42.831526611785804
RET-12463,2025-08-26,Retail,Quilicura,La Serena,4.263,38787,2928,13938,4420,21286,17501,45.1207878928507
RET-13188,2025-08-26,Retail,Quilicura,La Serena,1.196,10921,775,3819,1258,5852,5069,46.41516344657083
RET-10101,2025-08-27,Retail,Quilicura,La Serena,1.576,14447,1025,4982,1614,7621,6826,47.248563715650313
RET-10168,2025-08-27,Retail,Quilicura,Rancagua,4.365,30694,2972,9825,5150,17947,12747,41.529289111878541
RET-10427,2025-08-27,Retail,Quilicura,Valparaíso,1.201,8892,756,2790,1211,4757,4135,46.502474134053081
RET-12828,2025-08-27,Retail,Quilicura,Rancagua,1.559,10788,916,3291,1639,5846,4942,45.810159436410828
RET-10890,2025-08-29,Retail,Quilicura,Temuco,4.749,50845,2860,20375,5724,28959,21886,43.0445471531124
RET-12287,2025-08-29,Retail,Quilicura,La Serena,2.508,22136,1747,8093,2577,12417,9719,43.905854716299245
RET-13399,2025-08-29,Retail,Quilicura,Puerto Montt,2.835,32033,1890,13359,2848,18097,13936,43.505135329191766
RET-10260,2025-08-30,Retail,Quilicura,Puerto Montt,1.596,18411,1000,7703,1662,10365,8046,43.702134593449571
RET-10263,2025-08-30,Retail,Quilicura,Puerto Montt,2.005,22671,1261,9323,2217,12801,9870,43.535794627497687
RET-10971,2025-08-30,Retail,Quilicura,Rancagua,1.511,10629,1022,3281,1500,5803,4826,45.404083168689432
RET-12473,2025-08-30,Retail,Quilicura,Valparaíso,5.773,43415,3431,14136,6397,23964,19451,44.802487619486357
RET-11120,2025-08-31,Retail,Quilicura,La Serena,5.428,49119,3345,18001,6128,27474,21645,44.06645086422769
RET-13175,2025-09-01,Retail,Quilicura,Rancagua,3.662,25685,2610,8136,4162,14908,10777,41.958341444422814
RET-10693,2025-09-02,Retail,Quilicura,Valparaíso,4.992,36820,3436,11847,5029,20312,16508,44.834329168929933
RET-12350,2025-09-02,Retail,Quilicura,Valparaíso,2.481,18503,1530,6217,2685,10432,8071,43.61995352105064
RET-10556,2025-09-03,Retail,Quilicura,La Serena,1.678,15281,1129,5514,1808,8451,6830,44.6960277468752
RET-10949,2025-09-03,Retail,Quilicura,Rancagua,5.023,34811,3000,10748,5954,19702,15109,43.40294734423027
RET-10106,2025-09-04,Retail,Quilicura,Rancagua,4.891,33632,2931,10689,5250,18870,14762,43.892721217887726
RET-10589,2025-09-04,Retail,Quilicura,Valparaíso,4.682,35398,3320,11488,5350,20158,15240,43.053279846319
RET-10604,2025-09-04,Retail,Quilicura,Rancagua,3.065,21654,1969,6916,3377,12262,9392,43.373048859333146
RET-11705,2025-09-04,Retail,Quilicura,Temuco,4.496,48005,2919,19454,5350,27723,20282,42.249765649411522
RET-11850,2025-09-04,Retail,Quilicura,La Serena,4.36,38654,2897,14088,4457,21442,17212,44.528379986547314
RET-11298,2025-09-05,Retail,Quilicura,La Serena,5.116,46069,3197,15702,5429,24328,21741,47.19225509561744
RET-10308,2025-09-06,Retail,Quilicura,Rancagua,1.169,8263,750,2553,1215,4518,3745,45.322522086409293
RET-10547,2025-09-06,Retail,Quilicura,Rancagua,4.752,32829,2819,10483,5283,18585,14244,43.388467513478936
RET-10654,2025-09-06,Retail,Quilicura,Puerto Montt,4.607,52285,2852,22208,4687,29747,22538,43.106053361384717
RET-12476,2025-09-06,Retail,Quilicura,La Serena,4.29,38749,3041,13451,4598,21090,17659,45.572788975199359
RET-12645,2025-09-06,Retail,Quilicura,Antofagasta,2.77,35794,1697,15725,3094,20516,15278,42.683131251047662
RET-10180,2025-09-07,Retail,Quilicura,La Serena,2.472,22072,1582,7763,2945,12290,9782,44.318593693367163
RET-10214,2025-09-08,Retail,Quilicura,Concepción,1.293,11836,800,4339,1295,6434,5402,45.640419060493407
RET-10616,2025-09-08,Retail,Quilicura,Rancagua,5.902,40676,3561,12963,6468,22992,17684,43.475267971285284
RET-11873,2025-09-08,Retail,Quilicura,Temuco,1.277,13371,815,5394,1279,7488,5883,43.998205070675347
RET-10330,2025-09-10,Retail,Quilicura,Temuco,4.022,42110,2794,17278,4494,24566,17544,41.662312989788646
RET-10925,2025-09-11,Retail,Quilicura,Rancagua,2.711,19116,1845,5878,2687,10410,8706,45.543000627746387
RET-12663,2025-09-11,Retail,Quilicura,Valparaíso,2.326,17194,1474,5591,2577,9642,7552,43.922298476212632
RET-13328,2025-09-11,Retail,Quilicura,Rancagua,1.712,11924,1198,3864,1894,6956,4968,41.663871184166382
RET-11736,2025-09-12,Retail,Quilicura,Valparaíso,1.592,12108,1071,3740,1582,6393,5715,47.2001982160555
RET-11209,2025-09-13,Retail,Quilicura,Puerto Montt,3.799,43722,2471,18812,4591,25874,17848,40.821554366222955
RET-11406,2025-09-13,Retail,Quilicura,Valparaíso,1.834,13908,1308,4304,2185,7797,6111,43.938740293356346
RET-11864,2025-09-13,Retail,Quilicura,Valparaíso,2.047,15292,1248,4733,2190,8171,7121,46.5668323306304
RET-12138,2025-09-13,Retail,Quilicura,Concepción,5.322,48263,3225,17840,5630,26695,21568,44.688477715848578
RET-12260,2025-09-13,Retail,Quilicura,Concepción,3.025,27601,2011,10561,3294,15866,11735,42.516575486395418
RET-11191,2025-09-14,Retail,Quilicura,Rancagua,2.669,18608,1831,5759,2671,10261,8347,44.857050730868444
RET-12388,2025-09-14,Retail,Quilicura,Rancagua,1.895,13420,1176,4355,2213,7744,5676,42.295081967213115
RET-10894,2025-09-15,Retail,Quilicura,Concepción,3.639,33164,2462,11922,4011,18395,14769,44.533228802315769
RET-11458,2025-09-15,Retail,Quilicura,Rancagua,2.677,19027,1746,5831,3183,10760,8267,43.448783307930832
RET-12481,2025-09-15,Retail,Quilicura,Rancagua,4.394,31344,3045,9338,4853,17236,14108,45.010209290454313
RET-12506,2025-09-15,Retail,Quilicura,La Serena,4.251,37798,2651,13581,5009,21241,16557,43.803904968516854
RET-11168,2025-09-16,Retail,Quilicura,La Serena,5.594,50317,3847,17734,6073,27654,22663,45.040443587654273
RET-11039,2025-09-17,Retail,Quilicura,Rancagua,4.054,28591,2742,8947,4863,16552,12039,42.10765625546501
RET-11089,2025-09-17,Retail,Quilicura,La Serena,4.684,42566,3038,14414,4938,22390,20176,47.399332800826947
RET-12095,2025-09-17,Retail,Quilicura,Concepción,1.051,9733,741,3424,1154,5319,4414,45.350868180417137
RET-11926,2025-09-18,Retail,Quilicura,Puerto Montt,2.991,34825,1858,13648,3523,19029,15796,45.358219669777462
RET-12156,2025-09-18,Retail,Quilicura,Concepción,4.387,40453,3100,15067,4955,23122,17331,42.842310829851925
RET-13086,2025-09-18,Retail,Quilicura,Valparaíso,3.79,28916,2456,8672,4236,15364,13552,46.866786554156867
RET-11232,2025-09-19,Retail,Quilicura,Rancagua,5.177,36842,3173,11641,5798,20612,16230,44.052983008522887
RET-13098,2025-09-19,Retail,Quilicura,Antofagasta,5.636,74431,3394,32017,6088,41499,32932,44.245005441281187
RET-12119,2025-09-21,Retail,Quilicura,Concepción,2.838,26424,1765,9455,3177,14397,12027,45.515440508628515
RET-12742,2025-09-21,Retail,Quilicura,Rancagua,2.516,17354,1574,5515,2680,9769,7585,43.707502593062117
RET-12402,2025-09-22,Retail,Quilicura,Puerto Montt,1.358,15525,892,6761,1577,9230,6295,40.547504025764894
RET-13262,2025-09-22,Retail,Quilicura,Valparaíso,1.08,8043,749,2655,1085,4489,3554,44.18749222926769
RET-13455,2025-09-22,Retail,Quilicura,Concepción,3.254,30378,2019,10607,3794,16420,13958,45.947725327539665
RET-10135,2025-09-23,Retail,Quilicura,Antofagasta,2.145,28036,1334,12631,2222,16187,11849,42.26351833357112
RET-11462,2025-09-23,Retail,Quilicura,Puerto Montt,2.806,32184,1722,13368,2920,18010,14174,44.040517027094204
RET-12429,2025-09-23,Retail,Quilicura,Concepción,3.46,32257,2373,12038,4105,18516,13741,42.598505750689775
RET-12710,2025-09-23,Retail,Quilicura,La Serena,5.464,49479,3453,17468,6391,27312,22167,44.80082459225126
RET-12879,2025-09-23,Retail,Quilicura,Rancagua,1.523,10790,988,3303,1662,5953,4837,44.828544949026877
RET-12886,2025-09-23,Retail,Quilicura,Concepción,5.166,47665,3606,16725,5953,26284,21381,44.856813175285851
RET-10993,2025-09-24,Retail,Quilicura,Valparaíso,1.261,9374,814,2909,1510,5233,4141,44.175378707062087
RET-11347,2025-09-24,Retail,Quilicura,Rancagua,5.051,34775,3236,11039,5618,19893,14882,42.795111430625447
RET-11529,2025-09-24,Retail,Quilicura,Rancagua,3.775,25947,2226,7943,4295,14464,11483,44.25559794966663
RET-13074,2025-09-24,Retail,Quilicura,La Serena,2.196,19793,1370,7183,2626,11179,8614,43.520436517960896
RET-13087,2025-09-24,Retail,Quilicura,Temuco,3.35,35514,2355,13876,4045,20276,15238,42.907022582643464
RET-13162,2025-09-24,Retail,Quilicura,La Serena,1.132,10015,674,3461,1187,5322,4693,46.859710434348479
RET-10296,2025-09-26,Retail,Quilicura,La Serena,4.7,41915,3253,15630,5015,23898,18017,42.984611714183465
RET-10641,2025-09-26,Retail,Quilicura,Concepción,1.636,15214,1033,5732,1963,8728,6486,42.631786512422771
RET-12075,2025-09-26,Retail,Quilicura,Concepción,5.364,48649,3556,17913,5984,27453,21196,43.569240888815806
RET-12844,2025-09-26,Retail,Quilicura,Rancagua,4.75,32846,2849,10303,5572,18724,14122,42.994580770870122
RET-12133,2025-09-27,Retail,Quilicura,Concepción,4.535,41643,3131,16048,5448,24627,17016,40.861609394135868
RET-10361,2025-09-28,Retail,Quilicura,Antofagasta,1.735,22768,1046,10404,1945,13395,9373,41.167427969079412
RET-11254,2025-09-28,Retail,Quilicura,Rancagua,2.053,14379,1360,4305,2219,7884,6495,45.170039641143333
RET-11757,2025-09-28,Retail,Quilicura,La Serena,5.276,46770,3630,17145,5627,26402,20368,43.549283728886039
RET-13383,2025-09-28,Retail,Quilicura,Valparaíso,3.717,28417,2579,9198,3837,15614,12803,45.054016961677867
RET-10382,2025-09-29,Retail,Quilicura,Puerto Montt,3.039,34872,1827,14325,3276,19428,15444,44.287680660701994
RET-10866,2025-09-30,Retail,Quilicura,Valparaíso,3.442,25974,2256,8394,3651,14301,11673,44.941094941094939
RET-12032,2025-09-30,Retail,Quilicura,Valparaíso,5.793,42614,3662,13262,5979,22903,19711,46.254751959449948
RET-12226,2025-09-30,Retail,Quilicura,Puerto Montt,1.505,17531,1062,7358,1819,10239,7292,41.59488905367634
RET-10188,2025-10-02,Retail,Quilicura,Temuco,1.421,14902,911,5870,1560,8341,6561,44.027647295665012
RET-11867,2025-10-02,Retail,Quilicura,Rancagua,3.478,24327,2220,7674,3620,13514,10813,44.448555103383072
RET-13406,2025-10-02,Retail,Quilicura,Rancagua,5.491,38633,3662,12506,5925,22093,16540,42.813139026221108
RET-10541,2025-10-03,Retail,Quilicura,Temuco,3.866,41104,2299,16434,4038,22771,18333,44.601498637602177
RET-10729,2025-10-03,Retail,Quilicura,La Serena,4.708,41777,2981,15623,5638,24242,17535,41.972855877636015
RET-10939,2025-10-04,Retail,Quilicura,Valparaíso,2.053,15174,1404,4904,2137,8445,6729,44.345591142744169
RET-11520,2025-10-04,Retail,Quilicura,Temuco,2.886,30483,1764,11625,2882,16271,14212,46.622707738739628
RET-11696,2025-10-04,Retail,Quilicura,Rancagua,4.263,29259,2719,9199,4578,16496,12763,43.6207662599542
RET-11916,2025-10-04,Retail,Quilicura,Antofagasta,2.463,32519,1443,14219,2656,18318,14201,43.669854546572772
RET-12796,2025-10-05,Retail,Quilicura,Valparaíso,1.468,11083,997,3390,1630,6017,5066,45.709645402869256
RET-10063,2025-10-06,Retail,Quilicura,Valparaíso,1.023,7566,724,2539,1074,4337,3229,42.677768966428758
RET-10639,2025-10-06,Retail,Quilicura,La Serena,2.672,24334,1815,8778,3176,13769,10565,43.416618722774722
RET-11112,2025-10-06,Retail,Quilicura,La Serena,1.521,13566,945,5048,1690,7683,5883,43.365767359575408
RET-11762,2025-10-06,Retail,Quilicura,Rancagua,4.793,33669,3247,11068,4950,19265,14404,42.781193382636843
RET-10281,2025-10-07,Retail,Quilicura,La Serena,1.814,16044,1191,5786,1843,8820,7224,45.0261780104712
RET-10754,2025-10-07,Retail,Quilicura,Puerto Montt,4.852,56342,3370,23675,5255,32300,24042,42.671541656313231
RET-11648,2025-10-07,Retail,Quilicura,Valparaíso,2.575,19544,1822,6333,2647,10802,8742,44.729840360212854
RET-12719,2025-10-07,Retail,Quilicura,Valparaíso,1.325,9826,834,3030,1403,5267,4559,46.397313250559741
RET-11179,2025-10-10,Retail,Quilicura,La Serena,2.808,25479,1829,9362,2836,14027,11452,44.946818948938343
RET-12045,2025-10-11,Retail,Quilicura,Valparaíso,4.915,36528,3477,12012,5481,20970,15558,42.591984231274637
RET-12651,2025-10-11,Retail,Quilicura,La Serena,2.086,19068,1412,6346,2114,9872,9196,48.227396685546466
RET-10321,2025-10-12,Retail,Quilicura,Rancagua,4.455,31264,2691,9986,4549,17226,14038,44.901484135107474
RET-10506,2025-10-12,Retail,Quilicura,Valparaíso,3.334,25074,2170,8332,3864,14366,10708,42.705591449310042
RET-12831,2025-10-12,Retail,Quilicura,Puerto Montt,2.182,25204,1414,10807,2177,14398,10806,42.874146960799877
RET-11228,2025-10-13,Retail,Quilicura,La Serena,5.851,51944,3613,18652,6617,28882,23062,44.397813029416291
RET-12025,2025-10-13,Retail,Quilicura,Valparaíso,5.265,39300,3559,13003,5419,21981,17319,44.068702290076331
RET-13276,2025-10-14,Retail,Quilicura,Temuco,2.653,27325,1718,11569,2885,16172,11153,40.816102470265328
RET-10622,2025-10-15,Retail,Quilicura,Valparaíso,2.309,17510,1618,5542,2682,9842,7668,43.792118789263277
RET-10638,2025-10-17,Retail,Quilicura,Valparaíso,2.699,19852,1877,6643,2780,11300,8552,43.078782994156761
RET-12655,2025-10-17,Retail,Quilicura,La Serena,5.762,52519,3682,18677,5858,28217,24302,46.272777471010492
RET-13304,2025-10-17,Retail,Quilicura,Valparaíso,3.061,23155,1911,7196,3451,12558,10597,45.765493413949471
RET-10449,2025-10-18,Retail,Quilicura,La Serena,3.782,33977,2650,12173,4512,19335,14642,43.093857609559407
RET-10006,2025-10-19,Retail,Quilicura,Rancagua,1.884,12982,1298,4081,1897,7276,5706,43.953165922045912
RET-10018,2025-10-19,Retail,Quilicura,Concepción,5.414,49071,3769,18820,6359,28948,20123,41.007927289030185
RET-12560,2025-10-19,Retail,Quilicura,Valparaíso,1.422,10719,878,3481,1689,6048,4671,43.576826196473547
RET-12841,2025-10-19,Retail,Quilicura,Valparaíso,1.4,10706,983,3258,1497,5738,4968,46.403885671586025
RET-12798,2025-10-20,Retail,Quilicura,Temuco,2.813,29297,1844,11655,3302,16801,12496,42.652831347919587
RET-11515,2025-10-21,Retail,Quilicura,Concepción,5.18,47734,3626,17482,5489,26597,21137,44.280806133992542
RET-10071,2025-10-22,Retail,Quilicura,Concepción,1.368,12478,901,4566,1480,6947,5531,44.3260137842603
RET-10339,2025-10-22,Retail,Quilicura,Rancagua,3.035,21251,1892,6599,3093,11584,9667,45.489624017693288
RET-10492,2025-10-22,Retail,Quilicura,Rancagua,1.373,9452,905,2989,1447,5341,4111,43.4934405416843
RET-12126,2025-10-22,Retail,Quilicura,Rancagua,2.332,16193,1420,5033,2526,8979,7214,44.550114246896804
RET-10470,2025-10-23,Retail,Quilicura,Antofagasta,5.678,75117,3418,32057,6173,41648,33469,44.55582624439208
RET-11524,2025-10-23,Retail,Quilicura,Concepción,5.792,52826,4095,19903,6683,30681,22145,41.920645136864422
RET-12069,2025-10-23,Retail,Quilicura,Valparaíso,4.944,36744,3138,11470,5169,19777,16967,46.176246462007406
RET-12998,2025-10-23,Retail,Quilicura,Rancagua,2.395,16725,1653,5442,2457,9552,7173,42.887892376681613
RET-10315,2025-10-24,Retail,Quilicura,Rancagua,5.304,37372,3592,12176,6350,22118,15254,40.816654179599695
RET-10468,2025-10-24,Retail,Quilicura,Concepción,4.671,42133,2896,15233,5650,23779,18354,43.562053497258681
RET-10690,2025-10-24,Retail,Quilicura,Valparaíso,5.07,38477,3252,11823,5490,20565,17912,46.552485900667932
RET-13043,2025-10-24,Retail,Quilicura,Rancagua,2.331,16574,1649,5054,2781,9484,7090,42.777844817183542
RET-10533,2025-10-25,Retail,Quilicura,Temuco,1.443,14896,901,5779,1587,8267,6629,44.501879699248121
RET-10575,2025-10-25,Retail,Quilicura,Puerto Montt,2.154,24310,1518,10658,2461,14637,9673,39.790209790209794
RET-11235,2025-10-26,Retail,Quilicura,Puerto Montt,5.751,64825,3601,28536,6372,38509,26316,40.595449286540685
RET-13454,2025-10-26,Retail,Quilicura,Valparaíso,1.388,10349,857,3447,1630,5934,4415,42.661126678906172
RET-10068,2025-10-27,Retail,Quilicura,La Serena,3.598,32136,2329,11793,3943,18065,14071,43.785785411999008
RET-11476,2025-10-27,Retail,Quilicura,Rancagua,1.81,12588,1130,3798,1963,6891,5697,45.257387988560531
RET-10178,2025-10-28,Retail,Quilicura,Rancagua,1.495,10395,888,3449,1670,6007,4388,42.212602212602214
RET-10727,2025-10-28,Retail,Quilicura,Concepción,2.409,22021,1624,8172,2428,12224,9797,44.489351073974845
RET-10940,2025-10-28,Retail,Quilicura,Valparaíso,3.717,28276,2577,9043,4406,16026,12250,43.322959400198044
RET-11700,2025-10-28,Retail,Quilicura,Puerto Montt,4.493,52556,3209,20488,5419,29116,23440,44.600045665575763
RET-10839,2025-10-29,Retail,Quilicura,Temuco,2.125,22550,1412,9259,2381,13052,9498,42.119733924611971
RET-11359,2025-10-29,Retail,Quilicura,Concepción,4.928,45506,3043,17407,5758,26208,19298,42.407594602909505
RET-12656,2025-10-29,Retail,Quilicura,Valparaíso,2.418,17863,1527,5792,2713,10032,7831,43.839220735598722
RET-13478,2025-10-29,Retail,Quilicura,Temuco,1.245,12981,763,5446,1281,7490,5491,42.3002850319698
RET-10147,2025-10-30,Retail,Quilicura,Temuco,1.87,19264,1133,8164,1972,11269,7995,41.502284053156146
RET-10587,2025-10-30,Retail,Quilicura,Rancagua,4.934,34272,3029,10822,5886,19737,14535,42.410714285714285
RET-11891,2025-10-30,Retail,Quilicura,La Serena,5.873,52009,4062,18804,6488,29354,22655,43.55976850160549
RET-11355,2025-10-31,Retail,Quilicura,Valparaíso,1.566,11759,1102,3911,1636,6649,5110,43.456076196955522
RET-11278,2025-11-01,Retail,Quilicura,Concepción,4.732,43842,3337,15518,5017,23872,19970,45.549929291546917
RET-12398,2025-11-01,Retail,Quilicura,Rancagua,3.324,23416,2165,7579,3652,13396,10020,42.791253843525794
RET-12437,2025-11-01,Retail,Quilicura,La Serena,1.816,16589,1282,5753,1919,8954,7635,46.024474049068658
RET-12417,2025-11-02,Retail,Quilicura,La Serena,1.109,10115,722,3482,1195,5399,4716,46.623826000988636
RET-10585,2025-11-03,Retail,Quilicura,Rancagua,1.338,9236,808,2920,1370,5098,4138,44.802944997834558
RET-12658,2025-11-03,Retail,Quilicura,Rancagua,2.903,20006,1779,6319,3445,11543,8463,42.302309307207835
RET-12670,2025-11-03,Retail,Quilicura,Temuco,4.431,47174,3012,19461,4943,27416,19758,41.883240768219778
RET-13444,2025-11-03,Retail,Quilicura,Concepción,5.468,51091,3833,18436,6315,28584,22507,44.052768589379731
RET-10726,2025-11-04,Retail,Quilicura,Temuco,5.791,61657,4005,24247,6003,34255,27402,44.442642360153755
RET-11998,2025-11-04,Retail,Quilicura,Rancagua,3.827,27012,2536,8086,4508,15130,11882,43.987857248630242
RET-12007,2025-11-04,Retail,Quilicura,Rancagua,5.514,38884,3414,12600,5563,21577,17307,44.509309741796109
RET-10272,2025-11-05,Retail,Quilicura,Valparaíso,3.439,25637,2430,8305,4042,14777,10860,42.360650622147681
RET-10429,2025-11-05,Retail,Quilicura,Puerto Montt,3.268,37701,2216,15450,3809,21475,16226,43.038646189756243
RET-10476,2025-11-05,Retail,Quilicura,Rancagua,1.14,7975,747,2402,1359,4508,3467,43.473354231974923
RET-10774,2025-11-06,Retail,Quilicura,Concepción,5.426,50038,3280,18629,5818,27727,22311,44.588113034094093
RET-11525,2025-11-06,Retail,Quilicura,Valparaíso,1.104,8278,744,2567,1223,4534,3744,45.228316018361923
RET-10102,2025-11-08,Retail,Quilicura,Valparaíso,1.44,11001,892,3521,1454,5867,5134,46.668484683210615
RET-12244,2025-11-08,Retail,Quilicura,La Serena,2.297,20570,1595,7614,2591,11800,8770,42.634905201750122
RET-12354,2025-11-08,Retail,Quilicura,Temuco,5.177,54395,3383,21305,6085,30773,23622,43.426785550142476
RET-11627,2025-11-09,Retail,Quilicura,Concepción,2.917,27171,1707,10011,3281,14999,12172,44.797762320120718
RET-10360,2025-11-10,Retail,Quilicura,Rancagua,2.037,14268,1314,4700,2280,8294,5974,41.869918699186989
RET-10913,2025-11-10,Retail,Quilicura,Rancagua,3.934,27123,2377,8890,4544,15811,11312,41.706300925413856
RET-11391,2025-11-10,Retail,Quilicura,Valparaíso,5.235,39614,3678,13147,5528,22353,17261,43.572979249760188
RET-11806,2025-11-10,Retail,Quilicura,Rancagua,5.89,41031,4124,12881,6378,23383,17648,43.0113816382735
RET-12688,2025-11-10,Retail,Quilicura,La Serena,3.475,30692,2443,11622,3870,17935,12757,41.564577088492115
RET-12720,2025-11-10,Retail,Quilicura,Temuco,1.044,10745,630,4548,1141,6319,4426,41.191251744997679
RET-12664,2025-11-11,Retail,Quilicura,Rancagua,3.807,26387,2345,8618,3897,14860,11527,43.684390040550269
RET-13180,2025-11-11,Retail,Quilicura,Valparaíso,5.9,44130,3971,14340,5976,24287,19843,44.964876501246323
RET-11083,2025-11-12,Retail,Quilicura,Temuco,2.741,28701,1752,11443,3249,16444,12257,42.705829065189363
RET-11215,2025-11-12,Retail,Quilicura,Valparaíso,4.068,30274,2900,9582,4568,17050,13224,43.681046442491905
RET-12130,2025-11-12,Retail,Quilicura,La Serena,4.455,39354,2861,14663,4875,22399,16955,43.083295217766938
RET-12190,2025-11-12,Retail,Quilicura,Concepción,3.491,32612,2124,11812,4001,17937,14675,44.99877345762296
RET-12842,2025-11-12,Retail,Quilicura,Temuco,5.532,58231,3411,22600,6116,32127,26104,44.828356030293143
RET-13220,2025-11-12,Retail,Quilicura,Concepción,2.741,24936,1859,9531,3235,14625,10311,41.349855630413863
RET-10662,2025-11-13,Retail,Quilicura,Rancagua,4.509,30957,2654,9945,4559,17158,13799,44.574732693736472
RET-13189,2025-11-13,Retail,Quilicura,Valparaíso,4.25,31362,2670,10688,4461,17819,13543,43.182832727504625
RET-10127,2025-11-14,Retail,Quilicura,Valparaíso,3.403,25935,2345,7957,3612,13914,12021,46.35049161364951
RET-11147,2025-11-14,Retail,Quilicura,Valparaíso,3.473,26281,2119,8315,3527,13961,12320,46.877972679882809
RET-11673,2025-11-14,Retail,Quilicura,Valparaíso,1.162,8546,757,2665,1203,4625,3921,45.881113971448627
RET-12409,2025-11-14,Retail,Quilicura,Antofagasta,5.078,66177,3583,28504,5805,37892,28285,42.741435846291012
RET-13030,2025-11-14,Retail,Quilicura,Rancagua,3.445,24356,2242,7585,3458,13285,11071,45.454918705863037
RET-11149,2025-11-15,Retail,Quilicura,Rancagua,3.65,25046,2150,7887,3988,14025,11021,44.003034416673323
RET-10884,2025-11-16,Retail,Quilicura,Antofagasta,1.601,20411,1100,8998,1709,11807,8604,42.153740630052425
RET-12500,2025-11-16,Retail,Quilicura,Concepción,2.009,18526,1381,7044,2276,10701,7825,42.237935873906942
RET-10451,2025-11-17,Retail,Quilicura,La Serena,4.046,35957,2837,12924,4107,19868,16089,44.745112217370746
RET-11023,2025-11-17,Retail,Quilicura,Rancagua,1.811,12925,1212,3906,1892,7010,5915,45.764023210831724
RET-11836,2025-11-17,Retail,Quilicura,Puerto Montt,2.635,30311,1732,12413,2787,16932,13379,44.139091418956816
RET-11842,2025-11-17,Retail,Quilicura,Concepción,1.348,12414,919,4431,1561,6911,5503,44.328983405832126
RET-12234,2025-11-17,Retail,Quilicura,La Serena,2.525,23085,1794,8007,2538,12339,10746,46.549707602339183
RET-12818,2025-11-17,Retail,Quilicura,La Serena,5.115,45317,3230,16071,6008,25309,20008,44.15120153584747
RET-12359,2025-11-18,Retail,Quilicura,Temuco,2.207,23557,1354,9608,2433,13395,10162,43.137920787876219
RET-13267,2025-11-19,Retail,Quilicura,Concepción,4.507,42105,3169,15877,5104,24150,17955,42.643391521197
RET-13361,2025-11-19,Retail,Quilicura,La Serena,5.911,52714,3982,18295,6257,28534,24180,45.870167317980041
RET-10310,2025-11-20,Retail,Quilicura,Antofagasta,2.329,30692,1485,13840,2408,17733,12959,42.222729049915287
RET-12975,2025-11-20,Retail,Quilicura,Rancagua,5.243,36344,3237,11093,6186,20516,15828,43.550517279330833
RET-13260,2025-11-20,Retail,Quilicura,Concepción,4.243,38592,2851,14009,4754,21614,16978,43.993573797678273
RET-13338,2025-11-20,Retail,Quilicura,Concepción,4.639,42410,3268,15776,5285,24329,18081,42.633812780004718
RET-11390,2025-11-21,Retail,Quilicura,Rancagua,2.617,18418,1772,5976,2902,10650,7768,42.176132044738843
RET-11437,2025-11-21,Retail,Quilicura,Valparaíso,2.717,20739,1912,6552,2908,11372,9367,45.166112155841653
RET-12649,2025-11-22,Retail,Quilicura,Concepción,2.744,25484,1613,8889,3148,13650,11834,46.43698006592372
RET-13117,2025-11-22,Retail,Quilicura,La Serena,2.952,26590,1896,9443,2992,14331,12259,46.103798420458816
RET-13147,2025-11-22,Retail,Quilicura,Concepción,4.963,46530,3394,16861,5232,25487,21043,45.224586288416077
RET-10249,2025-11-23,Retail,Quilicura,Rancagua,3.744,26104,2337,8249,4238,14824,11280,43.2117683113699
RET-10539,2025-11-23,Retail,Quilicura,Valparaíso,5.519,40888,3925,13656,6534,24115,16773,41.021815691645472
RET-10802,2025-11-23,Retail,Quilicura,Concepción,5.31,49149,3188,18186,5716,27090,22059,44.881889763779526
RET-11310,2025-11-23,Retail,Quilicura,Rancagua,1.155,8144,804,2605,1194,4603,3541,43.479862475442047
RET-12273,2025-11-23,Retail,Quilicura,Concepción,5.874,53773,3611,20708,6073,30392,23381,43.480929090807649
RET-10079,2025-11-24,Retail,Quilicura,Valparaíso,3.09,22902,1867,7422,3689,12978,9924,43.332460047157454
RET-10799,2025-11-24,Retail,Quilicura,Rancagua,3.102,21615,1956,7088,3111,12155,9460,43.765903307888046
RET-11183,2025-11-24,Retail,Quilicura,Rancagua,5.612,38525,3571,12704,6590,22865,15660,40.648929266709928
RET-11521,2025-11-24,Retail,Quilicura,Rancagua,5.967,42267,4028,13525,6252,23805,18462,43.679466250266167
RET-10021,2025-11-25,Retail,Quilicura,Rancagua,3.938,27396,2511,8333,4546,15390,12006,43.823915900131404
RET-10408,2025-11-25,Retail,Quilicura,Temuco,3.499,37210,2234,15176,4047,21457,15753,42.335393711367914
RET-12515,2025-11-25,Retail,Quilicura,Rancagua,4.702,32441,3259,10531,5054,18844,13597,41.913011312844858
RET-10718,2025-11-26,Retail,Quilicura,Rancagua,2.823,19507,1773,6490,3219,11482,8025,41.139078279591942
RET-10970,2025-11-26,Retail,Quilicura,La Serena,1.998,18237,1169,6613,2207,9989,8248,45.226736853649172
RET-11768,2025-11-26,Retail,Quilicura,Temuco,1.57,16718,1053,6713,1825,9591,7127,42.630697451848306
RET-12176,2025-11-26,Retail,Quilicura,La Serena,5.668,50161,3395,19033,6822,29250,20911,41.687765395426723
RET-10498,2025-11-27,Retail,Quilicura,Rancagua,3.617,25566,2244,8306,3735,14285,11281,44.125009778612217
RET-11693,2025-11-27,Retail,Quilicura,Rancagua,3.252,23013,1984,6930,3441,12355,10658,46.31295354799461
RET-10525,2025-11-28,Retail,Quilicura,Temuco,4.023,42061,2693,17339,4347,24379,17682,42.038943439290556
RET-12611,2025-11-28,Retail,Quilicura,Antofagasta,2.234,29303,1314,13324,2580,17218,12085,41.241511108077674
RET-10095,2025-11-29,Retail,Quilicura,Rancagua,4.453,31573,3097,9935,5224,18256,13317,42.1784436068793
RET-13457,2025-11-29,Retail,Quilicura,Antofagasta,2.979,39155,1808,17077,3411,22296,16859,43.057080832588426
RET-13310,2025-12-01,Retail,Quilicura,La Serena,3.019,26918,1967,9753,3266,14986,11932,44.327215989300839
RET-11401,2025-12-02,Retail,Quilicura,La Serena,4.225,38277,2922,13774,5090,21786,16491,43.08331373932127
RET-12600,2025-12-02,Retail,Quilicura,Concepción,2.139,19953,1519,7111,2215,10845,9108,45.647271087054584
RET-12861,2025-12-03,Retail,Quilicura,Rancagua,3.737,25955,2646,8296,3933,14875,11080,42.689269890194566
RET-10924,2025-12-04,Retail,Quilicura,Temuco,2.56,26593,1638,10967,2558,15163,11430,42.981235663520472
RET-12691,2025-12-04,Retail,Quilicura,Temuco,4.616,48880,2861,19953,4933,27747,21133,43.23445171849427
RET-10226,2025-12-05,Retail,Quilicura,Rancagua,2.065,14369,1286,4619,2420,8325,6044,42.06277402742014
RET-12772,2025-12-05,Retail,Quilicura,Temuco,1.347,14136,829,5394,1516,7739,6397,45.253254102999435
RET-13271,2025-12-05,Retail,Quilicura,La Serena,3.667,32805,2450,12014,4268,18732,14073,42.8989483310471
RET-10345,2025-12-06,Retail,Quilicura,La Serena,1.038,9389,684,3261,1147,5092,4297,45.766322292043881
RET-10775,2025-12-06,Retail,Quilicura,Antofagasta,3.775,48387,2425,21300,3849,27574,20813,43.013619360572051
RET-11101,2025-12-06,Retail,Quilicura,Rancagua,4.464,31648,3020,9762,5282,18064,13584,42.922143579373106
RET-12995,2025-12-06,Retail,Quilicura,Valparaíso,4.702,34721,2925,11541,4869,19335,15386,44.31323982604188
RET-10370,2025-12-07,Retail,Quilicura,Concepción,1.926,17885,1274,6599,2194,10067,7818,43.712608331003636
RET-10905,2025-12-07,Retail,Quilicura,Rancagua,4.762,33826,3396,10303,5086,18785,15041,44.465795541890849
RET-12295,2025-12-07,Retail,Quilicura,Rancagua,5.083,35360,3484,11365,5369,20218,15142,42.822398190045249
RET-13389,2025-12-08,Retail,Quilicura,Concepción,4.65,42357,2728,16116,5533,24377,17980,42.4487097764242
RET-10391,2025-12-09,Retail,Quilicura,Valparaíso,4.953,37728,3375,11501,5202,20078,17650,46.782230703986428
RET-10546,2025-12-10,Retail,Quilicura,Valparaíso,4.964,37429,3349,11593,5973,20915,16514,44.12086884501322
RET-10844,2025-12-10,Retail,Quilicura,Valparaíso,5.966,44888,3929,13918,6442,24289,20599,45.889770094457319
RET-12775,2025-12-10,Retail,Quilicura,La Serena,5.88,53688,3586,18213,6892,28691,24997,46.559752644911342
RET-11912,2025-12-12,Retail,Quilicura,La Serena,4.225,37975,2922,14102,4730,21754,16221,42.714944042132977
RET-11966,2025-12-12,Retail,Quilicura,Rancagua,1.988,13958,1236,4315,2375,7926,6032,43.215360366814728
RET-10011,2025-12-13,Retail,Quilicura,Valparaíso,5.575,41731,3912,13111,5994,23017,18714,44.84436030768493
RET-10236,2025-12-13,Retail,Quilicura,La Serena,2.086,18716,1375,6991,2101,10467,8249,44.07458858730498
RET-12547,2025-12-13,Retail,Quilicura,Valparaíso,4.29,31941,2634,9864,4301,16799,15142,47.40615509846279
RET-13038,2025-12-14,Retail,Quilicura,Valparaíso,3.779,28724,2613,9391,4220,16224,12500,43.517615930928841
RET-12553,2025-12-15,Retail,Quilicura,Concepción,5.104,47363,3453,16760,5407,25620,21743,45.907142706331946
RET-12956,2025-12-15,Retail,Quilicura,Valparaíso,4.972,36618,3178,11419,5243,19840,16778,45.818996122125732
RET-10161,2025-12-17,Retail,Quilicura,Puerto Montt,3.501,40794,2192,17596,3537,23325,17469,42.822473893219595
RET-10475,2025-12-17,Retail,Quilicura,Rancagua,3.502,24898,2421,7514,4168,14103,10795,43.356896136235839
RET-11317,2025-12-17,Retail,Quilicura,Rancagua,3.003,21353,2051,6577,3483,12111,9242,43.281974429822505
RET-13314,2025-12-17,Retail,Quilicura,Rancagua,4.033,27716,2784,9152,4269,16205,11511,41.531967094818881
RET-11340,2025-12-18,Retail,Quilicura,Rancagua,3.176,22135,1931,6731,3770,12432,9703,43.83555455161509
RET-11508,2025-12-18,Retail,Quilicura,La Serena,5.737,51045,3709,17855,6384,27948,23097,45.248310314428444
RET-12349,2025-12-18,Retail,Quilicura,Valparaíso,1.874,13862,1285,4325,2109,7719,6143,44.315394603953251
RET-12513,2025-12-18,Retail,Quilicura,Concepción,2.654,24832,1645,9158,2917,13720,11112,44.748711340206185
RET-12724,2025-12-18,Retail,Quilicura,Valparaíso,2.701,19957,1659,6212,2985,10856,9101,45.603046550082674
RET-12952,2025-12-18,Retail,Quilicura,Concepción,1.454,13479,1013,5166,1456,7635,5844,43.356332072112174
RET-13362,2025-12-18,Retail,Quilicura,Puerto Montt,2.552,29031,1735,11881,2661,16277,12754,43.932348179532227
RET-13059,2025-12-19,Retail,Quilicura,Valparaíso,1.624,12169,1116,4043,1951,7110,5059,41.572849042649359
RET-10809,2025-12-20,Retail,Quilicura,Temuco,5.247,54919,3608,22809,5724,32141,22778,41.475627742675577
RET-11226,2025-12-20,Retail,Quilicura,Valparaíso,5.158,39049,3202,12692,5384,21278,17771,45.509488079080128
RET-13481,2025-12-20,Retail,Quilicura,Concepción,3.327,30135,1954,11454,3746,17154,12981,43.076157292185172
RET-11539,2025-12-21,Retail,Quilicura,Antofagasta,2.018,26183,1251,12199,2242,15692,10491,40.067983042432118
RET-13410,2025-12-21,Retail,Quilicura,La Serena,3.849,34485,2294,12616,4559,19469,15016,43.543569667971582
RET-11949,2025-12-22,Retail,Quilicura,Valparaíso,2.326,17449,1632,5648,2706,9986,7463,42.77035933291306
RET-12602,2025-12-22,Retail,Quilicura,Concepción,5.182,48265,3086,17552,5583,26221,22044,45.672847819330784
RET-12632,2025-12-23,Retail,Quilicura,Rancagua,3.808,26891,2670,8452,4247,15369,11522,42.847049198616638
RET-12754,2025-12-23,Retail,Quilicura,Temuco,5.093,52569,3359,21810,5138,30307,22262,42.348151952671728
RET-12279,2025-12-24,Retail,Quilicura,La Serena,2.155,19109,1345,7141,2506,10992,8117,42.477366685854832
RET-10047,2025-12-25,Retail,Quilicura,Valparaíso,1.046,7749,626,2464,1225,4315,3434,44.315395534907729
RET-10186,2025-12-25,Retail,Quilicura,Valparaíso,5.691,42358,3585,13786,6370,23741,18617,43.951555786392184
RET-12455,2025-12-25,Retail,Quilicura,Concepción,4.473,41050,3150,15713,5081,23944,17106,41.671132764920827
RET-11020,2025-12-27,Retail,Quilicura,Concepción,1.372,12745,821,4704,1659,7184,5561,43.632797175362889
RET-11576,2025-12-27,Retail,Quilicura,Valparaíso,3.517,26128,2071,8769,3813,14653,11475,43.918401714635642
RET-13261,2025-12-27,Retail,Quilicura,Temuco,2.118,22062,1349,8660,2458,12467,9595,43.491070619164176
RET-10312,2025-12-28,Retail,Quilicura,Concepción,1.04,9695,678,3692,1139,5509,4186,43.1768953068592
RET-11427,2025-12-29,Retail,Quilicura,Valparaíso,5.737,42841,3517,13843,6624,23984,18857,44.01624611937163
RET-10782,2025-12-30,Retail,Quilicura,Puerto Montt,3.039,34546,2051,14214,3639,19904,14642,42.384067619984947
RET-10139,2025-12-31,Retail,Quilicura,Valparaíso,4.634,34584,3143,10725,5519,19387,15197,43.942285449919041
RET-10724,2025-12-31,Retail,Quilicura,Concepción,2.349,21916,1428,7880,2647,11955,9961,45.450812192005841
RET-11206,2025-12-31,Retail,Quilicura,La Serena,2.994,26747,2052,9160,3390,14602,12145,45.406961528395705
RET-11475,2025-12-31,Retail,Quilicura,Valparaíso,5.428,40662,3553,13502,6325,23380,17282,42.501598544095224
RET-12337,2025-01-01,Retail,San Bernardo,Puerto Montt,4.511,52770,2916,21550,4992,29458,23312,44.176615501231758
RET-12887,2025-01-01,Retail,San Bernardo,Valparaíso,3.396,25691,2108,7808,3679,13595,12096,47.082635942547974
RET-10998,2025-01-02,Retail,San Bernardo,Concepción,3.478,31937,2418,11582,3471,17471,14466,45.295425368694623
RET-11638,2025-01-02,Retail,San Bernardo,Rancagua,5.952,40928,3631,12508,6710,22849,18079,44.172693510555121
RET-12371,2025-01-02,Retail,San Bernardo,Concepción,2.548,23043,1555,8372,2876,12803,10240,44.438658160829753
RET-13240,2025-01-02,Retail,San Bernardo,Concepción,1.398,12657,928,4817,1488,7233,5424,42.853756814411
RET-13252,2025-01-02,Retail,San Bernardo,Rancagua,4.889,34906,2958,11043,4998,18999,15907,45.570962012261504
RET-13359,2025-01-02,Retail,San Bernardo,Concepción,2.953,26700,1779,10137,3167,15083,11617,43.509363295880149
RET-11505,2025-01-03,Retail,San Bernardo,La Serena,2.234,20385,1413,7207,2322,10942,9443,46.32327691930341
RET-12514,2025-01-03,Retail,San Bernardo,Rancagua,5.783,40580,3837,13082,5828,22747,17833,43.945293247905369
RET-10124,2025-01-04,Retail,San Bernardo,Concepción,2.31,21383,1561,7732,2528,11821,9562,44.717766449983628
RET-10518,2025-01-04,Retail,San Bernardo,Valparaíso,1.936,14632,1197,4639,1972,7808,6824,46.6375068343357
RET-10626,2025-01-05,Retail,San Bernardo,Rancagua,3.918,27096,2295,8842,4012,15149,11947,44.091378801299086
RET-11222,2025-01-05,Retail,San Bernardo,Rancagua,1.035,7277,736,2358,1082,4176,3101,42.613714442764881
RET-11311,2025-01-05,Retail,San Bernardo,Temuco,2.279,23956,1426,9309,2742,13477,10479,43.742694940724661
RET-12447,2025-01-05,Retail,San Bernardo,La Serena,1.361,12085,954,4399,1402,6755,5330,44.104261481175008
RET-10664,2025-01-06,Retail,San Bernardo,La Serena,3.179,29122,2246,10239,3597,16082,13040,44.777144426893756
RET-11196,2025-01-06,Retail,San Bernardo,Valparaíso,1.833,13772,1203,4584,1825,7612,6160,44.728434504792332
RET-10074,2025-01-07,Retail,San Bernardo,Temuco,2.475,25589,1530,10277,2478,14285,11304,44.175231544804411
RET-10239,2025-01-07,Retail,San Bernardo,Rancagua,1.607,11076,969,3435,1789,6193,4883,44.086312748284577
RET-11246,2025-01-07,Retail,San Bernardo,La Serena,1.076,9518,652,3486,1117,5255,4263,44.788821180920365
RET-11322,2025-01-07,Retail,San Bernardo,Valparaíso,4.443,33414,2849,10890,4708,18447,14967,44.792601903393788
RET-12283,2025-01-07,Retail,San Bernardo,Valparaíso,3.568,26570,2128,8303,4155,14586,11984,45.10350018818216
RET-10390,2025-01-09,Retail,San Bernardo,Puerto Montt,4.081,46912,2631,20058,4508,27197,19715,42.02549454297408
RET-10798,2025-01-09,Retail,San Bernardo,Antofagasta,3.169,40747,2084,19080,3462,24626,16121,39.56364885758461
RET-11363,2025-01-09,Retail,San Bernardo,Rancagua,2.746,18975,1713,5808,2769,10290,8685,45.7707509881423
RET-12440,2025-01-09,Retail,San Bernardo,Valparaíso,4.613,34413,2884,11383,5570,19837,14576,42.356086362711764
RET-12899,2025-01-10,Retail,San Bernardo,La Serena,1.379,12420,822,4340,1573,6735,5685,45.772946859903378
RET-11377,2025-01-11,Retail,San Bernardo,Valparaíso,1.529,11691,911,3547,1675,6133,5558,47.540843383799505
RET-11629,2025-01-11,Retail,San Bernardo,Concepción,5.192,47734,3255,17631,5926,26812,20922,43.830393430259349
RET-10992,2025-01-12,Retail,San Bernardo,Valparaíso,5.305,40368,3673,12530,5441,21644,18724,46.383273880301232
RET-11227,2025-01-12,Retail,San Bernardo,Rancagua,4.461,30900,2941,9492,5128,17561,13339,43.168284789644012
RET-12335,2025-01-12,Retail,San Bernardo,Concepción,1.774,16144,1164,5965,2047,9176,6968,43.161546085232906
RET-12764,2025-01-13,Retail,San Bernardo,Rancagua,1.273,8769,825,2881,1340,5046,3723,42.456380431063977
RET-10366,2025-01-14,Retail,San Bernardo,Puerto Montt,5.65,64824,3340,26595,5900,35835,28989,44.719548315438729
RET-10827,2025-01-14,Retail,San Bernardo,La Serena,5.579,51206,3738,18486,6317,28541,22665,44.262391126039915
RET-12143,2025-01-14,Retail,San Bernardo,Puerto Montt,1.779,20722,1203,8944,1942,12089,8633,41.661036579480744
RET-13023,2025-01-14,Retail,San Bernardo,Rancagua,2.813,19549,1768,6447,3058,11273,8276,42.334646273466674
RET-10304,2025-01-16,Retail,San Bernardo,Rancagua,1.182,8392,772,2555,1245,4572,3820,45.51954242135367
RET-11754,2025-01-16,Retail,San Bernardo,La Serena,5.478,49550,3529,16906,5626,26061,23489,47.404641775983855
RET-12382,2025-01-16,Retail,San Bernardo,Temuco,5.795,59672,3401,25226,5909,34536,25136,42.123609062877058
RET-10335,2025-01-17,Retail,San Bernardo,Concepción,2.056,18890,1464,7028,2459,10951,7939,42.027527792482793
RET-12158,2025-01-17,Retail,San Bernardo,Valparaíso,3.789,28959,2533,9094,3832,15459,13500,46.617631824303324
RET-12727,2025-01-17,Retail,San Bernardo,La Serena,2.194,19585,1416,7205,2653,11274,8311,42.435537401072246
RET-13060,2025-01-17,Retail,San Bernardo,Rancagua,3.577,24882,2156,7476,3846,13478,11404,45.832328590949281
RET-13441,2025-01-17,Retail,San Bernardo,La Serena,2.919,26592,1895,9717,3032,14644,11948,44.930806257521063
RET-10859,2025-01-18,Retail,San Bernardo,Puerto Montt,3.315,37671,2004,16697,3525,22226,15445,40.999707998194893
RET-11255,2025-01-18,Retail,San Bernardo,La Serena,1.846,16916,1143,6083,1906,9132,7784,46.015606526365573
RET-11633,2025-01-18,Retail,San Bernardo,La Serena,5.654,50495,3440,18265,6209,27914,22581,44.719279136548174
RET-12248,2025-01-18,Retail,San Bernardo,La Serena,2.334,21160,1405,7172,2546,11123,10037,47.433837429111527
RET-13100,2025-01-18,Retail,San Bernardo,Puerto Montt,5.168,59586,3402,23705,5854,32961,26625,44.683314872621089
RET-10647,2025-01-20,Retail,San Bernardo,Rancagua,4.542,32091,3123,9665,5124,17912,14179,44.1837275248512
RET-10783,2025-01-20,Retail,San Bernardo,Concepción,2.726,25387,1912,9535,3207,14654,10733,42.2775436246898
RET-11302,2025-01-20,Retail,San Bernardo,Rancagua,1.596,11092,1105,3347,1664,6116,4976,44.861161197259285
RET-12161,2025-01-20,Retail,San Bernardo,La Serena,3.116,28566,2146,9579,3200,14925,13641,47.75257298886789
RET-12364,2025-01-20,Retail,San Bernardo,La Serena,1.505,13303,946,4699,1769,7414,5889,44.268210178155307
RET-10487,2025-01-21,Retail,San Bernardo,Temuco,5.906,62410,3934,24357,5873,34164,28246,45.258772632590933
RET-10948,2025-01-22,Retail,San Bernardo,Concepción,1.436,13465,874,4772,1723,7369,6096,45.272929818046784
RET-11414,2025-01-22,Retail,San Bernardo,Concepción,5.428,50202,3644,17724,6167,27535,22667,45.151587586151948
RET-10121,2025-01-23,Retail,San Bernardo,Antofagasta,4.138,53537,2846,23531,4257,30634,22903,42.779759792293184
RET-10395,2025-01-24,Retail,San Bernardo,Valparaíso,5.997,44586,3654,14340,6603,24597,19989,44.83245861929754
RET-12989,2025-01-24,Retail,San Bernardo,Valparaíso,5.503,41552,3335,12607,5890,21832,19720,47.45860608394301
RET-13411,2025-01-24,Retail,San Bernardo,Temuco,4.943,52034,3274,21075,5464,29813,22221,42.704769958104315
RET-10172,2025-01-25,Retail,San Bernardo,Rancagua,3.226,22798,2226,7439,3328,12993,9805,43.008158610404422
RET-10369,2025-01-25,Retail,San Bernardo,Antofagasta,3.158,40523,2041,18200,3485,23726,16797,41.450534264491765
RET-12527,2025-01-25,Retail,San Bernardo,Rancagua,2.08,14420,1451,4672,2311,8434,5986,41.511789181692095
RET-10037,2025-01-27,Retail,San Bernardo,Rancagua,1.374,9574,954,2985,1611,5550,4024,42.030499268853141
RET-10086,2025-01-27,Retail,San Bernardo,Valparaíso,3.725,27751,2328,8744,3874,14946,12805,46.142481352023353
RET-10167,2025-01-27,Retail,San Bernardo,Valparaíso,5.018,37841,3136,11712,6025,20873,16968,44.8402526360297
RET-10969,2025-01-27,Retail,San Bernardo,Rancagua,3.825,26445,2589,8228,3913,14730,11715,44.299489506522974
RET-10061,2025-01-28,Retail,San Bernardo,La Serena,4.549,41296,2800,14950,4523,22273,19023,46.06499418829911
RET-10131,2025-01-28,Retail,San Bernardo,Temuco,1.399,14858,907,5585,1454,7946,6912,46.520393054246874
RET-12528,2025-01-28,Retail,San Bernardo,Temuco,3.762,39702,2232,16297,4412,22941,16761,42.217016774973551
RET-12774,2025-01-28,Retail,San Bernardo,Concepción,5.883,53772,3802,20644,6706,31152,22620,42.066503012720375
RET-10334,2025-01-30,Retail,San Bernardo,Puerto Montt,3.22,37458,2089,15411,3292,20792,16666,44.49249826472316
RET-11013,2025-01-30,Retail,San Bernardo,Valparaíso,4.58,34344,3232,10535,4601,18368,15976,46.517586769159095
RET-11692,2025-01-30,Retail,San Bernardo,Valparaíso,3.408,25666,2430,7825,3455,13710,11956,46.583028130600795
RET-12977,2025-01-30,Retail,San Bernardo,Rancagua,1.709,11856,1056,3775,2046,6877,4979,41.995614035087719
RET-10126,2025-01-31,Retail,San Bernardo,Concepción,1.931,17513,1330,6519,2330,10179,7334,41.877462456460911
RET-11288,2025-02-01,Retail,San Bernardo,Valparaíso,4.646,34675,2721,10967,5491,19179,15496,44.689257390050471
RET-13353,2025-02-01,Retail,San Bernardo,Concepción,3.285,29756,2027,10855,3371,16253,13503,45.379083210108881
RET-11839,2025-02-03,Retail,San Bernardo,Puerto Montt,3.725,42159,2580,17220,3946,23746,18413,43.675134609454688
RET-13290,2025-02-03,Retail,San Bernardo,Temuco,4.994,53413,3065,21056,4963,29084,24329,45.548836425589279
RET-10666,2025-02-04,Retail,San Bernardo,Rancagua,5.71,39908,3650,12270,6772,22692,17216,43.139220206474896
RET-10682,2025-02-04,Retail,San Bernardo,La Serena,4.168,38009,2927,13194,4900,21021,16988,44.694677576363496
RET-11051,2025-02-04,Retail,San Bernardo,Concepción,2.737,25441,1901,9532,3177,14610,10831,42.573012067135721
RET-12546,2025-02-04,Retail,San Bernardo,Temuco,1.839,19632,1177,8012,1989,11178,8454,43.062347188264063
RET-12608,2025-02-04,Retail,San Bernardo,La Serena,1.429,12798,1003,4551,1516,7070,5728,44.756993280200028
RET-10558,2025-02-05,Retail,San Bernardo,Temuco,2.783,29442,1695,12054,3157,16906,12536,42.578629169214047
RET-12993,2025-02-05,Retail,San Bernardo,Rancagua,2.898,20057,1776,6297,3492,11565,8492,42.339332901231494
RET-12780,2025-02-06,Retail,San Bernardo,Valparaíso,4.532,33500,3050,10412,5201,18663,14837,44.289552238805967
RET-12860,2025-02-07,Retail,San Bernardo,Rancagua,3.902,27215,2315,8778,4293,15386,11829,43.465000918611061
RET-10017,2025-02-08,Retail,San Bernardo,Temuco,1.128,11924,748,4540,1347,6635,5289,44.355920831935592
RET-13108,2025-02-08,Retail,San Bernardo,Antofagasta,5.037,64523,3083,27854,5910,36847,27676,42.893231870805757
RET-10881,2025-02-09,Retail,San Bernardo,Temuco,2.237,23806,1357,9111,2268,12736,11070,46.500882130555318
RET-11210,2025-02-09,Retail,San Bernardo,Rancagua,1.994,14156,1423,4473,2393,8289,5867,41.445323537722523
RET-12958,2025-02-09,Retail,San Bernardo,Concepción,2.179,19964,1355,7186,2189,10730,9234,46.25325586054899
RET-11429,2025-02-10,Retail,San Bernardo,Valparaíso,1.354,10038,902,3096,1516,5514,4524,45.068738792588164
RET-11814,2025-02-10,Retail,San Bernardo,Valparaíso,2.185,16643,1292,5326,2172,8790,7853,47.185002703839451
RET-10352,2025-02-11,Retail,San Bernardo,Valparaíso,4.706,34731,3250,11855,5475,20580,14151,40.744579770234083
RET-10887,2025-02-11,Retail,San Bernardo,Valparaíso,3.151,24015,1870,7583,3373,12826,11189,46.59171351238809
RET-12432,2025-02-11,Retail,San Bernardo,Temuco,5.387,56266,3319,23231,6290,32840,23426,41.634379554260121
RET-11197,2025-02-12,Retail,San Bernardo,Valparaíso,3.855,28345,2611,9238,4410,16259,12086,42.638913388604692
RET-11287,2025-02-12,Retail,San Bernardo,Concepción,1.284,11706,861,4318,1470,6649,5057,43.2000683410217
RET-11442,2025-02-12,Retail,San Bernardo,Antofagasta,4.062,51869,2671,23034,4351,30056,21813,42.054020706009368
RET-11743,2025-02-12,Retail,San Bernardo,La Serena,1.358,12217,826,4338,1400,6564,5653,46.271588769747076
RET-13471,2025-02-12,Retail,San Bernardo,Temuco,2.026,21457,1405,8806,2009,12220,9237,43.048888474623666
RET-10380,2025-02-13,Retail,San Bernardo,Rancagua,5.513,37987,3510,12447,6535,22492,15495,40.790270355647984
RET-10805,2025-02-13,Retail,San Bernardo,La Serena,1.811,16104,1077,5935,1823,8835,7269,45.137853949329362
RET-11182,2025-02-13,Retail,San Bernardo,Valparaíso,5.527,40626,3664,13816,6090,23570,17056,41.982966573130511
RET-12110,2025-02-13,Retail,San Bernardo,Antofagasta,4.163,54053,2603,23916,4837,31356,22697,41.9902688102418
RET-13490,2025-02-13,Retail,San Bernardo,Rancagua,4.035,28253,2440,8470,4440,15350,12903,45.669486426220224
RET-10119,2025-02-15,Retail,San Bernardo,Rancagua,3.925,27374,2630,9025,4342,15997,11377,41.561335573902241
RET-10988,2025-02-15,Retail,San Bernardo,Temuco,3.188,33095,1935,13716,3559,19210,13885,41.954978093367579
RET-11649,2025-02-16,Retail,San Bernardo,Temuco,5.535,59276,3606,23996,5536,33138,26138,44.095418044402457
RET-11565,2025-02-17,Retail,San Bernardo,La Serena,4.021,35560,2735,12827,4620,20182,15378,43.245219347581553
RET-12512,2025-02-17,Retail,San Bernardo,Antofagasta,2.188,28297,1554,12175,2418,16147,12150,42.937413860126519
RET-12961,2025-02-17,Retail,San Bernardo,Puerto Montt,5.38,61544,3828,26364,5764,35956,25588,41.576758091771744
RET-13333,2025-02-17,Retail,San Bernardo,Valparaíso,4.341,32800,2938,10825,4678,18441,14359,43.77743902439024
RET-12902,2025-02-18,Retail,San Bernardo,Valparaíso,2.29,16985,1393,5626,2748,9767,7218,42.4963202826023
RET-11541,2025-02-19,Retail,San Bernardo,Valparaíso,2.281,17309,1547,5324,2258,9129,8180,47.258651568548153
RET-11041,2025-02-20,Retail,San Bernardo,Rancagua,2.469,17283,1662,5663,2766,10091,7192,41.613145865879765
RET-12399,2025-02-20,Retail,San Bernardo,Valparaíso,5.188,39538,3694,13050,6255,22999,16539,41.830643937477866
RET-12446,2025-02-20,Retail,San Bernardo,La Serena,2.533,22569,1541,8334,2631,12506,10063,44.587708804111834
RET-10303,2025-02-21,Retail,San Bernardo,Rancagua,5.078,36057,3438,10846,5331,19615,16442,45.600022187092662
RET-11258,2025-02-21,Retail,San Bernardo,Rancagua,3.479,24251,2131,7560,4196,13887,10364,42.736382004865781
RET-12759,2025-02-22,Retail,San Bernardo,Concepción,3.8,34530,2338,13002,4030,19370,15160,43.9038517231393
RET-12863,2025-02-22,Retail,San Bernardo,Valparaíso,3.444,25446,2129,8666,3982,14777,10669,41.928004401477637
RET-10134,2025-02-23,Retail,San Bernardo,Antofagasta,3.495,45908,2283,19398,3710,25391,20517,44.691557027097673
RET-10472,2025-02-23,Retail,San Bernardo,Rancagua,1.382,9599,920,3075,1452,5447,4152,43.254505677674757
RET-12750,2025-02-23,Retail,San Bernardo,Valparaíso,1.951,14561,1171,4628,1975,7774,6787,46.610809697136183
RET-13306,2025-02-23,Retail,San Bernardo,Valparaíso,5.637,41860,3674,13792,6340,23806,18054,43.12947921643574
RET-12752,2025-02-24,Retail,San Bernardo,Concepción,4.408,39823,3118,15676,4688,23482,16341,41.034075785350176
RET-12903,2025-02-24,Retail,San Bernardo,Rancagua,4.595,32214,3120,10258,5464,18842,13372,41.509902526851675
RET-10419,2025-02-25,Retail,San Bernardo,Rancagua,4.985,34863,3270,11072,5667,20009,14854,42.606775091070766
RET-11620,2025-02-25,Retail,San Bernardo,Concepción,3.554,33278,2488,11610,4006,18104,15174,45.597692169000545
RET-12653,2025-02-26,Retail,San Bernardo,Temuco,3.501,36434,2190,14027,3504,19721,16713,45.87198770379316
RET-12736,2025-02-26,Retail,San Bernardo,La Serena,1.013,9016,659,3370,1142,5171,3845,42.646406388642419
RET-12859,2025-02-26,Retail,San Bernardo,Temuco,5.746,59638,3683,23162,5861,32706,26932,45.159126731278718
RET-12962,2025-02-26,Retail,San Bernardo,Concepción,2.805,26143,1694,9925,2962,14581,11562,44.225987836132042
RET-11393,2025-02-27,Retail,San Bernardo,La Serena,3.174,28682,2016,9933,3635,15584,13098,45.666271529182069
RET-12000,2025-02-27,Retail,San Bernardo,Concepción,1.393,12942,909,4596,1550,7055,5887,45.487559882552929
RET-11409,2025-03-01,Retail,San Bernardo,Valparaíso,2.995,22189,1869,7065,2972,11906,10283,46.342782459777368
RET-10142,2025-03-02,Retail,San Bernardo,Valparaíso,1.895,14343,1326,4356,2203,7885,6458,45.025447953705637
RET-11711,2025-03-03,Retail,San Bernardo,Temuco,2.371,24898,1442,9506,2735,13683,11215,45.043778616756363
RET-11189,2025-03-04,Retail,San Bernardo,Puerto Montt,3.981,45353,2548,19750,4694,26992,18361,40.484642691773423
RET-11988,2025-03-04,Retail,San Bernardo,Concepción,1.415,13159,917,4628,1572,7117,6042,45.915343111178665
RET-11739,2025-03-05,Retail,San Bernardo,La Serena,4.093,37231,2748,13263,4386,20397,16834,45.215008997878115
RET-12456,2025-03-05,Retail,San Bernardo,Puerto Montt,5.764,65546,3917,28899,6430,39246,26300,40.124492722668052
RET-10893,2025-03-08,Retail,San Bernardo,Rancagua,2.219,15366,1547,5022,2613,9182,6184,40.244696082259537
RET-11156,2025-03-08,Retail,San Bernardo,Valparaíso,5.493,40654,3517,13790,5548,22855,17799,43.781669700398481
RET-12276,2025-03-08,Retail,San Bernardo,La Serena,1.84,16887,1297,5594,2044,8935,7952,47.0894771125718
RET-10276,2025-03-09,Retail,San Bernardo,La Serena,5.66,50250,3426,18925,6238,28589,21661,43.106467661691546
RET-10652,2025-03-09,Retail,San Bernardo,Valparaíso,1.516,11228,1067,3685,1605,6357,4871,43.382614891343067
RET-10677,2025-03-09,Retail,San Bernardo,La Serena,2.765,25010,1894,8968,3240,14102,10908,43.614554178328667
RET-12955,2025-03-09,Retail,San Bernardo,Antofagasta,2.333,30754,1542,13389,2732,17663,13091,42.566820576185208
RET-13012,2025-03-09,Retail,San Bernardo,Rancagua,2.907,20664,1706,6681,3452,11839,8825,42.707123499806428
RET-11128,2025-03-10,Retail,San Bernardo,Concepción,1.313,12300,878,4669,1378,6925,5375,43.699186991869922
RET-10496,2025-03-11,Retail,San Bernardo,Puerto Montt,4.188,49086,2860,19309,4931,27100,21986,44.790775373833682
RET-11581,2025-03-11,Retail,San Bernardo,Concepción,5.789,52773,3589,20084,6913,30586,22187,42.042332253235557
RET-11931,2025-03-11,Retail,San Bernardo,Temuco,1.65,17622,967,7153,1734,9854,7768,44.081262058790152
RET-12316,2025-03-11,Retail,San Bernardo,Rancagua,2.609,18232,1648,5460,2915,10023,8209,45.025230364194826
RET-13392,2025-03-11,Retail,San Bernardo,Concepción,1.163,10879,816,4131,1363,6310,4569,41.998345436161408
RET-13390,2025-03-12,Retail,San Bernardo,Antofagasta,3.166,41199,1857,19181,3540,24578,16621,40.343212213888684
RET-10958,2025-03-13,Retail,San Bernardo,Valparaíso,4.585,33956,2737,11086,5455,19278,14678,43.226528448580517
RET-10197,2025-03-15,Retail,San Bernardo,Antofagasta,5.539,72549,3360,31022,5543,39925,32624,44.968228369791454
RET-11434,2025-03-15,Retail,San Bernardo,La Serena,3.263,29317,2158,10469,3325,15952,13365,45.587884162772454
RET-12073,2025-03-15,Retail,San Bernardo,Concepción,1.679,15209,1181,5701,2003,8885,6324,41.580643040305084
RET-10088,2025-03-17,Retail,San Bernardo,Rancagua,4.409,30794,3080,9930,4713,17723,13071,42.446580502695333
RET-12410,2025-03-17,Retail,San Bernardo,Rancagua,1.376,9624,847,2951,1459,5257,4367,45.3761429758936
RET-12430,2025-03-17,Retail,San Bernardo,Puerto Montt,2.111,24433,1424,10280,2347,14051,10382,42.491712028813488
RET-12999,2025-03-17,Retail,San Bernardo,Valparaíso,3.855,29083,2395,9639,4609,16643,12440,42.7741292163807
RET-12646,2025-03-18,Retail,San Bernardo,Valparaíso,1.179,9005,793,2855,1232,4880,4125,45.807884508606328
RET-13033,2025-03-18,Retail,San Bernardo,La Serena,3.045,26861,1888,9742,3524,15154,11707,43.583634265291685
RET-11883,2025-03-19,Retail,San Bernardo,Valparaíso,3.619,26775,2463,8737,3933,15133,11642,43.48085901027077
RET-12255,2025-03-19,Retail,San Bernardo,Rancagua,1.817,12779,1195,4159,2124,7478,5301,41.482119101651143
RET-12634,2025-03-19,Retail,San Bernardo,Temuco,5.942,61447,3979,23714,5946,33639,27808,45.255260631112989
RET-10579,2025-03-20,Retail,San Bernardo,Temuco,5.998,62531,4165,26131,7252,37548,24983,39.952983320273141
RET-10957,2025-03-20,Retail,San Bernardo,La Serena,3.684,33500,2546,11596,4296,18438,15062,44.961194029850745
RET-10341,2025-03-23,Retail,San Bernardo,Rancagua,2.398,16940,1407,5506,2608,9521,7419,43.795749704840617
RET-12607,2025-03-23,Retail,San Bernardo,Rancagua,4.775,33677,3038,10379,4891,18308,15369,45.636487810671973
RET-11009,2025-03-24,Retail,San Bernardo,Concepción,2.296,20748,1359,7424,2292,11075,9673,46.6213610950453
RET-12258,2025-03-24,Retail,San Bernardo,Rancagua,4.31,29893,2605,9311,4740,16656,13237,44.281269862509617
RET-10548,2025-03-25,Retail,San Bernardo,Valparaíso,5.729,42597,3467,14426,6052,23945,18652,43.78712115876705
RET-10765,2025-03-25,Retail,San Bernardo,Puerto Montt,2.444,28464,1520,12246,2911,16677,11787,41.410202360876895
RET-11282,2025-03-25,Retail,San Bernardo,Concepción,3.822,35687,2392,13118,4339,19849,15838,44.380306554207415
RET-12181,2025-03-25,Retail,San Bernardo,Valparaíso,3.939,29887,2599,9373,4459,16431,13456,45.022919664067992
RET-10386,2025-03-26,Retail,San Bernardo,La Serena,1.803,16478,1168,6039,1886,9093,7385,44.817332200509767
RET-10739,2025-03-26,Retail,San Bernardo,Valparaíso,5.165,38320,3365,12620,5260,21245,17075,44.558977035490607
RET-11022,2025-03-26,Retail,San Bernardo,Concepción,4.212,39419,2780,14337,5073,22190,17229,43.707349247824652
RET-13477,2025-03-26,Retail,San Bernardo,Rancagua,3.361,23306,2113,7467,3973,13553,9753,41.8475928945336
RET-12147,2025-03-27,Retail,San Bernardo,Rancagua,3.47,24164,2438,7374,4037,13849,10315,42.687468962092368
RET-10759,2025-03-28,Retail,San Bernardo,La Serena,5.12,46051,3594,16944,5802,26340,19711,42.802545004451588
RET-12249,2025-03-28,Retail,San Bernardo,Rancagua,1.147,7869,807,2435,1245,4487,3382,42.978777481255563
RET-10428,2025-03-30,Retail,San Bernardo,Temuco,2.994,31409,2045,12389,3480,17914,13495,42.965392085071159
RET-10768,2025-03-30,Retail,San Bernardo,Rancagua,4.153,29274,2711,9309,4407,16427,12847,43.885359021657443
RET-10813,2025-03-30,Retail,San Bernardo,Concepción,5.284,48070,3517,18051,6094,27662,20408,42.454753484501765
RET-12927,2025-03-30,Retail,San Bernardo,Valparaíso,3.515,25855,2334,8464,4063,14861,10994,42.521755946625412
RET-10317,2025-03-31,Retail,San Bernardo,Valparaíso,5.03,37119,3240,11984,5060,20284,16835,45.354131307416687
RET-12668,2025-03-31,Retail,San Bernardo,Temuco,5.827,61161,3832,24191,6995,35018,26143,42.744559441474145
RET-10601,2025-04-01,Retail,San Bernardo,Valparaíso,5.087,38726,2983,12397,5803,21183,17543,45.3003150338274
RET-10732,2025-04-01,Retail,San Bernardo,Concepción,4.076,37337,2841,14068,4833,21742,15595,41.768219192757854
RET-11260,2025-04-01,Retail,San Bernardo,La Serena,4.475,40778,3001,15003,5237,23241,17537,43.006032664672126
RET-12940,2025-04-01,Retail,San Bernardo,Puerto Montt,5.055,57447,3088,24162,5217,32467,24980,43.48355875850784
RET-10094,2025-04-03,Retail,San Bernardo,Rancagua,3.801,26878,2469,8440,4514,15423,11455,42.618498400178581
RET-10594,2025-04-04,Retail,San Bernardo,Rancagua,2.986,21307,2130,6636,3422,12188,9119,42.798141455859579
RET-10803,2025-04-04,Retail,San Bernardo,Valparaíso,5.647,42763,3401,13520,5985,22906,19857,46.435002221546661
RET-11741,2025-04-04,Retail,San Bernardo,La Serena,1.982,18005,1166,6210,2117,9493,8512,47.275756734240488
RET-11852,2025-04-04,Retail,San Bernardo,Temuco,5.212,54342,3381,22192,5242,30815,23527,43.294321151227408
RET-11917,2025-04-04,Retail,San Bernardo,La Serena,3.09,27965,1958,9924,3708,15590,12375,44.251743250491685
RET-13380,2025-04-04,Retail,San Bernardo,Temuco,5.715,59715,3955,22967,6354,33276,26439,44.275307711630248
RET-10389,2025-04-05,Retail,San Bernardo,Rancagua,1.785,12547,1147,3946,2112,7205,5342,42.575914561249704
RET-11534,2025-04-05,Retail,San Bernardo,Rancagua,3.066,21767,1889,6827,3623,12339,9428,43.31327238480268
RET-11803,2025-04-06,Retail,San Bernardo,Valparaíso,4.723,35712,2886,11165,4690,18741,16971,47.521841397849464
RET-10385,2025-04-07,Retail,San Bernardo,Antofagasta,5.404,71300,3441,32793,6163,42397,28903,40.537166900420758
RET-12377,2025-04-07,Retail,San Bernardo,Puerto Montt,1.882,21743,1113,8709,2044,11866,9877,45.426114151681
RET-12874,2025-04-08,Retail,San Bernardo,Antofagasta,2.826,36715,1790,17151,3048,21989,14726,40.1089472967452
RET-13272,2025-04-08,Retail,San Bernardo,Valparaíso,1.189,9075,725,2756,1321,4802,4273,47.085399449035812
RET-10646,2025-04-09,Retail,San Bernardo,Puerto Montt,5.74,65409,4038,28204,5877,38119,27290,41.722087174547845
RET-10921,2025-04-10,Retail,San Bernardo,Rancagua,1.108,7876,662,2559,1136,4357,3519,44.6800406297613
RET-13322,2025-04-10,Retail,San Bernardo,Puerto Montt,1.194,13794,744,5838,1256,7838,5956,43.17819341742787
RET-10185,2025-04-12,Retail,San Bernardo,Valparaíso,3.508,25948,2202,8837,3645,14684,11264,43.409896716509941
RET-12060,2025-04-12,Retail,San Bernardo,Valparaíso,4.12,31085,2723,9596,4537,16856,14229,45.7744893035226
RET-10607,2025-04-13,Retail,San Bernardo,Valparaíso,1.129,8319,774,2779,1212,4765,3554,42.721480947229232
RET-11337,2025-04-13,Retail,San Bernardo,Valparaíso,5.92,45109,3767,14742,5903,24412,20697,45.882196457469689
RET-11669,2025-04-13,Retail,San Bernardo,Valparaíso,1.243,9308,850,2840,1261,4951,4357,46.809196390201976
RET-11367,2025-04-14,Retail,San Bernardo,La Serena,4.01,36525,2581,12412,4135,19128,17397,47.630390143737166
RET-11923,2025-04-14,Retail,San Bernardo,Concepción,5.949,53769,3537,20349,6358,30244,23525,43.751976045676876
RET-12908,2025-04-14,Retail,San Bernardo,Concepción,2.011,18809,1211,6751,2190,10152,8657,46.025838694242118
RET-12990,2025-04-14,Retail,San Bernardo,Valparaíso,4.73,35681,3245,11791,4956,19992,15689,43.97018020795381
RET-10915,2025-04-15,Retail,San Bernardo,Valparaíso,3.848,29019,2418,9485,3888,15791,13228,45.583927771460075
RET-10942,2025-04-15,Retail,San Bernardo,Rancagua,3.973,27987,2452,8947,4266,15665,12322,44.02758423553793
RET-11481,2025-04-15,Retail,San Bernardo,Valparaíso,2.571,19176,1810,6084,2782,10676,8500,44.326241134751768
RET-12721,2025-04-15,Retail,San Bernardo,Puerto Montt,5.451,61754,3525,27456,5575,36556,25198,40.8038345694206
RET-12836,2025-04-15,Retail,San Bernardo,Puerto Montt,2.647,31031,1564,12700,2809,17073,13958,44.980825625986917
RET-11603,2025-04-16,Retail,San Bernardo,Temuco,1.962,20326,1335,8353,2079,11767,8559,42.1086293417298
RET-12324,2025-04-16,Retail,San Bernardo,Valparaíso,2.249,17195,1440,5351,2455,9246,7949,46.228554812445481
RET-12981,2025-04-16,Retail,San Bernardo,Puerto Montt,4.197,49208,2619,19541,4430,26590,22618,45.96407088278329
RET-13253,2025-04-16,Retail,San Bernardo,Valparaíso,5.9,43485,4058,14122,6216,24396,19089,43.89789582614695
RET-10755,2025-04-17,Retail,San Bernardo,Rancagua,4.479,31409,2630,10094,4620,17344,14065,44.780158553280906
RET-11080,2025-04-17,Retail,San Bernardo,Concepción,1.773,16092,1171,5927,2110,9208,6884,42.779020631369626
RET-11594,2025-04-17,Retail,San Bernardo,Temuco,2.1,21958,1489,8546,2214,12249,9709,44.216230986428634
RET-11989,2025-04-17,Retail,San Bernardo,Temuco,2.163,22596,1290,9035,2524,12849,9747,43.135953266064789
RET-10937,2025-04-18,Retail,San Bernardo,Valparaíso,1.54,11470,951,3522,1663,6136,5334,46.503923278116829
RET-12380,2025-04-18,Retail,San Bernardo,Concepción,3.662,34074,2387,12241,4292,18920,15154,44.473792334331165
RET-13268,2025-04-18,Retail,San Bernardo,Concepción,4.333,39413,2820,14302,5146,22268,17145,43.50087534569812
RET-13277,2025-04-18,Retail,San Bernardo,Rancagua,2.754,18905,1629,5970,3046,10645,8260,43.692144935202329
RET-11799,2025-04-19,Retail,San Bernardo,Puerto Montt,2.86,33137,1909,13621,2872,18402,14735,44.466910100491894
RET-12400,2025-04-20,Retail,San Bernardo,La Serena,1.862,16937,1267,6162,2032,9461,7476,44.140048414713348
RET-11386,2025-04-21,Retail,San Bernardo,La Serena,1.393,12478,882,4665,1581,7128,5350,42.875460811027409
RET-13123,2025-04-21,Retail,San Bernardo,Valparaíso,3.342,24687,1962,8356,3568,13886,10801,43.751772187791147
RET-13312,2025-04-21,Retail,San Bernardo,Concepción,1.384,12524,983,4914,1540,7437,5087,40.618013414244651
RET-13386,2025-04-21,Retail,San Bernardo,Valparaíso,4.14,30972,2943,9454,4295,16692,14280,46.106160402944596
RET-10984,2025-04-22,Retail,San Bernardo,La Serena,5.55,49539,3337,17398,6223,26958,22581,45.582268515714894
RET-11290,2025-04-22,Retail,San Bernardo,Valparaíso,5.548,41057,3648,13683,5752,23083,17974,43.778162067369749
RET-13296,2025-04-22,Retail,San Bernardo,Concepción,1.348,12365,902,4676,1599,7177,5188,41.957137080469067
RET-10240,2025-04-23,Retail,San Bernardo,La Serena,4.261,37650,2654,14057,4706,21417,16233,43.115537848605577
RET-10467,2025-04-23,Retail,San Bernardo,Rancagua,3.411,24035,2252,7457,3781,13490,10545,43.873517786561266
RET-12116,2025-04-23,Retail,San Bernardo,Concepción,4.032,36940,2790,14298,3996,21084,15856,42.923659989171632
RET-11123,2025-04-24,Retail,San Bernardo,La Serena,4.969,44055,3436,16629,5304,25369,18686,42.415162864601072
RET-12925,2025-04-24,Retail,San Bernardo,Rancagua,3.771,26737,2646,8334,3977,14957,11780,44.058794928376408
RET-13273,2025-04-24,Retail,San Bernardo,Temuco,5.381,56269,3827,22203,5635,31665,24604,43.725674883150575
RET-10837,2025-04-25,Retail,San Bernardo,Rancagua,5.121,35287,3360,11305,5298,19963,15324,43.426757729475447
RET-11341,2025-04-25,Retail,San Bernardo,Antofagasta,2.635,33823,1876,14610,2768,19254,14569,43.074239422877923
RET-10158,2025-04-26,Retail,San Bernardo,Rancagua,3.871,27523,2374,8879,3915,15168,12355,44.88972859063329
RET-12141,2025-04-26,Retail,San Bernardo,Valparaíso,2.381,17724,1532,5902,2432,9866,7858,44.335364477544573
RET-11193,2025-04-27,Retail,San Bernardo,Rancagua,3.591,25569,2516,8231,4318,15065,10504,41.080996519222495
RET-11694,2025-04-27,Retail,San Bernardo,La Serena,3.352,29955,2284,10750,3992,17026,12929,43.161408779836421
RET-12182,2025-04-27,Retail,San Bernardo,Concepción,4.485,41285,2786,15702,4943,23431,17854,43.245730894998182
RET-10146,2025-04-29,Retail,San Bernardo,Concepción,5.617,51719,3780,18848,5573,28201,23518,45.472650283261473
RET-12229,2025-04-29,Retail,San Bernardo,Temuco,4.305,46101,3018,17439,4639,25096,21005,45.563002971735969
RET-12257,2025-04-29,Retail,San Bernardo,La Serena,3.247,28769,2212,10007,3351,15570,13199,45.879245020681985
RET-11625,2025-04-30,Retail,San Bernardo,Antofagasta,1.155,14935,681,6701,1245,8627,6308,42.236357549380649
RET-12252,2025-04-30,Retail,San Bernardo,Concepción,1.415,13146,854,4583,1562,6999,6147,46.759470561387495
RET-10337,2025-05-01,Retail,San Bernardo,Temuco,4.314,46015,2664,18699,4629,25992,20023,43.514071498424428
RET-10396,2025-05-01,Retail,San Bernardo,Concepción,1.919,17662,1247,6735,2291,10273,7389,41.835579209602535
RET-11575,2025-05-01,Retail,San Bernardo,Rancagua,3.789,26978,2495,8056,4582,15133,11845,43.906145748387573
RET-11479,2025-05-02,Retail,San Bernardo,La Serena,3.304,29307,2010,10940,3389,16339,12968,44.248814276452727
RET-12041,2025-05-02,Retail,San Bernardo,Puerto Montt,5.306,61392,3449,26422,5858,35729,25663,41.801863434975239
RET-10078,2025-05-03,Retail,San Bernardo,Temuco,4.579,48359,3224,18382,4701,26307,22052,45.600612088752868
RET-12814,2025-05-03,Retail,San Bernardo,Valparaíso,5.209,38855,3326,12275,6187,21788,17067,43.924848796808647
RET-10464,2025-05-04,Retail,San Bernardo,Temuco,4.6,48020,3159,19287,5277,27723,20297,42.26780508121616
RET-11568,2025-05-04,Retail,San Bernardo,Concepción,5.534,50728,3839,17929,6425,28193,22535,44.423198233717081
RET-11780,2025-05-04,Retail,San Bernardo,Concepción,2.81,26149,1872,9668,3082,14622,11527,44.081991663161112
RET-12617,2025-05-04,Retail,San Bernardo,La Serena,5.579,49477,3622,17594,6354,27570,21907,44.277138872607473
RET-10036,2025-05-05,Retail,San Bernardo,Concepción,2.634,24237,1847,9295,3041,14183,10054,41.482031604571524
RET-10137,2025-05-05,Retail,San Bernardo,La Serena,4.444,39418,2612,14776,4961,22349,17069,43.302552133543053
RET-10201,2025-05-05,Retail,San Bernardo,Rancagua,3.87,26945,2544,8512,4344,15400,11545,42.846539246613474
RET-10753,2025-05-05,Retail,San Bernardo,Puerto Montt,5.337,60300,3333,26668,5318,35319,24981,41.427860696517413
RET-10997,2025-05-05,Retail,San Bernardo,Temuco,2.605,27679,1753,10775,3081,15609,12070,43.60706672928935
RET-11623,2025-05-05,Retail,San Bernardo,La Serena,4.298,37977,2678,14148,4712,21538,16439,43.28672617636991
RET-12040,2025-05-05,Retail,San Bernardo,La Serena,4.704,43069,2779,15466,4794,23039,20030,46.506768209152753
RET-10258,2025-05-06,Retail,San Bernardo,La Serena,4.07,37260,2727,13216,4709,20652,16608,44.573268921095007
RET-11526,2025-05-06,Retail,San Bernardo,Concepción,5.303,48411,3725,18403,5293,27421,20990,43.357914523558691
RET-11771,2025-05-06,Retail,San Bernardo,Rancagua,5.158,35855,3293,11680,5827,20800,15055,41.988565053688461
RET-11318,2025-05-09,Retail,San Bernardo,La Serena,3.665,33082,2487,12255,3841,18583,14499,43.827459041170428
RET-11937,2025-05-09,Retail,San Bernardo,La Serena,5.261,47244,3726,16015,6348,26089,21155,44.778172889679112
RET-12036,2025-05-11,Retail,San Bernardo,Temuco,5.654,58384,3895,22865,5697,32457,25927,44.407714442312965
RET-13201,2025-05-11,Retail,San Bernardo,Rancagua,5.92,42219,3968,13293,6415,23676,18543,43.920983443473318
RET-10417,2025-05-12,Retail,San Bernardo,Puerto Montt,1.502,17343,1005,7405,1653,10063,7280,41.976589978665743
RET-10705,2025-05-12,Retail,San Bernardo,Valparaíso,2.556,19326,1581,6171,2786,10538,8788,45.472420573320917
RET-11463,2025-05-12,Retail,San Bernardo,La Serena,4.94,44126,3214,15427,5906,24547,19579,44.370665820604636
RET-12177,2025-05-12,Retail,San Bernardo,La Serena,3.53,31461,2263,11218,3522,17003,14458,45.955309748577605
RET-13442,2025-05-12,Retail,San Bernardo,Valparaíso,1.918,14323,1173,4772,2138,8083,6240,43.566291977937581
RET-10478,2025-05-13,Retail,San Bernardo,Rancagua,5.714,39931,4080,12620,6609,23309,16622,41.626806240765319
RET-10745,2025-05-14,Retail,San Bernardo,Valparaíso,4.643,34462,3220,11109,4926,19255,15207,44.126864372352152
RET-12160,2025-05-14,Retail,San Bernardo,La Serena,2.208,19863,1346,7131,2628,11105,8758,44.092030408296836
RET-11012,2025-05-15,Retail,San Bernardo,Temuco,2.947,31270,1769,11810,3219,16798,14472,46.28078030060761
RET-11987,2025-05-15,Retail,San Bernardo,Temuco,2.136,22472,1284,9293,2439,13016,9456,42.079031683873261
RET-12250,2025-05-15,Retail,San Bernardo,Valparaíso,4.927,36814,3379,12048,5438,20865,15949,43.323192263812679
RET-12672,2025-05-15,Retail,San Bernardo,La Serena,1.715,15567,1184,5726,1928,8838,6729,43.226055116592796
RET-10914,2025-05-16,Retail,San Bernardo,Rancagua,1.991,14122,1351,4514,2404,8269,5853,41.445970825662087
RET-13082,2025-05-16,Retail,San Bernardo,Temuco,3.639,37972,2560,14638,4250,21448,16524,43.516275150110609
RET-10192,2025-05-17,Retail,San Bernardo,La Serena,3.264,29868,2030,10613,3311,15954,13914,46.584973885094414
RET-12336,2025-05-17,Retail,San Bernardo,La Serena,3.616,32294,2501,11058,4268,17827,14467,44.797795256084719
RET-10090,2025-05-18,Retail,San Bernardo,Rancagua,4.92,33857,3165,10735,5067,18967,14890,43.979088519360843
RET-11749,2025-05-18,Retail,San Bernardo,Valparaíso,2.379,17842,1455,5925,2767,10147,7695,43.128573029929377
RET-12163,2025-05-18,Retail,San Bernardo,Valparaíso,4.442,32963,2697,10199,4886,17782,15181,46.054667354306346
RET-13341,2025-05-18,Retail,San Bernardo,Puerto Montt,5.286,60491,3429,25128,6335,34892,25599,42.318692036831926
RET-11042,2025-05-19,Retail,San Bernardo,Valparaíso,4.436,33187,3089,10531,4848,18468,14719,44.351703980474284
RET-11144,2025-05-19,Retail,San Bernardo,Temuco,4.354,45378,2856,18551,5015,26422,18956,41.773546652562914
RET-12253,2025-05-19,Retail,San Bernardo,Rancagua,3.577,25073,2116,8035,3706,13857,11216,44.733378534678735
RET-12485,2025-05-19,Retail,San Bernardo,Antofagasta,1.292,16692,835,7351,1367,9553,7139,42.768991133477115
RET-13130,2025-05-19,Retail,San Bernardo,Concepción,4.599,42698,2866,15218,5068,23152,19546,45.777319780785987
RET-11280,2025-05-20,Retail,San Bernardo,Temuco,2.945,30440,2101,12561,3551,18213,12227,40.167542706964518
RET-11319,2025-05-20,Retail,San Bernardo,Rancagua,3.902,27786,2337,8236,4478,15051,12735,45.832433599654507
RET-11606,2025-05-20,Retail,San Bernardo,Rancagua,4.009,28278,2641,8832,4169,15642,12636,44.684914067472945
RET-12301,2025-05-20,Retail,San Bernardo,Concepción,4.799,44006,3327,15655,5220,24202,19804,45.002954142616915
RET-13326,2025-05-20,Retail,San Bernardo,Valparaíso,5.717,43315,4011,13221,5701,22933,20382,47.05529262380238
RET-12076,2025-05-21,Retail,San Bernardo,Concepción,5.242,48031,3441,18191,5256,26888,21143,44.019487414378219
RET-12199,2025-05-21,Retail,San Bernardo,Valparaíso,3.292,24337,2320,8270,3789,14379,9958,40.917122077495172
RET-13069,2025-05-21,Retail,San Bernardo,Valparaíso,5.64,42303,3682,12962,6697,23341,18962,44.824244143441362
RET-11725,2025-05-22,Retail,San Bernardo,Concepción,5.804,53625,3997,18980,6058,29035,24590,45.855477855477858
RET-11933,2025-05-22,Retail,San Bernardo,Rancagua,3.488,24662,2413,7507,3999,13919,10743,43.560943962371255
RET-12449,2025-05-22,Retail,San Bernardo,Puerto Montt,3.426,39111,2128,17166,3963,23257,15854,40.535910613382427
RET-10618,2025-05-23,Retail,San Bernardo,Concepción,1.052,9498,750,3561,1258,5569,3929,41.366603495472731
RET-10819,2025-05-23,Retail,San Bernardo,La Serena,3.539,32263,2163,11034,4113,17310,14953,46.347208877041815
RET-12391,2025-05-23,Retail,San Bernardo,Temuco,3.678,37987,2508,16191,3998,22697,15290,40.2506120514913
RET-10082,2025-05-24,Retail,San Bernardo,Concepción,1.742,16180,1075,5794,2042,8911,7269,44.925834363411624
RET-11017,2025-05-26,Retail,San Bernardo,Rancagua,1.923,13292,1339,4085,2268,7692,5600,42.130604875112851
RET-11242,2025-05-26,Retail,San Bernardo,La Serena,5.231,47158,3353,17511,6293,27157,20001,42.412740150133594
RET-11300,2025-05-26,Retail,San Bernardo,Temuco,2.636,27462,1831,11208,2779,15818,11644,42.400407836282866
RET-12806,2025-05-27,Retail,San Bernardo,Valparaíso,2.824,20983,1715,6738,3409,11862,9121,43.468522136968026
RET-10591,2025-05-29,Retail,San Bernardo,Valparaíso,4.88,36325,3465,12277,5547,21289,15036,41.392980041293875
RET-11699,2025-05-29,Retail,San Bernardo,La Serena,3.648,33410,2318,11972,3880,18170,15240,45.615085303801258
RET-10184,2025-05-30,Retail,San Bernardo,Valparaíso,4.452,33595,2918,10527,5240,18685,14910,44.381604405417477
RET-10864,2025-05-30,Retail,San Bernardo,La Serena,2.528,23147,1604,7862,2583,12049,11098,47.945738108610186
RET-11078,2025-05-31,Retail,San Bernardo,Rancagua,5.438,38635,3790,11832,5451,21073,17562,45.456192571502527
RET-10251,2025-06-01,Retail,San Bernardo,Valparaíso,3.308,24583,2053,7591,3721,13365,11218,45.63316112760851
RET-11291,2025-06-01,Retail,San Bernardo,Rancagua,5.72,40019,3394,12999,6379,22772,17247,43.097028911267152
RET-13128,2025-06-01,Retail,San Bernardo,La Serena,4.443,40576,2814,14594,4633,22041,18535,45.679712145110415
RET-11584,2025-06-02,Retail,San Bernardo,Valparaíso,4.28,31862,2696,10675,4782,18153,13709,43.026175381331996
RET-12525,2025-06-02,Retail,San Bernardo,Antofagasta,2.025,25958,1277,11702,2364,15343,10615,40.892980969258033
RET-11263,2025-06-03,Retail,San Bernardo,Antofagasta,2.139,28220,1329,12090,2352,15771,12449,44.11410347271439
RET-11408,2025-06-03,Retail,San Bernardo,La Serena,5.638,50930,3920,18656,6721,29297,21633,42.475947378755151
RET-11995,2025-06-03,Retail,San Bernardo,Puerto Montt,1.196,13764,753,5824,1226,7803,5961,43.308631211857019
RET-10242,2025-06-04,Retail,San Bernardo,Valparaíso,1.396,10658,913,3377,1570,5860,4798,45.017826984424843
RET-10540,2025-06-04,Retail,San Bernardo,Temuco,4.944,51782,3220,21662,5305,30187,21595,41.703680815727473
RET-11793,2025-06-04,Retail,San Bernardo,Puerto Montt,1.816,20823,1164,8589,1801,11554,9269,44.513278586178743
RET-13210,2025-06-04,Retail,San Bernardo,Rancagua,5.635,39315,3356,12060,6647,22063,17252,43.881470176777313
RET-10275,2025-06-05,Retail,San Bernardo,Valparaíso,5.496,40658,3450,13143,6465,23058,17600,43.28791381769885
RET-12825,2025-06-05,Retail,San Bernardo,Rancagua,3.905,27055,2555,8401,4137,15093,11962,44.213638883755316
RET-10947,2025-06-06,Retail,San Bernardo,Valparaíso,5.729,42998,3897,14064,6384,24345,18653,43.381087492441509
RET-11194,2025-06-06,Retail,San Bernardo,Rancagua,3.139,22139,2015,7176,3603,12794,9345,42.210578616920372
RET-11632,2025-06-06,Retail,San Bernardo,Antofagasta,2.668,34353,1661,16151,2924,20736,13617,39.638459523185752
RET-12043,2025-06-06,Retail,San Bernardo,Valparaíso,2.559,19095,1761,6054,3052,10867,8228,43.089814087457448
RET-12973,2025-06-06,Retail,San Bernardo,Rancagua,5.214,36031,3591,11082,6012,20685,15346,42.591102106519386
RET-13170,2025-06-06,Retail,San Bernardo,Concepción,1.061,9761,658,3757,1219,5634,4127,42.28050404671653
RET-11412,2025-06-07,Retail,San Bernardo,Valparaíso,2.237,16494,1557,5257,2239,9053,7441,45.113374560446225
RET-11751,2025-06-07,Retail,San Bernardo,La Serena,5.749,51384,3820,19117,6488,29425,21959,42.735092635839948
RET-10059,2025-06-08,Retail,San Bernardo,Puerto Montt,1.744,20405,1099,8270,1904,11273,9132,44.753736829208528
RET-10271,2025-06-08,Retail,San Bernardo,Rancagua,2.553,18089,1645,5419,2773,9837,8252,45.618884404886948
RET-10440,2025-06-08,Retail,San Bernardo,Rancagua,3.989,27399,2613,8738,4161,15512,11887,43.384795065513337
RET-13056,2025-06-09,Retail,San Bernardo,Antofagasta,1.172,15153,750,7003,1167,8920,6233,41.133768890648717
RET-12918,2025-06-10,Retail,San Bernardo,Rancagua,2.352,16598,1642,5014,2365,9021,7577,45.650078322689481
RET-13414,2025-06-10,Retail,San Bernardo,Concepción,4.642,42025,3207,15112,5046,23365,18660,44.402141582391437
RET-10176,2025-06-12,Retail,San Bernardo,La Serena,5.709,50409,3462,18776,5817,28055,22354,44.345255807494695
RET-12171,2025-06-12,Retail,San Bernardo,Valparaíso,5.615,42316,3566,12816,6781,23163,19153,45.261839493335856
RET-10162,2025-06-14,Retail,San Bernardo,Valparaíso,4.407,32649,2944,10147,4964,18055,14594,44.699684523262576
RET-10826,2025-06-14,Retail,San Bernardo,Rancagua,4.077,28108,2647,9121,4169,15937,12171,43.300839618613921
RET-13055,2025-06-14,Retail,San Bernardo,Concepción,1.878,17584,1124,6519,2150,9793,7791,44.307324840764331
RET-10438,2025-06-15,Retail,San Bernardo,Antofagasta,1.692,21948,1134,9747,1780,12661,9287,42.313650446509932
RET-11106,2025-06-15,Retail,San Bernardo,La Serena,2.259,20384,1349,7500,2304,11153,9231,45.2855180533752
RET-11330,2025-06-15,Retail,San Bernardo,La Serena,4.628,41291,3149,14340,4926,22415,18876,45.714562495459063
RET-12458,2025-06-15,Retail,San Bernardo,Concepción,1.558,14124,984,5169,1754,7907,6217,44.017275559331637
RET-11468,2025-06-16,Retail,San Bernardo,Puerto Montt,5.647,64213,3987,27746,5614,37347,26866,41.838879977574635
RET-13434,2025-06-16,Retail,San Bernardo,Antofagasta,2.182,27926,1445,12293,2420,16158,11768,42.139941273365324
RET-11637,2025-06-17,Retail,San Bernardo,Concepción,1.044,9713,739,3609,1229,5577,4136,42.582106455266135
RET-12731,2025-06-17,Retail,San Bernardo,Valparaíso,1.886,14133,1135,4696,2192,8023,6110,43.23215170169108
RET-10062,2025-06-18,Retail,San Bernardo,Rancagua,4.648,32571,2983,10420,4638,18041,14530,44.6102360995978
RET-10363,2025-06-18,Retail,San Bernardo,La Serena,1.097,9768,756,3420,1262,5438,4330,44.328419328419329
RET-10405,2025-06-18,Retail,San Bernardo,Concepción,4.379,39901,2856,14682,5122,22660,17241,43.209443372346556
RET-11858,2025-06-18,Retail,San Bernardo,Valparaíso,5.778,43858,3872,14022,6177,24071,19787,45.116056363719274
RET-12489,2025-06-18,Retail,San Bernardo,Valparaíso,4.104,31342,2721,9977,4906,17604,13738,43.832556952332332
RET-12696,2025-06-18,Retail,San Bernardo,Concepción,3.75,34186,2244,12605,4135,18984,15202,44.468495875504594
RET-12679,2025-06-19,Retail,San Bernardo,La Serena,1.706,15282,1059,5593,1951,8603,6679,43.705012432927624
RET-10114,2025-06-20,Retail,San Bernardo,La Serena,2.243,20261,1474,6978,2518,10970,9291,45.856571738808547
RET-13421,2025-06-20,Retail,San Bernardo,Concepción,1.501,14051,1047,5110,1678,7835,6216,44.238844210376485
RET-13460,2025-06-20,Retail,San Bernardo,Concepción,2.061,18688,1226,6952,2140,10318,8370,44.788099315068493
RET-11547,2025-06-21,Retail,San Bernardo,Rancagua,1.842,12715,1315,4182,2077,7574,5141,40.432559968541092
RET-13148,2025-06-21,Retail,San Bernardo,La Serena,4.444,39951,2739,14287,5220,22246,17705,44.316788065380095
RET-10007,2025-06-23,Retail,San Bernardo,Concepción,4.728,42836,3244,15867,5387,24498,18338,42.809786161172845
RET-10830,2025-06-23,Retail,San Bernardo,La Serena,4.766,43220,3353,14890,4843,23086,20134,46.58491439148542
RET-12385,2025-06-23,Retail,San Bernardo,La Serena,1.651,14854,1060,5430,1784,8274,6580,44.297832233741751
RET-12472,2025-06-23,Retail,San Bernardo,Rancagua,1.369,9749,821,2936,1635,5392,4357,44.691763257770027
RET-10494,2025-06-24,Retail,San Bernardo,La Serena,5.156,45941,3325,15939,5562,24826,21115,45.961124050412479
RET-11894,2025-06-24,Retail,San Bernardo,Rancagua,2.237,15502,1438,4791,2305,8534,6968,44.949038833698879
RET-12117,2025-06-24,Retail,San Bernardo,Temuco,1.901,19993,1170,7991,2124,11285,8708,43.555244335517429
RET-10825,2025-06-25,Retail,San Bernardo,Rancagua,5.889,40422,3694,12353,6915,22962,17460,43.194300133590616
RET-12743,2025-06-25,Retail,San Bernardo,Valparaíso,4.807,36492,3053,11747,4872,19672,16820,46.092294201468818
RET-11551,2025-06-26,Retail,San Bernardo,Valparaíso,1.721,12798,1029,4041,2032,7102,5696,44.506954211595563
RET-12626,2025-06-26,Retail,San Bernardo,Rancagua,1.013,6971,661,2258,1023,3942,3029,43.451441686988957
RET-13212,2025-06-26,Retail,San Bernardo,La Serena,4.581,41793,2991,15165,5178,23334,18459,44.167683583375208
RET-10077,2025-06-28,Retail,San Bernardo,Valparaíso,4.214,31038,2614,9818,4358,16790,14248,45.905019653328175
RET-11276,2025-06-28,Retail,San Bernardo,Valparaíso,4.291,32296,2593,10039,5126,17758,14538,45.014862521674509
RET-11651,2025-06-28,Retail,San Bernardo,Concepción,3.361,31473,2054,11899,3886,17839,13634,43.319670828964504
RET-12148,2025-06-28,Retail,San Bernardo,Concepción,2.469,23147,1659,8234,2572,12465,10682,46.148528967036768
RET-12241,2025-06-28,Retail,San Bernardo,Valparaíso,2.657,19755,1610,6283,2906,10799,8956,45.335358137180457
RET-10697,2025-06-29,Retail,San Bernardo,La Serena,5.307,47224,3175,17182,5456,25813,21411,45.339234287650349
RET-11596,2025-06-29,Retail,San Bernardo,Valparaíso,5.923,44740,4037,13777,6955,24769,19971,44.637907912382659
RET-12289,2025-06-29,Retail,San Bernardo,Rancagua,1.413,9736,990,3078,1408,5476,4260,43.755135579293345
RET-10309,2025-07-01,Retail,San Bernardo,La Serena,2.727,24486,1731,9110,3287,14128,10358,42.301723433798905
RET-10503,2025-07-01,Retail,San Bernardo,Valparaíso,2.252,16920,1606,5595,2362,9563,7357,43.481087470449168
RET-10529,2025-07-02,Retail,San Bernardo,Valparaíso,3.676,27415,2234,9030,3800,15064,12351,45.051978843698706
RET-13395,2025-07-02,Retail,San Bernardo,La Serena,3.767,33817,2204,11728,3813,17745,16072,47.526392051335122
RET-10516,2025-07-03,Retail,San Bernardo,Concepción,1.931,17880,1253,6490,2039,9782,8098,45.290827740492169
RET-11218,2025-07-04,Retail,San Bernardo,Antofagasta,4,52887,2472,22964,4403,29839,23048,43.579707678635579
RET-11718,2025-07-04,Retail,San Bernardo,Puerto Montt,1.703,19455,1089,8427,1820,11336,8119,41.732202518632747
RET-10791,2025-07-05,Retail,San Bernardo,La Serena,3.771,34190,2369,11981,4216,18566,15624,45.6975723895876
RET-12460,2025-07-05,Retail,San Bernardo,La Serena,3.532,31935,2095,10773,3822,16690,15245,47.737591983716925
RET-12748,2025-07-05,Retail,San Bernardo,Concepción,2.192,20017,1364,7661,2406,11431,8586,42.893540490583007
RET-13197,2025-07-05,Retail,San Bernardo,Valparaíso,4.283,32108,2623,9836,4306,16765,15343,47.785598604709108
RET-10625,2025-07-06,Retail,San Bernardo,Rancagua,4.572,31551,2710,9689,5482,17881,13670,43.326677442870277
RET-11715,2025-07-06,Retail,San Bernardo,Rancagua,5.648,39567,3778,12025,5920,21723,17844,45.098187883842591
RET-10043,2025-07-08,Retail,San Bernardo,Valparaíso,5.827,43108,3818,13734,6444,23996,19112,44.335158207293311
RET-10714,2025-07-08,Retail,San Bernardo,Rancagua,4.064,28576,2760,8503,4754,16017,12559,43.949468085106389
RET-12008,2025-07-08,Retail,San Bernardo,Concepción,4.294,38947,2774,14309,4659,21742,17205,44.175417875574496
RET-12186,2025-07-08,Retail,San Bernardo,Valparaíso,1.771,13414,1084,4102,1780,6966,6448,48.0691814522141
RET-11677,2025-07-09,Retail,San Bernardo,Valparaíso,4.466,32933,3139,10311,5140,18590,14343,43.552060243524728
RET-11688,2025-07-09,Retail,San Bernardo,Concepción,2.904,26527,1722,9820,3090,14632,11895,44.841105288950878
RET-12722,2025-07-09,Retail,San Bernardo,Valparaíso,2.939,22387,1943,7236,3344,12523,9864,44.061285567516862
RET-13045,2025-07-09,Retail,San Bernardo,Antofagasta,2.216,29290,1384,12976,2405,16765,12525,42.762034824172076
RET-11402,2025-07-10,Retail,San Bernardo,Rancagua,2.97,21072,1788,6688,3290,11766,9306,44.162870159453306
RET-10772,2025-07-11,Retail,San Bernardo,Concepción,1.506,13881,995,4975,1620,7590,6291,45.320942295223688
RET-12062,2025-07-11,Retail,San Bernardo,Temuco,5.073,54102,3464,21444,5689,30597,23505,43.445713651990687
RET-13191,2025-07-11,Retail,San Bernardo,Puerto Montt,4.159,48465,2842,19287,4710,26839,21626,44.621892087073142
RET-13364,2025-07-11,Retail,San Bernardo,Valparaíso,3.567,26496,2381,8660,3594,14635,11861,44.765247584541065
RET-11704,2025-07-12,Retail,San Bernardo,La Serena,2.926,26209,1959,9271,3293,14523,11686,44.587737036895724
RET-12284,2025-07-12,Retail,San Bernardo,Rancagua,5.724,40823,4036,12594,5944,22574,18249,44.702741101829851
RET-11495,2025-07-13,Retail,San Bernardo,Antofagasta,2.338,29793,1654,13666,2357,17677,12116,40.66727083543114
RET-10931,2025-07-14,Retail,San Bernardo,Valparaíso,3.559,26302,2314,8291,4255,14860,11442,43.502395255113683
RET-11622,2025-07-14,Retail,San Bernardo,Concepción,1.371,12606,890,4715,1450,7055,5551,44.034586704743774
RET-11784,2025-07-14,Retail,San Bernardo,Rancagua,4.87,34751,3194,10880,5620,19694,15057,43.328249546775631
RET-10460,2025-07-16,Retail,San Bernardo,La Serena,4.433,40401,3053,13580,5111,21744,18657,46.179550011138339
RET-11059,2025-07-16,Retail,San Bernardo,Rancagua,4.587,31894,3240,10581,4879,18700,13194,41.368282435567814
RET-11072,2025-07-16,Retail,San Bernardo,Puerto Montt,5.677,65745,3703,28290,6329,38322,27423,41.711156741957559
RET-11571,2025-07-16,Retail,San Bernardo,Puerto Montt,4.656,54031,2891,23443,4858,31192,22839,42.270178231015528
RET-11720,2025-07-16,Retail,San Bernardo,Temuco,4.526,47723,3205,18496,4933,26634,21089,44.190432286318966
RET-11855,2025-07-16,Retail,San Bernardo,La Serena,5.514,50351,3361,17743,6345,27449,22902,45.484697424082938
RET-13256,2025-07-16,Retail,San Bernardo,Rancagua,3.095,21803,2169,7107,3683,12959,8844,40.563225244232441
RET-10564,2025-07-17,Retail,San Bernardo,Temuco,4.313,44442,2733,18128,4964,25825,18617,41.890553980468923
RET-13088,2025-07-17,Retail,San Bernardo,Concepción,1.174,10676,783,3810,1188,5781,4895,45.850505807418507
RET-13452,2025-07-17,Retail,San Bernardo,Valparaíso,3.573,26319,2157,8913,3678,14748,11571,43.964436338766674
RET-13369,2025-07-18,Retail,San Bernardo,Valparaíso,4.288,31651,2800,10162,4751,17713,13938,44.036523332596126
RET-13183,2025-07-19,Retail,San Bernardo,Antofagasta,3.312,43358,2251,19457,3928,25636,17722,40.873656533972969
RET-10357,2025-07-20,Retail,San Bernardo,Rancagua,4.227,29693,2475,9099,4783,16357,13336,44.912942444347152
RET-10692,2025-07-20,Retail,San Bernardo,La Serena,4.411,40193,2950,14534,4551,22035,18158,45.177020874281595
RET-11237,2025-07-24,Retail,San Bernardo,Puerto Montt,1.713,19766,1176,8036,2013,11225,8541,43.210563594050392
RET-11159,2025-07-25,Retail,San Bernardo,Concepción,3.734,34662,2420,12657,4421,19498,15164,43.748196872655939
RET-10978,2025-07-26,Retail,San Bernardo,Rancagua,1.615,11164,1116,3387,1858,6361,4803,43.022214260121821
RET-11069,2025-07-26,Retail,San Bernardo,Rancagua,1.36,9571,838,2943,1596,5377,4194,43.819872531605888
RET-10872,2025-07-27,Retail,San Bernardo,Temuco,1.505,15893,1021,6457,1729,9207,6686,42.068835336311579
RET-11959,2025-07-29,Retail,San Bernardo,Temuco,1.661,17691,1046,6969,1696,9711,7980,45.107681872138379
RET-12029,2025-07-29,Retail,San Bernardo,La Serena,3.139,27997,2159,9671,3780,15610,12387,44.244026145658466
RET-12555,2025-07-30,Retail,San Bernardo,Valparaíso,3.07,22731,2110,7515,3329,12954,9777,43.011746073643927
RET-10379,2025-07-31,Retail,San Bernardo,Antofagasta,5.551,71059,3379,31589,6178,41146,29913,42.096004728465083
RET-11034,2025-07-31,Retail,San Bernardo,Rancagua,2.646,18425,1805,6034,3054,10893,7532,40.879240162822249
RET-11176,2025-07-31,Retail,San Bernardo,Rancagua,3.305,23555,2060,7262,3551,12873,10682,45.34918276374443
RET-12793,2025-07-31,Retail,San Bernardo,Temuco,2.093,21539,1358,8713,2429,12500,9039,41.965736570871442
RET-10112,2025-08-01,Retail,San Bernardo,Valparaíso,3.103,23395,2019,7088,3149,12256,11139,47.61273776447959
RET-10929,2025-08-01,Retail,San Bernardo,La Serena,1.981,17730,1205,6488,2047,9740,7990,45.064861816130851
RET-11067,2025-08-01,Retail,San Bernardo,Rancagua,1.549,10814,992,3568,1692,6252,4562,42.186055113741446
RET-11113,2025-08-01,Retail,San Bernardo,Valparaíso,1.302,9599,832,3024,1318,5174,4425,46.098551932492967
RET-11121,2025-08-01,Retail,San Bernardo,Valparaíso,4.95,37479,3266,11457,5775,20498,16981,45.308039168601084
RET-13219,2025-08-01,Retail,San Bernardo,Puerto Montt,4.048,47266,2725,19452,4837,27014,20252,42.846866669487582
RET-13384,2025-08-01,Retail,San Bernardo,La Serena,5.584,50560,3872,17271,6396,27539,23021,45.532041139240512
RET-10227,2025-08-02,Retail,San Bernardo,La Serena,2.839,25556,1889,9442,2930,14261,11295,44.197057442479263
RET-10237,2025-08-02,Retail,San Bernardo,Valparaíso,5.121,39022,3599,12136,5413,21148,17874,45.804930551996307
RET-11787,2025-08-02,Retail,San Bernardo,Rancagua,3.327,23639,1976,7193,3771,12940,10699,45.259951774609753
RET-10022,2025-08-03,Retail,San Bernardo,Valparaíso,1.668,12314,1167,4072,1990,7229,5085,41.294461588435929
RET-11592,2025-08-03,Retail,San Bernardo,Rancagua,4.246,29560,2514,9152,4325,15991,13569,45.903247631935045
RET-12015,2025-08-03,Retail,San Bernardo,Rancagua,2.522,17497,1592,5398,2643,9633,7864,44.944847688175116
RET-12404,2025-08-03,Retail,San Bernardo,La Serena,4.366,38618,3015,14144,4861,22020,16598,42.97995753275675
RET-13255,2025-08-03,Retail,San Bernardo,Concepción,4.835,43926,3291,17061,5835,26187,17739,40.383827345990987
RET-10685,2025-08-04,Retail,San Bernardo,Rancagua,1.335,9452,898,2911,1584,5393,4059,42.943292424883623
RET-10747,2025-08-04,Retail,San Bernardo,La Serena,3.529,31218,2173,11606,4185,17964,13254,42.456275225831256
RET-13185,2025-08-04,Retail,San Bernardo,La Serena,4.552,41421,2891,14844,4764,22499,18922,45.682141908693659
RET-10109,2025-08-05,Retail,San Bernardo,Valparaíso,2.441,18017,1543,5740,2757,10040,7977,44.274851529111395
RET-12293,2025-08-05,Retail,San Bernardo,Valparaíso,3.822,28467,2709,8822,3991,15522,12945,45.4737063968806
RET-10274,2025-08-06,Retail,San Bernardo,Concepción,5.808,53164,3807,20440,6176,30423,22741,42.775186216236548
RET-10376,2025-08-06,Retail,San Bernardo,Valparaíso,5.785,43061,3504,14187,6781,24472,18589,43.168992824133205
RET-11245,2025-08-06,Retail,San Bernardo,Valparaíso,1.021,7634,688,2480,1110,4278,3356,43.961226093790934
RET-11879,2025-08-06,Retail,San Bernardo,La Serena,5.413,48525,3866,16487,6187,26540,21985,45.306543019062339
RET-13448,2025-08-06,Retail,San Bernardo,Valparaíso,4.769,36257,3168,11315,5365,19848,16409,45.2574675235127
RET-10225,2025-08-07,Retail,San Bernardo,La Serena,4.585,41037,2892,15048,5325,23265,17772,43.3072593025806
RET-10282,2025-08-07,Retail,San Bernardo,Temuco,5.565,57978,3816,23729,6721,34266,23712,40.898271758253131
RET-10602,2025-08-07,Retail,San Bernardo,Valparaíso,1.976,14832,1270,4880,2349,8499,6333,42.698220064724914
RET-13002,2025-08-07,Retail,San Bernardo,La Serena,1.789,16023,1133,5809,2006,8948,7075,44.155276789614931
RET-12118,2025-08-08,Retail,San Bernardo,La Serena,3.275,29500,2301,10463,3585,16349,13151,44.579661016949153
RET-12948,2025-08-08,Retail,San Bernardo,Concepción,2.171,19829,1492,7276,2342,11110,8719,43.970951636492
RET-12951,2025-08-09,Retail,San Bernardo,Rancagua,2.235,15687,1308,4679,2282,8269,7418,47.287562950213555
RET-10430,2025-08-10,Retail,San Bernardo,Temuco,2.274,23410,1517,9504,2281,13302,10108,43.178129004698846
RET-10684,2025-08-10,Retail,San Bernardo,Rancagua,2.567,17865,1642,5922,2716,10280,7585,42.457318779736916
RET-11369,2025-08-10,Retail,San Bernardo,Concepción,3.426,31174,2397,11686,3839,17922,13252,42.509783794187463
RET-11652,2025-08-10,Retail,San Bernardo,Temuco,1.666,17234,1176,6713,1650,9539,7695,44.6501102471858
RET-12379,2025-08-10,Retail,San Bernardo,Rancagua,3.3,23061,1942,7270,3802,13014,10047,43.567061272277876
RET-10828,2025-08-11,Retail,San Bernardo,Concepción,5.226,48883,3073,17064,6244,26381,22502,46.032362989178246
RET-11574,2025-08-11,Retail,San Bernardo,La Serena,1.257,11188,793,4194,1416,6403,4785,42.769038255273507
RET-11993,2025-08-11,Retail,San Bernardo,Temuco,1.479,15379,1028,6366,1786,9180,6199,40.308212497561605
RET-11053,2025-08-13,Retail,San Bernardo,Valparaíso,5.002,38030,3051,11553,5649,20253,17777,46.744675256376546
RET-11690,2025-08-13,Retail,San Bernardo,Rancagua,5.238,36422,3498,11800,5226,20524,15898,43.649442644555485
RET-12021,2025-08-13,Retail,San Bernardo,Valparaíso,3.046,22995,1892,7557,3154,12603,10392,45.192433137638616
RET-12838,2025-08-13,Retail,San Bernardo,Rancagua,4.203,29656,2562,9503,5034,17099,12557,42.342190450499054
RET-10364,2025-08-14,Retail,San Bernardo,Concepción,4.141,38481,2658,14266,4543,21467,17014,44.214027701982793
RET-11536,2025-08-14,Retail,San Bernardo,Rancagua,3.211,22678,2157,7261,3515,12933,9745,42.971161478084483
RET-11767,2025-08-15,Retail,San Bernardo,Temuco,3.964,41369,2829,16222,4685,23736,17633,42.623703739515094
RET-10631,2025-08-16,Retail,San Bernardo,Valparaíso,5.785,43413,3494,13395,6501,23390,20023,46.122129316103475
RET-11703,2025-08-16,Retail,San Bernardo,La Serena,5.555,50570,3857,18414,6624,28895,21675,42.861380264979239
RET-11748,2025-08-16,Retail,San Bernardo,Concepción,4.357,40497,2832,14399,5095,22326,18171,44.86999036965701
RET-12290,2025-08-16,Retail,San Bernardo,Valparaíso,2.162,16038,1368,5040,2190,8598,7440,46.389824167601944
RET-11088,2025-08-17,Retail,San Bernardo,La Serena,1.094,9811,728,3502,1292,5522,4289,43.716236876974826
RET-11133,2025-08-17,Retail,San Bernardo,Valparaíso,4.84,36352,2964,11578,5423,19965,16387,45.078675176056336
RET-11452,2025-08-17,Retail,San Bernardo,Temuco,4.956,53007,3284,21228,5844,30356,22651,42.732091987850666
RET-12281,2025-08-17,Retail,San Bernardo,Valparaíso,1.624,12243,1071,3996,1877,6944,5299,43.281875357347054
RET-13205,2025-08-17,Retail,San Bernardo,Valparaíso,3.694,27310,2281,8808,4113,15202,12108,44.335408275357011
RET-10255,2025-08-18,Retail,San Bernardo,Rancagua,1.892,13289,1241,4318,2139,7698,5591,42.072390699074425
RET-11605,2025-08-19,Retail,San Bernardo,Temuco,3.166,32672,2133,13130,3740,19003,13669,41.837047012732612
RET-12136,2025-08-19,Retail,San Bernardo,Antofagasta,5.356,68606,3537,30689,5943,40169,28437,41.449727429087837
RET-10359,2025-08-20,Retail,San Bernardo,Valparaíso,1.863,13972,1199,4593,1879,7671,6301,45.09733753220727
RET-10895,2025-08-20,Retail,San Bernardo,La Serena,2.47,21832,1606,7652,2532,11790,10042,45.996702088677175
RET-11373,2025-08-20,Retail,San Bernardo,Rancagua,5.103,35290,3337,10944,5791,20072,15218,43.122697648058939
RET-12622,2025-08-21,Retail,San Bernardo,Rancagua,3.469,24286,2277,7771,3636,13684,10602,43.654780531993744
RET-13066,2025-08-21,Retail,San Bernardo,Concepción,4.242,38710,3004,14079,4864,21947,16763,43.304055799535
RET-12852,2025-08-22,Retail,San Bernardo,Valparaíso,2.438,18633,1664,6015,2562,10241,8392,45.038372779477271
RET-13291,2025-08-23,Retail,San Bernardo,Rancagua,5.524,38943,3904,11846,5888,21638,17305,44.43674087769304
RET-12114,2025-08-24,Retail,San Bernardo,Valparaíso,5.079,37986,3574,11907,6029,21510,16476,43.373874585373557
RET-12516,2025-08-24,Retail,San Bernardo,Rancagua,5.52,38050,3567,11824,6674,22065,15985,42.010512483574246
RET-12616,2025-08-24,Retail,San Bernardo,Valparaíso,1.985,15098,1396,4921,2287,8604,6494,43.012319512518218
RET-12976,2025-08-24,Retail,San Bernardo,Valparaíso,2.747,20886,1938,6660,2965,11563,9323,44.637556257780332
RET-13374,2025-08-24,Retail,San Bernardo,Temuco,5.303,56427,3250,22108,5966,31324,25103,44.487568008223015
RET-10701,2025-08-25,Retail,San Bernardo,Rancagua,3.274,23283,2124,7169,3808,13101,10182,43.731477902332173
RET-10900,2025-08-25,Retail,San Bernardo,Valparaíso,5.765,43272,3509,13293,6394,23196,20076,46.3948973932335
RET-11550,2025-08-25,Retail,San Bernardo,La Serena,4.013,36116,2384,12861,4087,19332,16784,46.472477572267138
RET-12168,2025-08-25,Retail,San Bernardo,Puerto Montt,2.76,31553,1754,13682,3161,18597,12956,41.06107184736792
RET-12794,2025-08-25,Retail,San Bernardo,Temuco,1.479,15446,1044,5908,1591,8543,6903,44.691182183089474
RET-13418,2025-08-27,Retail,San Bernardo,Rancagua,5.093,34942,3008,10786,5512,19306,15636,44.748440272451489
RET-11779,2025-08-28,Retail,San Bernardo,Temuco,2.058,21744,1234,8310,2053,11597,10147,46.665746872700517
RET-13280,2025-08-28,Retail,San Bernardo,Valparaíso,1.578,11739,1065,3778,1708,6551,5188,44.194565124797684
RET-13303,2025-08-28,Retail,San Bernardo,Concepción,2.333,21617,1584,7777,2798,12159,9458,43.752602118702875
RET-10375,2025-08-29,Retail,San Bernardo,Rancagua,5.749,39731,3672,12287,6779,22738,16993,42.7701291183207
RET-10611,2025-08-29,Retail,San Bernardo,Antofagasta,1.26,16432,822,7217,1483,9522,6910,42.052093476144108
RET-12453,2025-08-29,Retail,San Bernardo,Valparaíso,5.253,38693,3131,13225,6064,22420,16273,42.056702762773632
RET-11443,2025-08-30,Retail,San Bernardo,Valparaíso,3.488,25805,2152,8548,3559,14259,11546,44.743266808757994
RET-11898,2025-08-30,Retail,San Bernardo,Rancagua,1.534,10774,907,3522,1629,6058,4716,43.772043809170228
RET-13435,2025-08-30,Retail,San Bernardo,Temuco,5.999,62880,4043,24797,7077,35917,26963,42.88008905852417
RET-10620,2025-08-31,Retail,San Bernardo,Rancagua,2.181,15017,1305,4809,2488,8602,6415,42.718252647000064
RET-10824,2025-08-31,Retail,San Bernardo,Rancagua,2.896,20361,1748,6164,3317,11229,9132,44.850449388536909
RET-12165,2025-08-31,Retail,San Bernardo,La Serena,4.62,41922,2784,14117,5427,22328,19594,46.739182290921235
RET-10211,2025-09-01,Retail,San Bernardo,Rancagua,5.818,40648,3978,13063,6423,23464,17184,42.275142688447154
RET-10344,2025-09-01,Retail,San Bernardo,Concepción,5.622,51878,3754,19387,6323,29464,22414,43.205212228690385
RET-11886,2025-09-01,Retail,San Bernardo,Rancagua,1.633,11222,1018,3751,1957,6726,4496,40.064159686330427
RET-12263,2025-09-01,Retail,San Bernardo,Valparaíso,3.866,29396,2731,9064,4343,16138,13258,45.10137433664444
RET-10458,2025-09-02,Retail,San Bernardo,Valparaíso,2.144,15976,1426,4922,2133,8481,7495,46.914121181772664
RET-12225,2025-09-02,Retail,San Bernardo,Rancagua,2.485,17315,1543,5439,2670,9652,7663,44.256425064972568
RET-13427,2025-09-02,Retail,San Bernardo,Puerto Montt,5.012,58063,3155,23412,5339,31906,26157,45.049342955066045
RET-10508,2025-09-04,Retail,San Bernardo,Puerto Montt,2.946,33527,1810,14129,3027,18966,14561,43.430667819966
RET-10672,2025-09-04,Retail,San Bernardo,Temuco,1.064,11315,647,4451,1156,6254,5061,44.728236853733982
RET-12146,2025-09-04,Retail,San Bernardo,Rancagua,4.154,29644,2891,9374,4273,16538,13106,44.211307515854806
RET-11092,2025-09-05,Retail,San Bernardo,La Serena,4.299,39117,3001,13696,4599,21296,17821,45.558197203262004
RET-11309,2025-09-05,Retail,San Bernardo,La Serena,4.913,43536,2914,15185,5698,23797,19739,45.339489158397647
RET-12478,2025-09-05,Retail,San Bernardo,Rancagua,2.698,18863,1814,5794,3203,10811,8052,42.6867412394635
RET-12648,2025-09-05,Retail,San Bernardo,Valparaíso,4.776,36314,3393,11537,5432,20362,15952,43.927961667676378
RET-10103,2025-09-07,Retail,San Bernardo,Concepción,3.387,31378,2322,12052,4015,18389,12989,41.395245076168017
RET-10138,2025-09-07,Retail,San Bernardo,Antofagasta,3.461,44949,2304,19085,3859,25248,19701,43.829673630114129
RET-13097,2025-09-07,Retail,San Bernardo,Rancagua,4.901,34302,2988,11204,5771,19963,14339,41.802227275377533
RET-13239,2025-09-07,Retail,San Bernardo,Concepción,4.765,43207,3156,15641,5114,23911,19296,44.659430184923735
RET-10673,2025-09-08,Retail,San Bernardo,Antofagasta,2.276,29076,1523,13204,2536,17263,11813,40.62800935479433
RET-12278,2025-09-08,Retail,San Bernardo,Valparaíso,4.921,37341,3232,12288,4997,20517,16824,45.0550333413674
RET-12739,2025-09-08,Retail,San Bernardo,Puerto Montt,1.135,13146,756,5679,1284,7719,5427,41.282519397535374
RET-13006,2025-09-08,Retail,San Bernardo,La Serena,3.622,32057,2498,11500,3915,17913,14144,44.121408740680664
RET-10612,2025-09-09,Retail,San Bernardo,Valparaíso,3.221,24019,2064,7398,3268,12730,11289,47.000291435946536
RET-12662,2025-09-09,Retail,San Bernardo,Concepción,4.182,38188,2641,14577,4987,22205,15983,41.85346182046716
RET-12630,2025-09-10,Retail,San Bernardo,Antofagasta,5.018,64194,2971,29802,5958,38731,25463,39.665700844315666
RET-10159,2025-09-11,Retail,San Bernardo,Rancagua,1.839,13124,1184,3894,1907,6985,6139,46.776897287412375
RET-10399,2025-09-11,Retail,San Bernardo,Concepción,5.267,48053,3397,18486,5960,27843,20210,42.057727925415691
RET-11952,2025-09-12,Retail,San Bernardo,Valparaíso,1.419,10622,992,3339,1485,5816,4806,45.245716437582381
RET-12466,2025-09-12,Retail,San Bernardo,Valparaíso,3.235,24272,1907,7418,3668,12993,11279,46.469182597231381
RET-12791,2025-09-12,Retail,San Bernardo,Concepción,1.519,14177,988,5180,1699,7867,6310,44.508711292939267
RET-12572,2025-09-14,Retail,San Bernardo,Concepción,4,36803,2844,13082,4408,20334,16469,44.749069369344888
RET-12978,2025-09-14,Retail,San Bernardo,La Serena,1.086,9605,756,3400,1151,5307,4298,44.747527329515876
RET-10737,2025-09-15,Retail,San Bernardo,La Serena,5.847,51731,3676,18488,6728,28892,22839,44.149542827318243
RET-12033,2025-09-15,Retail,San Bernardo,Rancagua,4.004,27856,2671,9118,4216,16005,11851,42.543796668581273
RET-13104,2025-09-15,Retail,San Bernardo,La Serena,4.952,45407,3127,15086,5574,23787,21620,47.613804039024821
RET-10504,2025-09-16,Retail,San Bernardo,Valparaíso,2.316,17440,1415,5733,2559,9707,7733,44.340596330275226
RET-12820,2025-09-16,Retail,San Bernardo,Valparaíso,3.59,27155,2266,8501,3614,14381,12774,47.0410605781624
RET-10174,2025-09-17,Retail,San Bernardo,Rancagua,1.791,12764,1187,3994,2149,7330,5434,42.57286117204638
RET-11845,2025-09-17,Retail,San Bernardo,Valparaíso,1.736,12804,1070,4264,2038,7372,5432,42.424242424242422
RET-10051,2025-09-18,Retail,San Bernardo,Rancagua,3.636,25239,2511,7773,3608,13892,11347,44.958199611712033
RET-10351,2025-09-18,Retail,San Bernardo,Rancagua,5.137,35634,3490,11103,5149,19742,15892,44.597855980243587
RET-10836,2025-09-18,Retail,San Bernardo,Concepción,2.169,19957,1328,7607,2517,11452,8505,42.616625745352508
RET-12824,2025-09-18,Retail,San Bernardo,Rancagua,1.696,12053,1100,3605,2012,6717,5336,44.271135816809092
RET-11180,2025-09-19,Retail,San Bernardo,Valparaíso,2.851,21321,1793,6777,3321,11891,9430,44.228694714131606
RET-10220,2025-09-20,Retail,San Bernardo,Rancagua,2.566,17755,1543,5576,2845,9964,7791,43.880597014925371
RET-10485,2025-09-21,Retail,San Bernardo,Puerto Montt,3.158,36297,1881,14464,3452,19797,16500,45.45830233903628
RET-10973,2025-09-21,Retail,San Bernardo,Rancagua,5.485,37855,3698,11825,6115,21638,16217,42.839783383965127
RET-11162,2025-09-21,Retail,San Bernardo,Temuco,2.293,23849,1618,9782,2327,13727,10122,42.442031112415613
RET-11163,2025-09-21,Retail,San Bernardo,Valparaíso,3.97,30076,2464,9881,4025,16370,13706,45.571219577071417
RET-12325,2025-09-21,Retail,San Bernardo,Valparaíso,2.682,20086,1867,6239,3013,11119,8967,44.643034949716224
RET-12533,2025-09-21,Retail,San Bernardo,La Serena,1.87,17039,1193,6050,2038,9281,7758,45.530841011796468
RET-10483,2025-09-22,Retail,San Bernardo,Concepción,4.661,43554,2977,16327,5122,24426,19128,43.9178950268632
RET-10073,2025-09-23,Retail,San Bernardo,Concepción,1.237,11262,857,4358,1326,6541,4721,41.919730065707689
RET-10632,2025-09-23,Retail,San Bernardo,Concepción,4.278,38841,2562,13818,4331,20711,18130,46.677479982492727
RET-10763,2025-09-23,Retail,San Bernardo,Valparaíso,5.699,42082,3832,13174,6299,23305,18777,44.62002756522979
RET-11908,2025-09-23,Retail,San Bernardo,Rancagua,4.835,33958,3303,10800,4897,19000,14958,44.048530537723067
RET-13249,2025-09-23,Retail,San Bernardo,La Serena,4.534,41130,2703,14197,5376,22276,18854,45.840019450522732
RET-13366,2025-09-23,Retail,San Bernardo,La Serena,2.839,25659,1806,9406,3283,14495,11164,43.509100120815312
RET-11321,2025-09-24,Retail,San Bernardo,La Serena,5.432,48963,3679,17083,6048,26810,22153,45.2443681963932
RET-12707,2025-09-24,Retail,San Bernardo,Valparaíso,4.243,31816,2510,9910,4690,17110,14706,46.222026653256222
RET-10349,2025-09-26,Retail,San Bernardo,Puerto Montt,4.134,48132,2948,20070,4919,27937,20195,41.957533449680042
RET-10512,2025-09-26,Retail,San Bernardo,Rancagua,4.668,33188,2829,10501,5078,18408,14780,44.534168976738577
RET-11510,2025-09-26,Retail,San Bernardo,Concepción,3.033,27510,1816,10749,3019,15584,11926,43.351508542348242
RET-10031,2025-09-27,Retail,San Bernardo,La Serena,5.987,54125,4005,18286,7058,29349,24776,45.775519630484993
RET-10742,2025-09-27,Retail,San Bernardo,Rancagua,5.739,39912,3689,12206,6774,22669,17243,43.202545600320704
RET-12511,2025-09-27,Retail,San Bernardo,Concepción,2.033,18923,1422,6607,2358,10387,8536,45.10912645986366
RET-13090,2025-09-27,Retail,San Bernardo,La Serena,1.823,16674,1184,6004,1937,9125,7549,45.274079405061777
RET-12332,2025-09-28,Retail,San Bernardo,Concepción,2.824,25823,1723,9692,3298,14713,11110,43.023661077334161
RET-13375,2025-09-28,Retail,San Bernardo,Concepción,1.052,9803,741,3558,1171,5470,4333,44.200754870957873
RET-12749,2025-09-29,Retail,San Bernardo,Temuco,2.056,21834,1338,8422,2199,11959,9875,45.227626637354582
RET-11074,2025-09-30,Retail,San Bernardo,Concepción,1.976,18112,1363,6793,2315,10471,7641,42.1875
RET-11851,2025-09-30,Retail,San Bernardo,Temuco,1.084,11221,774,4659,1183,6616,4605,41.039123072809907
RET-10780,2025-10-03,Retail,San Bernardo,Rancagua,5.008,35681,3080,10816,5744,19640,16041,44.956699644068273
RET-13112,2025-10-03,Retail,San Bernardo,Concepción,5.126,47060,3126,17123,5465,25714,21346,45.35911602209945
RET-10526,2025-10-04,Retail,San Bernardo,Concepción,5.383,50100,3164,17614,6339,27117,22983,45.874251497005986
RET-11559,2025-10-04,Retail,San Bernardo,Antofagasta,5.345,70052,3330,32405,6322,42057,27995,39.963170216410667
RET-13217,2025-10-04,Retail,San Bernardo,La Serena,4.45,40166,2714,14610,5314,22638,17528,43.638898570930643
RET-10769,2025-10-05,Retail,San Bernardo,Concepción,2.226,20443,1444,7551,2496,11491,8952,43.790050383994519
RET-10963,2025-10-05,Retail,San Bernardo,Antofagasta,4.627,60030,2861,25545,5263,33669,26361,43.913043478260875
RET-12441,2025-10-05,Retail,San Bernardo,Temuco,5.698,60551,4059,24523,6470,35052,25499,42.111608396227972
RET-13025,2025-10-05,Retail,San Bernardo,La Serena,1.583,14365,1093,5243,1769,8105,6260,43.578141315697877
RET-10023,2025-10-06,Retail,San Bernardo,Temuco,3.776,39588,2468,15574,4284,22326,17262,43.60412246135192
RET-10656,2025-10-06,Retail,San Bernardo,Temuco,3.402,35442,2177,13598,3905,19680,15762,44.472659556458439
RET-10917,2025-10-06,Retail,San Bernardo,Temuco,5.67,60427,3859,23063,5990,32912,27515,45.534281033312922
RET-12221,2025-10-06,Retail,San Bernardo,Concepción,5.121,46208,3629,17465,6142,27236,18972,41.057825484764543
RET-12901,2025-10-06,Retail,San Bernardo,Rancagua,4.271,30383,2755,9224,4854,16833,13550,44.597307704966596
RET-10367,2025-10-07,Retail,San Bernardo,Valparaíso,5.145,37820,3440,12550,5841,21831,15989,42.276573241671073
RET-11148,2025-10-07,Retail,San Bernardo,La Serena,3.677,33052,2431,12350,4143,18924,14128,42.744765823550765
RET-11252,2025-10-07,Retail,San Bernardo,Concepción,3.074,28773,1834,10020,3504,15358,13415,46.623570708650469
RET-11786,2025-10-07,Retail,San Bernardo,La Serena,1.722,15522,1179,5365,2026,8570,6952,44.788042777992523
RET-12435,2025-10-07,Retail,San Bernardo,Temuco,1.998,20588,1389,8296,2057,11742,8846,42.966776763163004
RET-12843,2025-10-07,Retail,San Bernardo,Concepción,1.172,10808,778,4017,1338,6133,4675,43.254996299037749
RET-13463,2025-10-07,Retail,San Bernardo,Valparaíso,4.459,34021,3112,10955,4604,18671,15350,45.1191910878575
RET-10194,2025-10-08,Retail,San Bernardo,Rancagua,3.029,20901,1881,6961,3563,12405,8496,40.6487727859911
RET-12397,2025-10-08,Retail,San Bernardo,Valparaíso,4.466,34159,2986,10478,4510,17974,16185,47.381363623056885
RET-10972,2025-10-09,Retail,San Bernardo,Valparaíso,2.737,20533,1851,6873,2796,11520,9013,43.895193103784152
RET-11911,2025-10-10,Retail,San Bernardo,Antofagasta,1.829,23739,1246,10304,2086,13636,10103,42.558658747209236
RET-11808,2025-10-11,Retail,San Bernardo,Concepción,5.783,52488,3479,19607,6956,30042,22446,42.764060356652948
RET-12144,2025-10-11,Retail,San Bernardo,Rancagua,5.941,41520,3804,13258,6348,23410,18110,43.617533718689785
RET-13064,2025-10-11,Retail,San Bernardo,Concepción,2.211,20610,1297,7334,2377,11008,9602,46.589034449296456
RET-12880,2025-10-12,Retail,San Bernardo,Rancagua,2.951,20480,1975,6797,2924,11696,8784,42.890625
RET-11003,2025-10-13,Retail,San Bernardo,La Serena,3.204,28980,1945,10628,3560,16133,12847,44.330572808833679
RET-11331,2025-10-13,Retail,San Bernardo,Concepción,2.353,21320,1389,8270,2368,12027,9293,43.588180112570356
RET-12832,2025-10-13,Retail,San Bernardo,Puerto Montt,3.184,36236,2130,15977,3588,21695,14541,40.128601390882
RET-11296,2025-10-14,Retail,San Bernardo,Rancagua,2.741,19261,1645,6234,2836,10715,8546,44.369451222677952
RET-10113,2025-10-15,Retail,San Bernardo,Temuco,4.816,51053,3300,19305,5716,28321,22732,44.526276614498656
RET-10118,2025-10-15,Retail,San Bernardo,La Serena,2.038,18439,1304,6206,2030,9540,8899,48.261836325180326
RET-10873,2025-10-15,Retail,San Bernardo,Rancagua,3.189,22385,1881,6777,3338,11996,10389,46.410542774179135
RET-12601,2025-10-15,Retail,San Bernardo,Rancagua,5.367,38214,3581,12119,6102,21802,16412,42.947610823258493
RET-10555,2025-10-16,Retail,San Bernardo,Concepción,2.044,18859,1276,7188,2180,10644,8215,43.560103929158494
RET-13488,2025-10-16,Retail,San Bernardo,Valparaíso,2.572,19380,1727,5880,3059,10666,8714,44.963880288957689
RET-12587,2025-10-17,Retail,San Bernardo,Concepción,2.659,24697,1799,8969,2683,13451,11246,45.535895047981533
RET-11491,2025-10-18,Retail,San Bernardo,Concepción,1.555,14331,1103,5374,1820,8297,6034,42.104528644197892
RET-12152,2025-10-18,Retail,San Bernardo,Rancagua,2.455,17066,1610,5619,2883,10112,6954,40.747685456463145
RET-10273,2025-10-19,Retail,San Bernardo,Concepción,3.484,31414,2315,11674,3539,17528,13886,44.203221493601582
RET-10933,2025-10-19,Retail,San Bernardo,Concepción,3.041,28271,1828,10020,3384,15232,13039,46.121467227901377
RET-11011,2025-10-19,Retail,San Bernardo,Temuco,4.567,48280,2689,18575,5488,26752,21528,44.589892294946146
RET-12406,2025-10-19,Retail,San Bernardo,Concepción,3.279,29740,1982,11394,3723,17099,12641,42.50504371217216
RET-12051,2025-10-20,Retail,San Bernardo,Concepción,1.422,12905,850,4975,1649,7474,5431,42.084463386284391
RET-13407,2025-10-22,Retail,San Bernardo,Concepción,4.858,44979,2892,16174,5813,24879,20100,44.6875208430601
RET-10012,2025-10-23,Retail,San Bernardo,Rancagua,3.893,27129,2669,8247,4228,15144,11985,44.177817096096426
RET-12372,2025-10-23,Retail,San Bernardo,Puerto Montt,1.422,16417,1003,6526,1527,9056,7361,44.837668270695012
RET-11737,2025-10-24,Retail,San Bernardo,Valparaíso,1.881,14339,1188,4497,2151,7836,6503,45.35183764558198
RET-12807,2025-10-24,Retail,San Bernardo,Valparaíso,4.629,34593,2782,11536,5531,19849,14744,42.621339577371145
RET-13049,2025-10-25,Retail,San Bernardo,La Serena,4.984,44273,2953,15946,5252,24151,20122,45.449822691030647
RET-11070,2025-10-26,Retail,San Bernardo,La Serena,4.065,35978,2780,13029,4534,20343,15635,43.4571126799711
RET-11932,2025-10-26,Retail,San Bernardo,La Serena,5.485,49929,3898,17623,6046,27567,22362,44.787598389713395
RET-10270,2025-10-27,Retail,San Bernardo,Rancagua,2.467,17395,1724,5589,2541,9854,7541,43.351537798217876
RET-10353,2025-10-27,Retail,San Bernardo,Concepción,3.139,28355,2041,10209,3717,15967,12388,43.6889437488979
RET-10551,2025-10-27,Retail,San Bernardo,La Serena,4.624,40993,3138,14669,5390,23197,17796,43.4122899031542
RET-12495,2025-10-28,Retail,San Bernardo,Rancagua,1.652,11651,978,3541,1965,6484,5167,44.348124624495746
RET-10195,2025-10-29,Retail,San Bernardo,La Serena,2.943,26964,1863,9103,3091,14057,12907,47.867527073134546
RET-10710,2025-10-29,Retail,San Bernardo,Temuco,4.83,49780,3149,19937,4901,27987,21793,43.778625954198475
RET-10163,2025-10-30,Retail,San Bernardo,Valparaíso,1.54,11337,1068,3692,1715,6475,4862,42.886125077180914
RET-10577,2025-10-30,Retail,San Bernardo,Concepción,4.686,43522,2808,16545,4928,24281,19241,44.209824916134373
RET-11292,2025-10-30,Retail,San Bernardo,Valparaíso,3.095,23086,1950,7154,3685,12789,10297,44.602789569436027
RET-10538,2025-10-31,Retail,San Bernardo,Concepción,3.286,29707,2230,11466,3891,17587,12120,40.798465008247213
RET-12423,2025-10-31,Retail,San Bernardo,La Serena,1.388,12399,960,4511,1678,7149,5250,42.342124364868134
RET-12444,2025-10-31,Retail,San Bernardo,Temuco,3.243,34223,2238,13425,3677,19340,14883,43.488297343891539
RET-12554,2025-10-31,Retail,San Bernardo,Rancagua,3.392,23692,2086,7238,3542,12866,10826,45.694749282458211
RET-13198,2025-10-31,Retail,San Bernardo,La Serena,2.055,18762,1370,6703,2135,10208,8554,45.592154354546423
RET-11366,2025-11-01,Retail,San Bernardo,Valparaíso,1.736,12763,1144,4361,1903,7408,5355,41.957220089320693
RET-12661,2025-11-01,Retail,San Bernardo,Valparaíso,5.111,38276,3083,11989,5691,20763,17513,45.75451980353224
RET-13029,2025-11-01,Retail,San Bernardo,Valparaíso,3.415,25850,2071,8001,3497,13569,12281,47.50870406189555
RET-13062,2025-11-01,Retail,San Bernardo,Puerto Montt,1.039,12137,696,5234,1238,7168,4969,40.940924445909204
RET-13265,2025-11-01,Retail,San Bernardo,Rancagua,5.618,39880,3518,12774,5823,22115,17765,44.546138415245743
RET-10770,2025-11-02,Retail,San Bernardo,Antofagasta,4.582,59388,2794,25459,5213,33466,25922,43.648548528322216
RET-10980,2025-11-02,Retail,San Bernardo,Concepción,3.304,29942,2121,10854,3816,16791,13151,43.921581724667689
RET-12166,2025-11-02,Retail,San Bernardo,Temuco,2.485,26470,1722,10313,2685,14720,11750,44.3898753305629
RET-10326,2025-11-03,Retail,San Bernardo,Valparaíso,2.951,22305,1863,6843,3258,11964,10341,46.361802286482849
RET-10356,2025-11-03,Retail,San Bernardo,Valparaíso,4.29,32026,3067,10198,4762,18027,13999,43.711359520389678
RET-10640,2025-11-03,Retail,San Bernardo,Concepción,4.61,42719,3218,16097,4686,24001,18718,43.816568739904959
RET-13344,2025-11-03,Retail,San Bernardo,Puerto Montt,2.257,25706,1513,11079,2239,14831,10875,42.305298373920486
RET-11459,2025-11-04,Retail,San Bernardo,La Serena,4.262,38524,2639,13724,4883,21246,17278,44.849963659017753
RET-11746,2025-11-04,Retail,San Bernardo,Rancagua,1.783,12547,1147,4036,1895,7078,5469,43.588108711245717
RET-13282,2025-11-05,Retail,San Bernardo,Puerto Montt,4.718,54707,2937,23317,4780,31034,23673,43.272341747856764
RET-10008,2025-11-06,Retail,San Bernardo,Temuco,4.486,46234,2927,18212,5398,26537,19697,42.602846390102521
RET-12170,2025-11-08,Retail,San Bernardo,Puerto Montt,4.169,47512,2536,19473,4142,26151,21361,44.959168210136383
RET-10413,2025-11-09,Retail,San Bernardo,Valparaíso,3.255,23943,2197,8111,3921,14229,9714,40.57135697281042
RET-10076,2025-11-10,Retail,San Bernardo,Valparaíso,1.975,15070,1304,4639,2261,8204,6866,45.560716655607166
RET-10515,2025-11-10,Retail,San Bernardo,Antofagasta,1.781,23357,1209,10518,1852,13579,9778,41.863252986256796
RET-11220,2025-11-10,Retail,San Bernardo,Concepción,5.906,53337,3848,19273,6040,29161,24176,45.326883776740353
RET-11583,2025-11-10,Retail,San Bernardo,Concepción,3.391,31773,2251,11654,4098,18003,13770,43.33868378812199
RET-13300,2025-11-10,Retail,San Bernardo,Puerto Montt,1.845,21639,1272,8817,2130,12219,9420,43.532510744489116
RET-12603,2025-11-11,Retail,San Bernardo,La Serena,2.749,24945,1777,8582,3260,13619,11326,45.403888554820604
RET-10565,2025-11-12,Retail,San Bernardo,Concepción,2.864,25924,1742,9725,3147,14614,11310,43.627526616262926
RET-10667,2025-11-12,Retail,San Bernardo,Valparaíso,1.153,8629,701,2668,1241,4610,4019,46.575501216826979
RET-11978,2025-11-13,Retail,San Bernardo,Antofagasta,2.883,37168,1776,16986,2923,21685,15483,41.656801549720193
RET-12426,2025-11-13,Retail,San Bernardo,Valparaíso,2.727,20308,1666,6501,2956,11123,9185,45.228481386645655
RET-10083,2025-11-14,Retail,San Bernardo,Temuco,1.739,18624,1169,7311,2086,10566,8058,43.266752577319586
RET-10648,2025-11-15,Retail,San Bernardo,Puerto Montt,4.375,49498,2665,21343,4790,28798,20700,41.81987150996
RET-10815,2025-11-15,Retail,San Bernardo,Rancagua,4.866,34355,3196,10936,5216,19348,15007,43.68214233735992
RET-10857,2025-11-15,Retail,San Bernardo,Rancagua,3.499,24976,2356,7989,3487,13832,11144,44.618834080717491
RET-11216,2025-11-15,Retail,San Bernardo,La Serena,3.897,34628,2342,13060,4623,20025,14603,42.17107543028763
RET-13250,2025-11-15,Retail,San Bernardo,La Serena,4.525,41140,2702,14918,4542,22162,18978,46.130286825473995
RET-13420,2025-11-16,Retail,San Bernardo,Temuco,5.801,60706,4055,23886,5746,33687,27019,44.507956379929496
RET-11646,2025-11-17,Retail,San Bernardo,Valparaíso,5.356,40327,3724,12814,5892,22430,17897,44.379695985320012
RET-12803,2025-11-17,Retail,San Bernardo,La Serena,2.496,22392,1637,7954,2483,12074,10318,46.0789567702751
RET-12972,2025-11-17,Retail,San Bernardo,La Serena,4.325,39490,3016,13429,4874,21319,18171,46.014180805267159
RET-12541,2025-11-18,Retail,San Bernardo,Rancagua,1.238,8654,864,2859,1251,4974,3680,42.523688467760572
RET-12579,2025-11-18,Retail,San Bernardo,La Serena,4.171,37400,2941,13213,4411,20565,16835,45.013368983957221
RET-13413,2025-11-18,Retail,San Bernardo,Concepción,5.601,52177,3906,19089,6561,29556,22621,43.354351534200894
RET-10800,2025-11-19,Retail,San Bernardo,Rancagua,5.728,40173,3873,12207,6495,22575,17598,43.805541035023523
RET-11683,2025-11-19,Retail,San Bernardo,La Serena,1.656,14904,1011,5337,1802,8150,6754,45.3166935050993
RET-13274,2025-11-19,Retail,San Bernardo,Valparaíso,3.221,24265,2019,7640,3699,13358,10907,44.949515763445291
RET-11621,2025-11-20,Retail,San Bernardo,Temuco,2.504,25774,1525,10212,2639,14376,11398,44.222860246760305
RET-12319,2025-11-20,Retail,San Bernardo,Puerto Montt,2.998,34553,1901,14456,3021,19378,15175,43.918038954649383
RET-12644,2025-11-20,Retail,San Bernardo,Temuco,3.925,42029,2349,16449,4555,23353,18676,44.435984677246665
RET-12761,2025-11-20,Retail,San Bernardo,Concepción,2.563,23896,1512,8881,3004,13397,10499,43.936223635754942
RET-10099,2025-11-21,Retail,San Bernardo,Valparaíso,3.231,24596,1927,8076,3856,13859,10737,43.653439583672146
RET-11304,2025-11-21,Retail,San Bernardo,Concepción,5.923,55174,3612,20294,5950,29856,25318,45.887555732772682
RET-10411,2025-11-22,Retail,San Bernardo,Temuco,2.549,26563,1741,10612,2559,14912,11651,43.861762602115725
RET-11724,2025-11-22,Retail,San Bernardo,Valparaíso,5.442,41526,3835,13476,6211,23522,18004,43.355969753889127
RET-12386,2025-11-22,Retail,San Bernardo,Rancagua,1.233,8609,776,2727,1413,4916,3693,42.896968288999879
RET-11676,2025-11-23,Retail,San Bernardo,Valparaíso,2.998,22405,1796,7425,3598,12819,9586,42.785092613255969
RET-12922,2025-11-23,Retail,San Bernardo,Antofagasta,5.059,64680,3204,30415,5790,39409,25271,39.070810142238713
RET-10723,2025-11-24,Retail,San Bernardo,Puerto Montt,1.027,11715,618,4906,1128,6652,5063,43.218096457533079
RET-12038,2025-11-25,Retail,San Bernardo,Rancagua,1.481,10199,1048,3400,1710,6158,4041,39.621531522698305
RET-11953,2025-11-26,Retail,San Bernardo,Valparaíso,5.986,44719,4174,14437,6803,25414,19305,43.169569981439651
RET-10060,2025-11-27,Retail,San Bernardo,Concepción,3.398,31290,2001,11327,3622,16950,14340,45.829338446788107
RET-12317,2025-11-28,Retail,San Bernardo,Rancagua,1.604,11237,958,3442,1747,6147,5090,45.296787398771912
RET-13231,2025-11-28,Retail,San Bernardo,La Serena,4.573,40824,2994,15236,5385,23615,17209,42.154125024495393
RET-11346,2025-11-29,Retail,San Bernardo,Concepción,2.375,21988,1555,7942,2366,11863,10125,46.047844278697468
RET-10704,2025-12-01,Retail,San Bernardo,La Serena,2.665,23626,1795,8102,2831,12728,10898,46.127148057225092
RET-11781,2025-12-02,Retail,San Bernardo,Valparaíso,1.545,11662,953,3689,1649,6291,5371,46.055565083176127
RET-12334,2025-12-02,Retail,San Bernardo,Temuco,1.545,16455,1007,6655,1705,9367,7088,43.075053175326651
RET-10403,2025-12-03,Retail,San Bernardo,Rancagua,4.796,33727,3251,10746,4889,18886,14841,44.003320781569663
RET-11763,2025-12-03,Retail,San Bernardo,Concepción,5.28,48861,3561,18146,6371,28078,20783,42.534946071508969
RET-12613,2025-12-03,Retail,San Bernardo,Valparaíso,1.011,7519,613,2427,1036,4076,3443,45.790663652081392
RET-13491,2025-12-03,Retail,San Bernardo,Puerto Montt,4.728,54851,2898,22960,5633,31491,23360,42.588102313540318
RET-10045,2025-12-04,Retail,San Bernardo,Temuco,2.744,28256,1631,11077,3202,15910,12346,43.693374858437146
RET-10531,2025-12-04,Retail,San Bernardo,Concepción,2.855,26262,1873,10147,3381,15401,10861,41.356332343309724
RET-12183,2025-12-04,Retail,San Bernardo,Concepción,5.268,47970,3398,18052,5946,27396,20574,42.889305816135085
RET-13200,2025-12-04,Retail,San Bernardo,Rancagua,5.743,39900,3370,12837,5979,22186,17714,44.395989974937343
RET-10423,2025-12-06,Retail,San Bernardo,La Serena,5.3,47412,3135,17383,5543,26061,21351,45.032903062515814
RET-13208,2025-12-07,Retail,San Bernardo,Rancagua,1.967,13725,1341,4111,2058,7510,6215,45.282331511839708
RET-10393,2025-12-08,Retail,San Bernardo,Valparaíso,5.556,42311,3385,13199,6521,23105,19206,45.392451135638481
RET-11580,2025-12-08,Retail,San Bernardo,Valparaíso,4.794,36286,3327,12003,5071,20401,15885,43.777214352642893
RET-10524,2025-12-09,Retail,San Bernardo,La Serena,5.827,52541,3657,17892,6465,28014,24527,46.681639100892639
RET-11119,2025-12-09,Retail,San Bernardo,Puerto Montt,1.627,18673,1041,7671,1782,10494,8179,43.801210303646975
RET-11501,2025-12-09,Retail,San Bernardo,La Serena,4.985,45625,3540,15714,5873,25127,20498,44.927123287671236
RET-11785,2025-12-09,Retail,San Bernardo,Rancagua,1.951,13575,1273,4165,2349,7787,5788,42.637200736648253
RET-12994,2025-12-09,Retail,San Bernardo,Temuco,2.227,23630,1307,8938,2614,12859,10771,45.581887431231486
RET-10807,2025-12-10,Retail,San Bernardo,Valparaíso,1.095,8310,733,2582,1107,4422,3888,46.7870036101083
RET-10901,2025-12-10,Retail,San Bernardo,Rancagua,1.153,8092,764,2445,1294,4503,3589,44.352446861097377
RET-13031,2025-12-10,Retail,San Bernardo,Temuco,3.547,36680,2371,15592,4203,22166,14514,39.56924754634678
RET-12610,2025-12-11,Retail,San Bernardo,Puerto Montt,3.389,38201,2370,15722,3449,21541,16660,43.61142378471768
RET-12939,2025-12-11,Retail,San Bernardo,Concepción,3.27,29669,1966,11102,3836,16904,12765,43.024705922006135
RET-11778,2025-12-12,Retail,San Bernardo,La Serena,3.483,31670,2339,11162,3969,17470,14200,44.83738553836438
RET-12034,2025-12-12,Retail,San Bernardo,Rancagua,3.195,22378,2260,6688,3695,12643,9735,43.502547144516932
RET-12505,2025-12-12,Retail,San Bernardo,La Serena,4.929,44155,3429,15760,4908,24097,20058,45.4263390329521
RET-10544,2025-12-15,Retail,San Bernardo,Puerto Montt,5.34,62380,3167,26505,6202,35874,26506,42.491183071497275
RET-10644,2025-12-15,Retail,San Bernardo,Valparaíso,1.684,12806,1197,3957,1779,6933,5873,45.861315008589727
RET-11342,2025-12-15,Retail,San Bernardo,Concepción,4.423,41030,2981,14800,4681,22462,18568,45.254691689008041
RET-11428,2025-12-15,Retail,San Bernardo,Valparaíso,5.125,38448,3270,12830,5174,21274,17174,44.668123179359135
RET-10721,2025-12-16,Retail,San Bernardo,Valparaíso,2.405,17684,1693,5879,2745,10317,7367,41.659126894367795
RET-12050,2025-12-16,Retail,San Bernardo,La Serena,3.838,34411,2384,12291,4025,18700,15711,45.656912033942639
RET-13110,2025-12-16,Retail,San Bernardo,La Serena,4.236,38701,2566,13035,4719,20320,18381,47.49489677269321
RET-11450,2025-12-17,Retail,San Bernardo,Rancagua,4.613,31937,3195,10203,5568,18966,12971,40.61433447098976
RET-11947,2025-12-17,Retail,San Bernardo,Temuco,5.941,62065,3865,24809,7050,35724,26341,42.440989285426568
RET-12535,2025-12-17,Retail,San Bernardo,Concepción,4.487,40561,3138,15475,5044,23657,16904,41.675501097112985
RET-12786,2025-12-17,Retail,San Bernardo,La Serena,4.978,44629,3402,15843,5163,24408,20221,45.3091039458648
RET-10302,2025-12-19,Retail,San Bernardo,Rancagua,1.908,13414,1318,4138,2163,7619,5795,43.201133144475925
RET-13415,2025-12-20,Retail,San Bernardo,Temuco,5.99,64038,3784,25236,6241,35261,28777,44.93738093007277
RET-11795,2025-12-21,Retail,San Bernardo,Valparaíso,3.254,24739,1940,7883,3635,13458,11281,45.600064675209182
RET-12299,2025-12-21,Retail,San Bernardo,Temuco,5.309,56152,3308,22361,5408,31077,25075,44.655577717623594
RET-12878,2025-12-21,Retail,San Bernardo,Rancagua,3.284,22870,1944,6983,3568,12495,10375,45.365107127240925
RET-10187,2025-12-22,Retail,San Bernardo,Valparaíso,3.172,23878,2132,7424,3629,13185,10693,44.78180752156797
RET-10293,2025-12-22,Retail,San Bernardo,La Serena,2.482,22780,1699,8095,2923,12717,10063,44.1747146619842
RET-12373,2025-12-22,Retail,San Bernardo,Valparaíso,4.002,29729,2355,10048,4621,17024,12705,42.736048975747586
RET-12643,2025-12-22,Retail,San Bernardo,Valparaíso,4.097,31091,2731,9434,4545,16710,14381,46.254543115371007
RET-12068,2025-12-23,Retail,San Bernardo,Concepción,1.288,11640,910,4471,1304,6685,4955,42.56872852233677
RET-10084,2025-12-24,Retail,San Bernardo,Concepción,5.192,47547,3499,17106,6268,26873,20674,43.48118703598545
RET-11058,2025-12-25,Retail,San Bernardo,Concepción,1.435,13356,880,4880,1717,7477,5879,44.017669961066183
RET-11685,2025-12-25,Retail,San Bernardo,Antofagasta,5.92,76392,3564,35840,7024,46428,29964,39.224002513352183
RET-12042,2025-12-25,Retail,San Bernardo,Puerto Montt,2.866,33122,1750,13221,3184,18155,14967,45.187488678219914
RET-12558,2025-12-25,Retail,San Bernardo,La Serena,5.18,45944,3447,17309,5193,25949,19995,43.520372627546578
RET-12716,2025-12-25,Retail,San Bernardo,Concepción,5.533,50772,3901,17912,6106,27919,22853,45.01102970141023
RET-10107,2025-12-26,Retail,San Bernardo,Antofagasta,1.948,25776,1314,11195,2245,14754,11022,42.760707635009311
RET-10553,2025-12-26,Retail,San Bernardo,Concepción,4.188,38894,2525,14309,4615,21449,17445,44.85267650537358
RET-12247,2025-12-26,Retail,San Bernardo,La Serena,5.289,48012,3775,16211,5387,25373,22639,47.1527951345497
RET-10433,2025-12-27,Retail,San Bernardo,Rancagua,3.733,26267,2294,8248,4516,15058,11209,42.673316328472986
RET-12562,2025-12-27,Retail,San Bernardo,Temuco,2.194,23160,1556,9283,2557,13396,9764,42.158894645941281
RET-10089,2025-12-29,Retail,San Bernardo,La Serena,1.997,17915,1226,6074,2085,9385,8530,47.6137315099079
RET-10277,2025-12-29,Retail,San Bernardo,Temuco,5.096,53988,3437,21504,5434,30375,23613,43.7374972216048
RET-11730,2025-12-29,Retail,San Bernardo,La Serena,5.198,46641,3601,17351,5169,26121,20520,43.995626165819772
RET-11954,2025-12-29,Retail,San Bernardo,Rancagua,3.557,25181,2420,7630,3727,13777,11404,45.288114054247252
RET-10588,2025-12-30,Retail,San Bernardo,Puerto Montt,1.994,23317,1338,10043,2297,13678,9639,41.338937256079255
RET-11339,2025-12-30,Retail,San Bernardo,Concepción,4.434,40443,3104,14388,4657,22149,18294,45.234033083599137
RET-11514,2025-12-30,Retail,San Bernardo,La Serena,5.254,47507,3368,17527,5243,26138,21369,44.98073968046814
RET-13340,2025-12-30,Retail,San Bernardo,La Serena,1.46,12976,956,4888,1454,7298,5678,43.7577065351418
RET-11270,2025-12-31,Retail,San Bernardo,Rancagua,1.285,9129,854,2771,1430,5055,4074,44.627012816299704
RET-12124,2025-12-31,Retail,San Bernardo,Rancagua,1.107,7714,744,2382,1332,4458,3256,42.208970702618615
